

================================================================
== Synthesis Summary Report of 'decode'
================================================================
+ General Information: 
    * Date:           Tue Aug 18 00:37:36 2026
    * Version:        2025.2 (Build 6295257 on Nov 14 2025)
    * Project:        work
    * Solution:       hls (Vitis Kernel Flow Target)
    * Product family: zynquplus
    * Target device:  xck26-sfvc784-2LV-c
    

* Performance & Resource Estimates: 
+----------------------------------------------------------------------------------------+--------+---------------------+-----------+------------+----------+----------+------------+-----------+-------+-----------+-----------+-------------+-------------+----------+
|                                         Modules                                        |  Issue |                     | Iteration |            |   Trip   |          |         Latency        |       |           |           |             |             |          |
|                                         & Loops                                        |  Type  |    Violation Type   |  Latency  |  Interval  |   Count  | Pipelined|  (cycles)  |    (ns)   | Slack |   BRAM    |    DSP    |      FF     |     LUT     |   URAM   |
+----------------------------------------------------------------------------------------+--------+---------------------+-----------+------------+----------+----------+------------+-----------+-------+-----------+-----------+-------------+-------------+----------+
|+ decode*                                                                               |  Timing|                    -|          -|           -|         -|  dataflow|           -|          -|  -0.30|  178 (61%)|  292 (23%)|  75383 (32%)|  81913 (69%)|  32 (50%)|
| + p_anonymous_namespace_controller                                                     |       -|                    -|          -|          37|         -|        no|          37|    246.679|   2.51|          -|          -|     50 (~0%)|    382 (~0%)|         -|
|  + p_anonymous_namespace_controller_Pipeline_VITIS_LOOP_756_1                          |       -|                    -|          -|           -|         -|       yes|          33|    220.011|   2.51|          -|          -|     11 (~0%)|    213 (~0%)|         -|
|   o VITIS_LOOP_756_1                                                                   |      II|  Resource Limitation|          4|           4|         8|       yes|          31|    206.677|   4.87|          -|          -|            -|            -|         -|
| + p_anonymous_namespace_memory_process                                                 |       -|                    -|          -|    20162731|         -|        no|    20162731|  1.344e+08|   0.00|          -|    4 (~0%)|    7453 (3%)|    7907 (6%)|         -|
|  o VITIS_LOOP_875_1                                                                    |       -|                    -|     576078|           -|        35|        no|    20162730|  1.344e+08|   4.87|          -|          -|            -|            -|         -|
|   + p_anonymous_namespace_memory_process_Pipeline_VITIS_LOOP_836_147                   |       -|                    -|          -|           -|         -|       yes|      576003|  3.840e+06|   0.00|          -|          -|    538 (~0%)|    160 (~0%)|         -|
|    o VITIS_LOOP_836_1                                                                  |       -|                    -|          6|           4|    144000|       yes|      576001|  3.840e+06|   4.87|          -|          -|            -|            -|         -|
|   + p_anonymous_namespace_memory_process_Pipeline_VITIS_LOOP_836_146                   |       -|                    -|          -|           -|         -|       yes|       13827|  9.218e+04|   0.00|          -|          -|    532 (~0%)|    148 (~0%)|         -|
|    o VITIS_LOOP_836_1                                                                  |       -|                    -|          6|           4|      3456|       yes|       13825|  9.217e+04|   4.87|          -|          -|            -|            -|         -|
|   + p_anonymous_namespace_memory_process_Pipeline_VITIS_LOOP_836_145                   |       -|                    -|          -|           -|         -|       yes|       27651|  1.843e+05|   0.00|          -|          -|    533 (~0%)|    150 (~0%)|         -|
|    o VITIS_LOOP_836_1                                                                  |       -|                    -|          6|           4|      6912|       yes|       27649|  1.843e+05|   4.87|          -|          -|            -|            -|         -|
|   + p_anonymous_namespace_memory_process_Pipeline_VITIS_LOOP_836_1                     |       -|                    -|          -|           -|         -|       yes|       23043|  1.536e+05|   0.00|          -|          -|    533 (~0%)|    150 (~0%)|         -|
|    o VITIS_LOOP_836_1                                                                  |       -|                    -|          6|           4|      5760|       yes|       23041|  1.536e+05|   4.87|          -|          -|            -|            -|         -|
|   + p_anonymous_namespace_memory_process_Pipeline_VITIS_LOOP_319_139                   |       -|                    -|          -|           -|         -|       yes|         259|  1.727e+03|   0.00|          -|          -|    242 (~0%)|    127 (~0%)|         -|
|    o VITIS_LOOP_319_1                                                                  |       -|                    -|          3|           1|       256|       yes|         257|  1.713e+03|   4.87|          -|          -|            -|            -|         -|
|   + p_anonymous_namespace_memory_process_Pipeline_VITIS_LOOP_319_140                   |       -|                    -|          -|           -|         -|       yes|         259|  1.727e+03|   0.00|          -|          -|    242 (~0%)|    127 (~0%)|         -|
|    o VITIS_LOOP_319_1                                                                  |       -|                    -|          3|           1|       256|       yes|         257|  1.713e+03|   4.87|          -|          -|            -|            -|         -|
|   + p_anonymous_namespace_memory_process_Pipeline_VITIS_LOOP_319_141                   |       -|                    -|          -|           -|         -|       yes|        4099|  2.733e+04|   0.00|          -|          -|    246 (~0%)|    135 (~0%)|         -|
|    o VITIS_LOOP_319_1                                                                  |       -|                    -|          3|           1|      4096|       yes|        4097|  2.731e+04|   4.87|          -|          -|            -|            -|         -|
|   + p_anonymous_namespace_memory_process_Pipeline_VITIS_LOOP_319_142                   |       -|                    -|          -|           -|         -|       yes|          19|    126.673|   0.00|          -|          -|    238 (~0%)|    119 (~0%)|         -|
|    o VITIS_LOOP_319_1                                                                  |       -|                    -|          3|           1|        16|       yes|          17|    113.339|   4.87|          -|          -|            -|            -|         -|
|   + p_anonymous_namespace_memory_process_Pipeline_VITIS_LOOP_319_143                   |       -|                    -|          -|           -|         -|       yes|        3075|  2.050e+04|   0.00|          -|          -|    245 (~0%)|    132 (~0%)|         -|
|    o VITIS_LOOP_319_1                                                                  |       -|                    -|          3|           1|      3072|       yes|        3073|  2.049e+04|   4.87|          -|          -|            -|            -|         -|
|   + p_anonymous_namespace_memory_process_Pipeline_VITIS_LOOP_319_144                   |       -|                    -|          -|           -|         -|       yes|          35|    233.345|   0.00|          -|          -|    239 (~0%)|    121 (~0%)|         -|
|    o VITIS_LOOP_319_1                                                                  |       -|                    -|          3|           1|        32|       yes|          33|    220.011|   4.87|          -|          -|            -|            -|         -|
|   + p_anonymous_namespace_memory_process_Outline_VITIS_LOOP_850_1                      |       -|                    -|          -|        1001|         -|        no|        1001|  6.674e+03|   0.00|          -|    3 (~0%)|   1604 (~0%)|    1217 (1%)|         -|
|    o VITIS_LOOP_850_1                                                                  |       -|                    -|        125|           -|         8|        no|        1000|  6.667e+03|   4.87|          -|          -|            -|            -|         -|
|     + p_anonymous_namespace_memory_process_Pipeline_VITIS_LOOP_856_2                   |       -|                    -|          -|           -|         -|       yes|          43|    286.681|   0.41|          -|    3 (~0%)|    242 (~0%)|    352 (~0%)|         -|
|      o VITIS_LOOP_856_2                                                                |       -|                    -|         11|           1|        32|       yes|          41|    273.347|   4.87|          -|          -|            -|            -|         -|
|   + p_anonymous_namespace_memory_process_Pipeline_VITIS_LOOP_319_1                     |       -|                    -|          -|           -|         -|       yes|         259|  1.727e+03|   0.00|          -|          -|    242 (~0%)|    127 (~0%)|         -|
|    o VITIS_LOOP_319_1                                                                  |       -|                    -|          3|           1|       256|       yes|         257|  1.713e+03|   4.87|          -|          -|            -|            -|         -|
| + p_anonymous_namespace_scratch_process                                                |       -|                    -|          -|           -|         -|        no|           -|          -|   0.11|          -|          -|    147 (~0%)|    613 (~0%)|  24 (37%)|
|  o VITIS_LOOP_913_1                                                                    |       -|                    -|          -|           -|        24|        no|           -|          -|   4.87|          -|          -|            -|            -|         -|
|   + p_anonymous_namespace_scratch_process_Pipeline_VITIS_LOOP_922_3                    |       -|                    -|          -|           -|         -|       yes|           -|          -|   1.79|          -|          -|     34 (~0%)|    147 (~0%)|         -|
|    o VITIS_LOOP_922_3                                                                  |       -|                    -|          2|           1|         -|       yes|           -|          -|   4.87|          -|          -|            -|            -|         -|
|   + p_anonymous_namespace_scratch_process_Pipeline_VITIS_LOOP_917_2                    |       -|                    -|          -|           -|         -|       yes|           -|          -|   1.79|          -|          -|     48 (~0%)|    147 (~0%)|         -|
|    o VITIS_LOOP_917_2                                                                  |       -|                    -|          2|           1|         -|       yes|           -|          -|   4.87|          -|          -|            -|            -|         -|
| + p_anonymous_namespace_beta_process                                                   |  Timing|                    -|          -|       76529|         -|        no|       76529|  5.102e+05|  -0.30|    15 (5%)|    30 (2%)|    5497 (2%)|    7447 (6%)|         -|
|  o VITIS_LOOP_992_1                                                                    |       -|                    -|       9566|           -|         8|        no|       76528|  5.102e+05|   4.87|          -|          -|            -|            -|         -|
|   + p_anonymous_namespace_beta_process_Pipeline_VITIS_LOOP_999_2_VITIS_LOOP_327_1      |       -|                    -|          -|           -|         -|       yes|        2050|  1.367e+04|   1.65|          -|          -|     28 (~0%)|    182 (~0%)|         -|
|    o VITIS_LOOP_999_2_VITIS_LOOP_327_1                                                 |       -|                    -|          2|           1|      2048|       yes|        2048|  1.365e+04|   4.87|          -|          -|            -|            -|         -|
|   + p_anonymous_namespace_beta_process_Pipeline_VITIS_LOOP_1002_3_VITIS_LOOP_327_1     |       -|                    -|          -|           -|         -|       yes|        2050|  1.367e+04|   1.65|          -|          -|     28 (~0%)|    182 (~0%)|         -|
|    o VITIS_LOOP_1002_3_VITIS_LOOP_327_1                                                |       -|                    -|          2|           1|      2048|       yes|        2048|  1.365e+04|   4.87|          -|          -|            -|            -|         -|
|   + p_anonymous_namespace_beta_process_Pipeline_VITIS_LOOP_1005_4                      |       -|                    -|          -|           -|         -|       yes|          10|     66.670|   2.56|          -|          -|     11 (~0%)|     73 (~0%)|         -|
|    o VITIS_LOOP_1005_4                                                                 |       -|                    -|          2|           1|         8|       yes|           8|     53.336|   4.87|          -|          -|            -|            -|         -|
|   + p_anonymous_namespace_beta_process_Pipeline_VITIS_LOOP_1009_5                      |       -|                    -|          -|           -|         -|       yes|          10|     66.670|   2.56|          -|          -|     11 (~0%)|     73 (~0%)|         -|
|    o VITIS_LOOP_1009_5                                                                 |       -|                    -|          2|           1|         8|       yes|           8|     53.336|   4.87|          -|          -|            -|            -|         -|
|   + p_anonymous_namespace_beta_process_Pipeline_VITIS_LOOP_327_1                       |       -|                    -|          -|           -|         -|       yes|         258|  1.720e+03|   1.98|          -|          -|     21 (~0%)|     82 (~0%)|         -|
|    o VITIS_LOOP_327_1                                                                  |       -|                    -|          2|           1|       256|       yes|         256|  1.707e+03|   4.87|          -|          -|            -|            -|         -|
|   o VITIS_LOOP_1014_6                                                                  |       -|                    -|        647|           -|         8|        no|        5176|  3.451e+04|   4.87|          -|          -|            -|            -|         -|
|    + p_anonymous_namespace_beta_process_Pipeline_VITIS_LOOP_572_2                      |       -|                    -|          -|           -|         -|       yes|         269|  1.793e+03|   0.06|          -|          -|    454 (~0%)|    340 (~0%)|         -|
|     o VITIS_LOOP_572_2                                                                 |       -|                    -|         13|           1|       256|       yes|         267|  1.780e+03|   4.87|          -|          -|            -|            -|         -|
|    + p_anonymous_namespace_beta_process_Pipeline_VITIS_LOOP_572_260                    |       -|                    -|          -|           -|         -|       yes|         269|  1.793e+03|   0.06|          -|          -|    454 (~0%)|    340 (~0%)|         -|
|     o VITIS_LOOP_572_2                                                                 |       -|                    -|         13|           1|       256|       yes|         267|  1.780e+03|   4.87|          -|          -|            -|            -|         -|
|    + log_generic_float_s                                                               |       -|                    -|          -|           1|         -|       yes|           8|     53.336|   0.22|     6 (2%)|    8 (~0%)|   1630 (~0%)|    2193 (1%)|         -|
| + p_anonymous_namespace_weight_router                                                  |       -|                    -|          -|           -|         -|        no|           -|          -|   1.19|          -|          -|    121 (~0%)|    402 (~0%)|         -|
|  o VITIS_LOOP_935_1                                                                    |       -|                    -|          -|           -|        33|        no|           -|          -|   4.87|          -|          -|            -|            -|         -|
|   + p_anonymous_namespace_weight_router_Pipeline_VITIS_LOOP_944_3                      |       -|                    -|          -|           -|         -|       yes|           -|          -|   1.19|          -|          -|     34 (~0%)|    137 (~0%)|         -|
|    o VITIS_LOOP_944_3                                                                  |       -|                    -|          2|           1|         -|       yes|           -|          -|   4.87|          -|          -|            -|            -|         -|
|   + p_anonymous_namespace_weight_router_Pipeline_VITIS_LOOP_939_2                      |       -|                    -|          -|           -|         -|       yes|           -|          -|   1.19|          -|          -|     34 (~0%)|    137 (~0%)|         -|
|    o VITIS_LOOP_939_2                                                                  |       -|                    -|          2|           1|         -|       yes|           -|          -|   4.87|          -|          -|            -|            -|         -|
| + p_anonymous_namespace_q8_process                                                     |       -|                    -|          -|  4979481904|         -|        no|  4979481904|  3.320e+10|   0.41|    12 (4%)|    57 (4%)|    8265 (3%)|    7231 (6%)|         -|
|  o VITIS_LOOP_960_1                                                                    |       -|                    -|  150893391|           -|        33|        no|  4979481903|  3.320e+10|   4.87|          -|          -|            -|            -|         -|
|   + p_anonymous_namespace_q8_process_Pipeline_VITIS_LOOP_556_1                         |       -|                    -|          -|           -|         -|       yes|         257|  1.713e+03|   1.87|          -|          -|     19 (~0%)|     79 (~0%)|         -|
|    o VITIS_LOOP_556_1                                                                  |       -|                    -|          2|           1|       255|       yes|         255|  1.700e+03|   4.87|          -|          -|            -|            -|         -|
|   o VITIS_LOOP_969_2                                                                   |       -|                    -|   18861641|           -|         8|        no|   150893128|  1.006e+09|   4.87|          -|          -|            -|            -|         -|
|    + p_anonymous_namespace_q8_process_Pipeline_VITIS_LOOP_368_2                        |       -|                    -|          -|           -|         -|       yes|    18796082|  1.253e+08|   0.41|          -|    56 (4%)|    7847 (3%)|    5666 (4%)|         -|
|     o VITIS_LOOP_368_2                                                                 |       -|                    -|         32|           1|  18796050|       yes|    18796080|  1.253e+08|   4.87|          -|          -|            -|            -|         -|
|    + p_anonymous_namespace_q8_process_Pipeline_VITIS_LOOP_452_4                        |       -|                    -|          -|           -|         -|       yes|          16|    106.672|   0.93|          -|          -|    169 (~0%)|    375 (~0%)|         -|
|     o VITIS_LOOP_452_4                                                                 |      II|    Memory Dependency|          2|           2|         7|       yes|          14|     93.338|   4.87|          -|          -|            -|            -|         -|
|    + p_anonymous_namespace_q8_process_Pipeline_VITIS_LOOP_319_16                       |       -|                    -|          -|           -|         -|       yes|        1538|  1.025e+04|   1.53|          -|          -|     15 (~0%)|    117 (~0%)|         -|
|     o VITIS_LOOP_319_1                                                                 |       -|                    -|          2|           1|      1536|       yes|        1536|  1.024e+04|   4.87|          -|          -|            -|            -|         -|
|    + p_anonymous_namespace_q8_process_Pipeline_VITIS_LOOP_319_15                       |       -|                    -|          -|           -|         -|       yes|         258|  1.720e+03|   1.53|          -|          -|     13 (~0%)|    114 (~0%)|         -|
|     o VITIS_LOOP_319_1                                                                 |       -|                    -|          2|           1|       256|       yes|         256|  1.707e+03|   4.87|          -|          -|            -|            -|         -|
|    + p_anonymous_namespace_q8_process_Pipeline_VITIS_LOOP_319_1                        |       -|                    -|          -|           -|         -|       yes|       65537|  4.369e+05|   1.53|          -|          -|     20 (~0%)|    127 (~0%)|         -|
|     o VITIS_LOOP_319_1                                                                 |       -|                    -|          2|           1|     65535|       yes|       65535|  4.369e+05|   4.87|          -|          -|            -|            -|         -|
|    + p_anonymous_namespace_q8_process_Pipeline_VITIS_LOOP_319_17                       |       -|                    -|          -|           -|         -|       yes|         258|  1.720e+03|   1.53|          -|          -|     13 (~0%)|    114 (~0%)|         -|
|     o VITIS_LOOP_319_1                                                                 |       -|                    -|          2|           1|       256|       yes|         256|  1.707e+03|   4.87|          -|          -|            -|            -|         -|
| + p_anonymous_namespace_conv_process                                                   |       -|                    -|          -|       59772|         -|        no|       59772|  3.985e+05|   0.01|   49 (17%)|    35 (2%)|    6629 (2%)|    9581 (8%)|         -|
|  + p_anonymous_namespace_conv_process_Pipeline_VITIS_LOOP_1037_1                       |       -|                    -|          -|           -|         -|       yes|          10|     66.670|   3.22|          -|          -|      6 (~0%)|     51 (~0%)|         -|
|   o VITIS_LOOP_1037_1                                                                  |       -|                    -|          1|           1|         8|       yes|           8|     53.336|   4.87|          -|          -|            -|            -|         -|
|  o VITIS_LOOP_1046_3                                                                   |       -|                    -|       7470|           -|         8|        no|       59760|  3.984e+05|   4.87|          -|          -|            -|            -|         -|
|   + p_anonymous_namespace_conv_process_Pipeline_VITIS_LOOP_1049_4_VITIS_LOOP_1050_5_V  |       -|                    -|          -|           -|         -|       yes|        3074|  2.049e+04|   1.27|          -|          -|     42 (~0%)|    274 (~0%)|         -|
|    o VITIS_LOOP_1049_4_VITIS_LOOP_1050_5_VITIS_LOOP_1051_6                             |       -|                    -|          2|           1|      3072|       yes|        3072|  2.048e+04|   4.87|          -|          -|            -|            -|         -|
|   o VITIS_LOOP_1057_7                                                                  |       -|                    -|        549|           -|         8|        no|        4392|  2.928e+04|   4.87|          -|          -|            -|            -|         -|
|    + p_anonymous_namespace_conv_process_Pipeline_VITIS_LOOP_327_1                      |       -|                    -|          -|           -|         -|       yes|          34|    226.678|   1.98|          -|          -|     15 (~0%)|     76 (~0%)|         -|
|     o VITIS_LOOP_327_1                                                                 |       -|                    -|          2|           1|        32|       yes|          32|    213.344|   4.87|          -|          -|            -|            -|         -|
|    + p_anonymous_namespace_conv_process_Pipeline_VITIS_LOOP_327_148                    |       -|                    -|          -|           -|         -|       yes|          34|    226.678|   1.98|          -|          -|     15 (~0%)|     76 (~0%)|         -|
|     o VITIS_LOOP_327_1                                                                 |       -|                    -|          2|           1|        32|       yes|          32|    213.344|   4.87|          -|          -|            -|            -|         -|
|    + p_anonymous_namespace_conv_process_Pipeline_VITIS_LOOP_586_1                      |       -|                    -|          -|           -|         -|       yes|          53|    353.351|   0.01|          -|          -|    353 (~0%)|    208 (~0%)|         -|
|     o VITIS_LOOP_586_1                                                                 |       -|                    -|         21|           1|        32|       yes|          51|    340.017|   4.87|          -|          -|            -|            -|         -|
|    + p_anonymous_namespace_conv_process_Pipeline_VITIS_LOOP_327_149                    |       -|                    -|          -|           -|         -|       yes|          34|    226.678|   1.98|          -|          -|     15 (~0%)|     76 (~0%)|         -|
|     o VITIS_LOOP_327_1                                                                 |       -|                    -|          2|           1|        32|       yes|          32|    213.344|   4.87|          -|          -|            -|            -|         -|
|    + p_anonymous_namespace_conv_process_Pipeline_VITIS_LOOP_601_2                      |       -|                    -|          -|           -|         -|       yes|          66|    440.022|   0.04|          -|          -|    366 (~0%)|    131 (~0%)|         -|
|     o VITIS_LOOP_601_2                                                                 |       -|                    -|         34|           1|        32|       yes|          64|    426.688|   4.87|          -|          -|            -|            -|         -|
|    + p_anonymous_namespace_conv_process_Pipeline_VITIS_LOOP_586_151                    |       -|                    -|          -|           -|         -|       yes|          53|    353.351|   0.01|          -|          -|    353 (~0%)|    208 (~0%)|         -|
|     o VITIS_LOOP_586_1                                                                 |       -|                    -|         21|           1|        32|       yes|          51|    340.017|   4.87|          -|          -|            -|            -|         -|
|    + p_anonymous_namespace_conv_process_Pipeline_VITIS_LOOP_327_150                    |       -|                    -|          -|           -|         -|       yes|          34|    226.678|   1.98|          -|          -|     15 (~0%)|     76 (~0%)|         -|
|     o VITIS_LOOP_327_1                                                                 |       -|                    -|          2|           1|        32|       yes|          32|    213.344|   4.87|          -|          -|            -|            -|         -|
|    + p_anonymous_namespace_conv_process_Pipeline_VITIS_LOOP_601_252                    |       -|                    -|          -|           -|         -|       yes|          66|    440.022|   0.04|          -|          -|    366 (~0%)|    131 (~0%)|         -|
|     o VITIS_LOOP_601_2                                                                 |       -|                    -|         34|           1|        32|       yes|          64|    426.688|   4.87|          -|          -|            -|            -|         -|
|    + p_anonymous_namespace_conv_process_Pipeline_VITIS_LOOP_586_153                    |       -|                    -|          -|           -|         -|       yes|          53|    353.351|   0.01|          -|          -|    353 (~0%)|    208 (~0%)|         -|
|     o VITIS_LOOP_586_1                                                                 |       -|                    -|         21|           1|        32|       yes|          51|    340.017|   4.87|          -|          -|            -|            -|         -|
|    + p_anonymous_namespace_conv_process_Pipeline_VITIS_LOOP_614_2                      |       -|                    -|          -|           -|         -|       yes|          45|    300.015|   0.06|          -|    3 (~0%)|    602 (~0%)|    461 (~0%)|         -|
|     o VITIS_LOOP_614_2                                                                 |       -|                    -|         13|           1|        32|       yes|          43|    286.681|   4.87|          -|          -|            -|            -|         -|
|    + p_anonymous_namespace_conv_process_Pipeline_VITIS_LOOP_601_254                    |       -|                    -|          -|           -|         -|       yes|          66|    440.022|   0.04|          -|          -|    366 (~0%)|    131 (~0%)|         -|
|     o VITIS_LOOP_601_2                                                                 |       -|                    -|         34|           1|        32|       yes|          64|    426.688|   4.87|          -|          -|            -|            -|         -|
|    + p_anonymous_namespace_conv_process_Pipeline_VITIS_LOOP_621_3                      |       -|                    -|          -|           -|         -|       yes|          38|    253.346|   0.46|          -|          -|     86 (~0%)|     97 (~0%)|         -|
|     o VITIS_LOOP_621_3                                                                 |       -|                    -|          6|           1|        32|       yes|          36|    240.012|   4.87|          -|          -|            -|            -|         -|
|    + p_anonymous_namespace_conv_process_Pipeline_VITIS_LOOP_614_255                    |       -|                    -|          -|           -|         -|       yes|          45|    300.015|   0.06|          -|          -|    451 (~0%)|    316 (~0%)|         -|
|     o VITIS_LOOP_614_2                                                                 |       -|                    -|         13|           1|        32|       yes|          43|    286.681|   4.87|          -|          -|            -|            -|         -|
|    + p_anonymous_namespace_conv_process_Pipeline_VITIS_LOOP_621_356                    |       -|                    -|          -|           -|         -|       yes|          38|    253.346|   0.46|          -|          -|     86 (~0%)|     97 (~0%)|         -|
|     o VITIS_LOOP_621_3                                                                 |       -|                    -|          6|           1|        32|       yes|          36|    240.012|   4.87|          -|          -|            -|            -|         -|
|    + p_anonymous_namespace_conv_process_Pipeline_VITIS_LOOP_319_1                      |       -|                    -|          -|           -|         -|       yes|          34|    226.678|   1.98|          -|          -|      9 (~0%)|     76 (~0%)|         -|
|     o VITIS_LOOP_319_1                                                                 |       -|                    -|          2|           1|        32|       yes|          32|    213.344|   4.87|          -|          -|            -|            -|         -|
|    + p_anonymous_namespace_conv_process_Pipeline_VITIS_LOOP_319_157                    |       -|                    -|          -|           -|         -|       yes|          34|    226.678|   1.98|          -|          -|      9 (~0%)|     76 (~0%)|         -|
|     o VITIS_LOOP_319_1                                                                 |       -|                    -|          2|           1|        32|       yes|          32|    213.344|   4.87|          -|          -|            -|            -|         -|
|    + p_anonymous_namespace_conv_process_Pipeline_VITIS_LOOP_319_158                    |       -|                    -|          -|           -|         -|       yes|          34|    226.678|   1.98|          -|          -|      9 (~0%)|     76 (~0%)|         -|
|     o VITIS_LOOP_319_1                                                                 |       -|                    -|          2|           1|        32|       yes|          32|    213.344|   4.87|          -|          -|            -|            -|         -|
|    + p_anonymous_namespace_conv_process_Pipeline_VITIS_LOOP_319_159                    |       -|                    -|          -|           -|         -|       yes|          34|    226.678|   1.98|          -|          -|      9 (~0%)|     76 (~0%)|         -|
|     o VITIS_LOOP_319_1                                                                 |       -|                    -|          2|           1|        32|       yes|          32|    213.344|   4.87|          -|          -|            -|            -|         -|
| + p_anonymous_namespace_rec_process                                                    |       -|                    -|          -|       67196|         -|        no|       67196|  4.480e+05|   0.01|     7 (2%)|   121 (9%)|  27131 (11%)|  22790 (19%)|   8 (12%)|
|  + p_anonymous_namespace_rec_process_Pipeline_VITIS_LOOP_1097_1                        |       -|                    -|          -|           -|         -|       yes|          10|     66.670|   3.22|          -|          -|      6 (~0%)|     51 (~0%)|         -|
|   o VITIS_LOOP_1097_1                                                                  |       -|                    -|          1|           1|         8|       yes|           8|     53.336|   4.87|          -|          -|            -|            -|         -|
|  o VITIS_LOOP_1105_3                                                                   |       -|                    -|       8398|           -|         8|        no|       67184|  4.479e+05|   4.87|          -|          -|            -|            -|         -|
|   + p_anonymous_namespace_rec_process_Pipeline_VITIS_LOOP_327_1                        |       -|                    -|          -|           -|         -|       yes|          34|    226.678|   2.00|          -|          -|     15 (~0%)|     76 (~0%)|         -|
|    o VITIS_LOOP_327_1                                                                  |       -|                    -|          2|           1|        32|       yes|          32|    213.344|   4.87|          -|          -|            -|            -|         -|
|   o VITIS_LOOP_1109_4                                                                  |       -|                    -|       1045|           -|         8|        no|        8360|  5.574e+04|   4.87|          -|          -|            -|            -|         -|
|    + p_anonymous_namespace_rec_process_Pipeline_VITIS_LOOP_327_11                      |       -|                    -|          -|           -|         -|       yes|          34|    226.678|   1.98|          -|          -|     15 (~0%)|     76 (~0%)|         -|
|     o VITIS_LOOP_327_1                                                                 |       -|                    -|          2|           1|        32|       yes|          32|    213.344|   4.87|          -|          -|            -|            -|         -|
|    + p_anonymous_namespace_rec_process_Pipeline_VITIS_LOOP_327_12                      |       -|                    -|          -|           -|         -|       yes|          34|    226.678|   1.98|          -|          -|     15 (~0%)|     76 (~0%)|         -|
|     o VITIS_LOOP_327_1                                                                 |       -|                    -|          2|           1|        32|       yes|          32|    213.344|   4.87|          -|          -|            -|            -|         -|
|    + p_anonymous_namespace_rec_process_Pipeline_VITIS_LOOP_327_13                      |       -|                    -|          -|           -|         -|       yes|          34|    226.678|   1.98|          -|          -|     15 (~0%)|     76 (~0%)|         -|
|     o VITIS_LOOP_327_1                                                                 |       -|                    -|          2|           1|        32|       yes|          32|    213.344|   4.87|          -|          -|            -|            -|         -|
|    + p_anonymous_namespace_rec_process_Pipeline_VITIS_LOOP_327_14                      |       -|                    -|          -|           -|         -|       yes|          34|    226.678|   1.98|          -|          -|     15 (~0%)|     76 (~0%)|         -|
|     o VITIS_LOOP_327_1                                                                 |       -|                    -|          2|           1|        32|       yes|          32|    213.344|   4.87|          -|          -|            -|            -|         -|
|    + p_anonymous_namespace_rec_process_Outline_VITIS_LOOP_636_1                        |       -|                    -|          -|         293|         -|        no|         293|  1.953e+03|   0.01|          -|    32 (2%)|   10088 (4%)|    6907 (5%)|         -|
|     o VITIS_LOOP_636_1                                                                 |       -|                    -|         73|           -|         4|        no|         292|  1.947e+03|   4.87|          -|          -|            -|            -|         -|
|      + p_anonymous_namespace_rec_process_Pipeline_VITIS_LOOP_640_2                     |       -|                    -|          -|           -|         -|       yes|          50|    333.350|   0.01|          -|          -|    3111 (1%)|    2041 (1%)|         -|
|       o VITIS_LOOP_640_2                                                               |       -|                    -|         18|           1|        32|       yes|          48|    320.016|   4.87|          -|          -|            -|            -|         -|
|    + p_anonymous_namespace_rec_process_Pipeline_VITIS_LOOP_662_5                       |       -|                    -|          -|           -|         -|       yes|          46|    306.682|   0.78|          -|          -|   1383 (~0%)|    309 (~0%)|         -|
|     o VITIS_LOOP_662_5                                                                 |       -|                    -|         14|           1|        32|       yes|          44|    293.348|   4.87|          -|          -|            -|            -|         -|
|    + p_anonymous_namespace_rec_process_Outline_VITIS_LOOP_667_6                        |       -|                    -|          -|         337|         -|        no|         337|  2.247e+03|   0.06|          -|          -|    5020 (2%)|    3187 (2%)|         -|
|     o VITIS_LOOP_667_6                                                                 |       -|                    -|         84|           -|         4|        no|         336|  2.240e+03|   4.87|          -|          -|            -|            -|         -|
|      + p_anonymous_namespace_rec_process_Pipeline_VITIS_LOOP_671_7                     |       -|                    -|          -|           -|         -|       yes|          57|    380.019|   0.06|          -|          -|    3706 (1%)|    1817 (1%)|         -|
|       o VITIS_LOOP_671_7                                                               |       -|                    -|         25|           1|        32|       yes|          55|    366.685|   4.87|          -|          -|            -|            -|         -|
|    + p_anonymous_namespace_rec_process_Pipeline_VITIS_LOOP_703_2                       |       -|                    -|          -|           -|         -|       yes|          45|    300.015|   0.06|          -|          -|    451 (~0%)|    316 (~0%)|         -|
|     o VITIS_LOOP_703_2                                                                 |       -|                    -|         13|           1|        32|       yes|          43|    286.681|   4.87|          -|          -|            -|            -|         -|
|    + p_anonymous_namespace_rec_process_Pipeline_VITIS_LOOP_712_3                       |       -|                    -|          -|           -|         -|       yes|          76|    506.692|   0.04|          -|    9 (~0%)|   1067 (~0%)|    1305 (1%)|         -|
|     o VITIS_LOOP_712_3                                                                 |       -|                    -|         44|           1|        32|       yes|          74|    493.358|   4.87|          -|          -|            -|            -|         -|
|    + p_anonymous_namespace_rec_process_Pipeline_VITIS_LOOP_319_1                       |       -|                    -|          -|           -|         -|       yes|          34|    226.678|   2.08|          -|          -|      9 (~0%)|     76 (~0%)|         -|
|     o VITIS_LOOP_319_1                                                                 |       -|                    -|          2|           1|        32|       yes|          32|    213.344|   4.87|          -|          -|            -|            -|         -|
| + p_anonymous_namespace_post_process                                                   |       -|                    -|          -|       91052|         -|        no|       91052|  6.070e+05|   0.04|    19 (6%)|    45 (3%)|   14628 (6%)|  21392 (18%)|         -|
|  + p_anonymous_namespace_post_process_Pipeline_VITIS_LOOP_327_1                        |       -|                    -|          -|           -|         -|       yes|         258|  1.720e+03|   1.98|          -|          -|     21 (~0%)|     82 (~0%)|         -|
|   o VITIS_LOOP_327_1                                                                   |       -|                    -|          2|           1|       256|       yes|         256|  1.707e+03|   4.87|          -|          -|            -|            -|         -|
|  + p_anonymous_namespace_post_process_Pipeline_VITIS_LOOP_327_132                      |       -|                    -|          -|           -|         -|       yes|         258|  1.720e+03|   1.98|          -|          -|     21 (~0%)|     82 (~0%)|         -|
|   o VITIS_LOOP_327_1                                                                   |       -|                    -|          2|           1|       256|       yes|         256|  1.707e+03|   4.87|          -|          -|            -|            -|         -|
|  + p_anonymous_namespace_post_process_Pipeline_VITIS_LOOP_475_233                      |       -|                    -|          -|           -|         -|       yes|         269|  1.793e+03|   0.06|          -|          -|    454 (~0%)|    322 (~0%)|         -|
|   o VITIS_LOOP_475_2                                                                   |       -|                    -|         13|           1|       256|       yes|         267|  1.780e+03|   4.87|          -|          -|            -|            -|         -|
|  + p_anonymous_namespace_post_process_Pipeline_VITIS_LOOP_484_334                      |       -|                    -|          -|           -|         -|       yes|         267|  1.780e+03|   0.46|          -|          -|    135 (~0%)|    103 (~0%)|         -|
|   o VITIS_LOOP_484_3                                                                   |       -|                    -|         11|           1|       256|       yes|         265|  1.767e+03|   4.87|          -|          -|            -|            -|         -|
|  + p_anonymous_namespace_post_process_Pipeline_VITIS_LOOP_545_138                      |       -|                    -|          -|           -|         -|       yes|          10|     66.670|   1.87|          -|          -|      7 (~0%)|     73 (~0%)|         -|
|   o VITIS_LOOP_545_1                                                                   |       -|                    -|          2|           1|         8|       yes|           8|     53.336|   4.87|          -|          -|            -|            -|         -|
|  o VITIS_LOOP_1150_1                                                                   |       -|                    -|      11149|           -|         8|        no|       89192|  5.946e+05|   4.87|          -|          -|            -|            -|         -|
|   + p_anonymous_namespace_post_process_Pipeline_VITIS_LOOP_327_18                      |       -|                    -|          -|           -|         -|       yes|         258|  1.720e+03|   1.98|          -|          -|     21 (~0%)|     82 (~0%)|         -|
|    o VITIS_LOOP_327_1                                                                  |       -|                    -|          2|           1|       256|       yes|         256|  1.707e+03|   4.87|          -|          -|            -|            -|         -|
|   + p_anonymous_namespace_post_process_Pipeline_VITIS_LOOP_475_2                       |       -|                    -|          -|           -|         -|       yes|         269|  1.793e+03|   0.06|          -|          -|    454 (~0%)|    322 (~0%)|         -|
|    o VITIS_LOOP_475_2                                                                  |       -|                    -|         13|           1|       256|       yes|         267|  1.780e+03|   4.87|          -|          -|            -|            -|         -|
|   + p_anonymous_namespace_post_process_Pipeline_VITIS_LOOP_484_3                       |       -|                    -|          -|           -|         -|       yes|         267|  1.780e+03|   0.46|          -|          -|    135 (~0%)|    103 (~0%)|         -|
|    o VITIS_LOOP_484_3                                                                  |       -|                    -|         11|           1|       256|       yes|         265|  1.767e+03|   4.87|          -|          -|            -|            -|         -|
|   + p_anonymous_namespace_post_process_Outline_VITIS_LOOP_538_1                        |       -|                    -|          -|         993|         -|        no|         993|  6.620e+03|   0.46|          -|          -|   1114 (~0%)|    2095 (1%)|         -|
|    o VITIS_LOOP_538_1                                                                  |       -|                    -|        124|           -|         8|        no|         992|  6.614e+03|   4.87|          -|          -|            -|            -|         -|
|     + p_anonymous_namespace_post_process_Pipeline_VITIS_LOOP_498_2                     |       -|                    -|          -|           -|         -|       yes|          35|    233.345|   0.85|          -|          -|    301 (~0%)|    381 (~0%)|         -|
|      o VITIS_LOOP_498_2                                                                |       -|                    -|          3|           1|        32|       yes|          33|    220.011|   4.87|          -|          -|            -|            -|         -|
|     + p_anonymous_namespace_post_process_Pipeline_VITIS_LOOP_508_3                     |       -|                    -|          -|           -|         -|       yes|          16|    106.672|   0.93|          -|          -|    105 (~0%)|    252 (~0%)|         -|
|      o VITIS_LOOP_508_3                                                                |      II|    Memory Dependency|          2|           2|         7|       yes|          14|     93.338|   4.87|          -|          -|            -|            -|         -|
|     + p_anonymous_namespace_post_process_Pipeline_VITIS_LOOP_524_5                     |       -|                    -|          -|           -|         -|       yes|          41|    273.347|   0.46|          -|          -|    624 (~0%)|   1030 (~0%)|         -|
|      o VITIS_LOOP_524_5                                                                |       -|                    -|          9|           1|        32|       yes|          39|    260.013|   4.87|          -|          -|            -|            -|         -|
|   + p_anonymous_namespace_post_process_Pipeline_VITIS_LOOP_545_1                       |       -|                    -|          -|           -|         -|       yes|          10|     66.670|   1.87|          -|          -|      7 (~0%)|     73 (~0%)|         -|
|    o VITIS_LOOP_545_1                                                                  |       -|                    -|          2|           1|         8|       yes|           8|     53.336|   4.87|          -|          -|            -|            -|         -|
|   + p_anonymous_namespace_post_process_Pipeline_VITIS_LOOP_319_1                       |       -|                    -|          -|           -|         -|       yes|         258|  1.720e+03|   1.98|          -|          -|     12 (~0%)|     82 (~0%)|         -|
|    o VITIS_LOOP_319_1                                                                  |       -|                    -|          2|           1|       256|       yes|         256|  1.707e+03|   4.87|          -|          -|            -|            -|         -|
|   + p_anonymous_namespace_post_process_Pipeline_VITIS_LOOP_1158_2_VITIS_LOOP_327_1     |       -|                    -|          -|           -|         -|       yes|         258|  1.720e+03|   1.68|          -|          -|     22 (~0%)|    164 (~0%)|         -|
|    o VITIS_LOOP_1158_2_VITIS_LOOP_327_1                                                |       -|                    -|          2|           1|       256|       yes|         256|  1.707e+03|   4.87|          -|          -|            -|            -|         -|
|   + p_anonymous_namespace_post_process_Outline_VITIS_LOOP_538_19                       |       -|                    -|          -|         993|         -|        no|         993|  6.620e+03|   0.46|          -|          -|   1114 (~0%)|    2095 (1%)|         -|
|    o VITIS_LOOP_538_1                                                                  |       -|                    -|        124|           -|         8|        no|         992|  6.614e+03|   4.87|          -|          -|            -|            -|         -|
|     + p_anonymous_namespace_post_process_Pipeline_VITIS_LOOP_498_210                   |       -|                    -|          -|           -|         -|       yes|          35|    233.345|   0.85|          -|          -|    301 (~0%)|    381 (~0%)|         -|
|      o VITIS_LOOP_498_2                                                                |       -|                    -|          3|           1|        32|       yes|          33|    220.011|   4.87|          -|          -|            -|            -|         -|
|     + p_anonymous_namespace_post_process_Pipeline_VITIS_LOOP_508_311                   |       -|                    -|          -|           -|         -|       yes|          16|    106.672|   0.93|          -|          -|    105 (~0%)|    252 (~0%)|         -|
|      o VITIS_LOOP_508_3                                                                |      II|    Memory Dependency|          2|           2|         7|       yes|          14|     93.338|   4.87|          -|          -|            -|            -|         -|
|     + p_anonymous_namespace_post_process_Pipeline_VITIS_LOOP_524_512                   |       -|                    -|          -|           -|         -|       yes|          41|    273.347|   0.46|          -|          -|    624 (~0%)|   1030 (~0%)|         -|
|      o VITIS_LOOP_524_5                                                                |       -|                    -|          9|           1|        32|       yes|          39|    260.013|   4.87|          -|          -|            -|            -|         -|
|   + p_anonymous_namespace_post_process_Pipeline_VITIS_LOOP_545_113                     |       -|                    -|          -|           -|         -|       yes|          10|     66.670|   1.87|          -|          -|      7 (~0%)|     73 (~0%)|         -|
|    o VITIS_LOOP_545_1                                                                  |       -|                    -|          2|           1|         8|       yes|           8|     53.336|   4.87|          -|          -|            -|            -|         -|
|   + p_anonymous_namespace_post_process_Pipeline_VITIS_LOOP_327_114                     |       -|                    -|          -|           -|         -|       yes|         258|  1.720e+03|   1.98|          -|          -|     21 (~0%)|     82 (~0%)|         -|
|    o VITIS_LOOP_327_1                                                                  |       -|                    -|          2|           1|       256|       yes|         256|  1.707e+03|   4.87|          -|          -|            -|            -|         -|
|   + p_anonymous_namespace_post_process_Pipeline_VITIS_LOOP_726_1                       |       -|                    -|          -|           -|         -|       yes|         266|  1.773e+03|   0.78|          -|          -|    197 (~0%)|    103 (~0%)|         -|
|    o VITIS_LOOP_726_1                                                                  |       -|                    -|         10|           1|       256|       yes|         264|  1.760e+03|   4.87|          -|          -|            -|            -|         -|
|   + p_anonymous_namespace_post_process_Pipeline_VITIS_LOOP_327_115                     |       -|                    -|          -|           -|         -|       yes|         258|  1.720e+03|   1.98|          -|          -|     21 (~0%)|     82 (~0%)|         -|
|    o VITIS_LOOP_327_1                                                                  |       -|                    -|          2|           1|       256|       yes|         256|  1.707e+03|   4.87|          -|          -|            -|            -|         -|
|   + p_anonymous_namespace_post_process_Pipeline_VITIS_LOOP_475_216                     |       -|                    -|          -|           -|         -|       yes|         269|  1.793e+03|   0.06|          -|          -|    454 (~0%)|    322 (~0%)|         -|
|    o VITIS_LOOP_475_2                                                                  |       -|                    -|         13|           1|       256|       yes|         267|  1.780e+03|   4.87|          -|          -|            -|            -|         -|
|   + p_anonymous_namespace_post_process_Pipeline_VITIS_LOOP_484_317                     |       -|                    -|          -|           -|         -|       yes|         267|  1.780e+03|   0.46|          -|          -|    135 (~0%)|    103 (~0%)|         -|
|    o VITIS_LOOP_484_3                                                                  |       -|                    -|         11|           1|       256|       yes|         265|  1.767e+03|   4.87|          -|          -|            -|            -|         -|
|   + p_anonymous_namespace_post_process_Outline_VITIS_LOOP_538_118                      |       -|                    -|          -|         993|         -|        no|         993|  6.620e+03|   0.46|          -|          -|   1114 (~0%)|    2095 (1%)|         -|
|    o VITIS_LOOP_538_1                                                                  |       -|                    -|        124|           -|         8|        no|         992|  6.614e+03|   4.87|          -|          -|            -|            -|         -|
|     + p_anonymous_namespace_post_process_Pipeline_VITIS_LOOP_498_219                   |       -|                    -|          -|           -|         -|       yes|          35|    233.345|   0.85|          -|          -|    301 (~0%)|    381 (~0%)|         -|
|      o VITIS_LOOP_498_2                                                                |       -|                    -|          3|           1|        32|       yes|          33|    220.011|   4.87|          -|          -|            -|            -|         -|
|     + p_anonymous_namespace_post_process_Pipeline_VITIS_LOOP_508_320                   |       -|                    -|          -|           -|         -|       yes|          16|    106.672|   0.93|          -|          -|    105 (~0%)|    252 (~0%)|         -|
|      o VITIS_LOOP_508_3                                                                |      II|    Memory Dependency|          2|           2|         7|       yes|          14|     93.338|   4.87|          -|          -|            -|            -|         -|
|     + p_anonymous_namespace_post_process_Pipeline_VITIS_LOOP_524_521                   |       -|                    -|          -|           -|         -|       yes|          41|    273.347|   0.46|          -|          -|    624 (~0%)|   1030 (~0%)|         -|
|      o VITIS_LOOP_524_5                                                                |       -|                    -|          9|           1|        32|       yes|          39|    260.013|   4.87|          -|          -|            -|            -|         -|
|   + p_anonymous_namespace_post_process_Pipeline_VITIS_LOOP_545_122                     |       -|                    -|          -|           -|         -|       yes|          10|     66.670|   1.87|          -|          -|      7 (~0%)|     73 (~0%)|         -|
|    o VITIS_LOOP_545_1                                                                  |       -|                    -|          2|           1|         8|       yes|           8|     53.336|   4.87|          -|          -|            -|            -|         -|
|   + p_anonymous_namespace_post_process_Pipeline_VITIS_LOOP_327_123                     |       -|                    -|          -|           -|         -|       yes|         770|  5.134e+03|   1.98|          -|          -|     23 (~0%)|     83 (~0%)|         -|
|    o VITIS_LOOP_327_1                                                                  |       -|                    -|          2|           1|       768|       yes|         768|  5.120e+03|   4.87|          -|          -|            -|            -|         -|
|   + p_anonymous_namespace_post_process_Pipeline_VITIS_LOOP_327_124                     |       -|                    -|          -|           -|         -|       yes|         770|  5.134e+03|   1.98|          -|          -|     23 (~0%)|     83 (~0%)|         -|
|    o VITIS_LOOP_327_1                                                                  |       -|                    -|          2|           1|       768|       yes|         768|  5.120e+03|   4.87|          -|          -|            -|            -|         -|
|   + p_anonymous_namespace_post_process_Pipeline_VITIS_LOOP_719_1                       |       -|                    -|          -|           -|         -|       yes|         807|  5.380e+03|   0.04|          -|    9 (~0%)|    933 (~0%)|    1280 (1%)|         -|
|    o VITIS_LOOP_719_1                                                                  |       -|                    -|         39|           1|       768|       yes|         805|  5.367e+03|   4.87|          -|          -|            -|            -|         -|
|   + p_anonymous_namespace_post_process_Outline_VITIS_LOOP_538_125                      |       -|                    -|          -|        2977|         -|        no|        2977|  1.985e+04|   0.46|          -|          -|   1119 (~0%)|    2099 (1%)|         -|
|    o VITIS_LOOP_538_1                                                                  |       -|                    -|        124|           -|        24|        no|        2976|  1.984e+04|   4.87|          -|          -|            -|            -|         -|
|     + p_anonymous_namespace_post_process_Pipeline_VITIS_LOOP_498_226                   |       -|                    -|          -|           -|         -|       yes|          35|    233.345|   0.85|          -|          -|    301 (~0%)|    383 (~0%)|         -|
|      o VITIS_LOOP_498_2                                                                |       -|                    -|          3|           1|        32|       yes|          33|    220.011|   4.87|          -|          -|            -|            -|         -|
|     + p_anonymous_namespace_post_process_Pipeline_VITIS_LOOP_508_327                   |       -|                    -|          -|           -|         -|       yes|          16|    106.672|   0.93|          -|          -|    105 (~0%)|    252 (~0%)|         -|
|      o VITIS_LOOP_508_3                                                                |      II|    Memory Dependency|          2|           2|         7|       yes|          14|     93.338|   4.87|          -|          -|            -|            -|         -|
|     + p_anonymous_namespace_post_process_Pipeline_VITIS_LOOP_524_528                   |       -|                    -|          -|           -|         -|       yes|          41|    273.347|   0.46|          -|          -|    624 (~0%)|   1032 (~0%)|         -|
|      o VITIS_LOOP_524_5                                                                |       -|                    -|          9|           1|        32|       yes|          39|    260.013|   4.87|          -|          -|            -|            -|         -|
|   + p_anonymous_namespace_post_process_Pipeline_VITIS_LOOP_545_129                     |       -|                    -|          -|           -|         -|       yes|          26|    173.342|   1.87|          -|          -|      8 (~0%)|     73 (~0%)|         -|
|    o VITIS_LOOP_545_1                                                                  |       -|                    -|          2|           1|        24|       yes|          24|    160.008|   4.87|          -|          -|            -|            -|         -|
|   + p_anonymous_namespace_post_process_Pipeline_VITIS_LOOP_327_130                     |       -|                    -|          -|           -|         -|       yes|         258|  1.720e+03|   1.98|          -|          -|     21 (~0%)|     82 (~0%)|         -|
|    o VITIS_LOOP_327_1                                                                  |       -|                    -|          2|           1|       256|       yes|         256|  1.707e+03|   4.87|          -|          -|            -|            -|         -|
|   + p_anonymous_namespace_post_process_Pipeline_VITIS_LOOP_726_131                     |       -|                    -|          -|           -|         -|       yes|         266|  1.773e+03|   0.78|          -|          -|    197 (~0%)|    103 (~0%)|         -|
|    o VITIS_LOOP_726_1                                                                  |       -|                    -|         10|           1|       256|       yes|         264|  1.760e+03|   4.87|          -|          -|            -|            -|         -|
|  o VITIS_LOOP_538_1                                                                    |       -|                    -|        124|           -|         8|        no|         992|  6.614e+03|   4.87|          -|          -|            -|            -|         -|
|   + p_anonymous_namespace_post_process_Pipeline_VITIS_LOOP_498_235                     |       -|                    -|          -|           -|         -|       yes|          35|    233.345|   0.85|          -|          -|    301 (~0%)|    381 (~0%)|         -|
|    o VITIS_LOOP_498_2                                                                  |       -|                    -|          3|           1|        32|       yes|          33|    220.011|   4.87|          -|          -|            -|            -|         -|
|   + p_anonymous_namespace_post_process_Pipeline_VITIS_LOOP_508_336                     |       -|                    -|          -|           -|         -|       yes|          16|    106.672|   0.93|          -|          -|    105 (~0%)|    252 (~0%)|         -|
|    o VITIS_LOOP_508_3                                                                  |      II|    Memory Dependency|          2|           2|         7|       yes|          14|     93.338|   4.87|          -|          -|            -|            -|         -|
|   + p_anonymous_namespace_post_process_Pipeline_VITIS_LOOP_524_537                     |       -|                    -|          -|           -|         -|       yes|          41|    273.347|   0.46|          -|          -|    577 (~0%)|   1006 (~0%)|         -|
|    o VITIS_LOOP_524_5                                                                  |       -|                    -|          9|           1|        32|       yes|          39|    260.013|   4.87|          -|          -|            -|            -|         -|
+----------------------------------------------------------------------------------------+--------+---------------------+-----------+------------+----------+----------+------------+-----------+-------+-----------+-----------+-------------+-------------+----------+
    II Violation Information: docs.amd.com/access/sources/dita/topic?Doc_Version=2025.2%20English&url=ug1448-hls-guidance&resourceid=200-880.html
    Name Prefix: '+' for module, 'o' for loop, '*' for dataflow


================================================================
== HW Interfaces
================================================================
* M_AXI
+---------------+------------+------------+---------------+---------+--------+----------+-----------+--------------+--------------+-------------+-------------+-------------------+
| Interface     | Read/Write | Data Width | Address Width | Latency | Offset | Register | Max Widen | Max Read     | Max Write    | Num Read    | Num Write   | Resource Estimate |
|               |            | (SW->HW)   |               |         |        |          | Bitwidth  | Burst Length | Burst Length | Outstanding | Outstanding |                   |
+---------------+------------+------------+---------------+---------+--------+----------+-----------+--------------+--------------+-------------+-------------+-------------------+
| m_axi_gmem    | READ_WRITE | 32 -> 128  | 64            | 64      | slave  | 0        | 128       | 64           | 16           | 4           | 2           | BRAM=8            |
| m_axi_params0 | READ_ONLY  | 128 -> 128 | 64            | 64      | slave  | 0        | 128       | 256          | 16           | 16          | 16          | BRAM=30           |
+---------------+------------+------------+---------------+---------+--------+----------+-----------+--------------+--------------+-------------+-------------+-------------------+

* S_AXILITE Interfaces
+---------------+------------+---------------+--------+----------+
| Interface     | Data Width | Address Width | Offset | Register |
+---------------+------------+---------------+--------+----------+
| s_axi_control | 32         | 7             | 16     | 0        |
+---------------+------------+---------------+--------+----------+

* S_AXILITE Registers
+---------------+-----------------+--------+-------+--------+----------------------------------+------------------------------------------------------------------------------------+
| Interface     | Register        | Offset | Width | Access | Description                      | Bit Fields                                                                         |
+---------------+-----------------+--------+-------+--------+----------------------------------+------------------------------------------------------------------------------------+
| s_axi_control | CTRL            | 0x00   | 32    | RW     | Control signals                  | 0=AP_START 1=AP_DONE 2=AP_IDLE 3=AP_READY 4=AP_CONTINUE 7=AUTO_RESTART 9=INTERRUPT |
| s_axi_control | GIER            | 0x04   | 32    | RW     | Global Interrupt Enable Register | 0=Enable                                                                           |
| s_axi_control | IP_IER          | 0x08   | 32    | RW     | IP Interrupt Enable Register     | 0=CHAN0_INT_EN 1=CHAN1_INT_EN                                                      |
| s_axi_control | IP_ISR          | 0x0c   | 32    | RW     | IP Interrupt Status Register     | 0=CHAN0_INT_ST 1=CHAN1_INT_ST                                                      |
| s_axi_control | token           | 0x10   | 32    | W      | Data signal of token             |                                                                                    |
| s_axi_control | reset_state     | 0x18   | 32    | W      | Data signal of reset_state       |                                                                                    |
| s_axi_control | packed_params_1 | 0x20   | 32    | W      | Data signal of packed_params     |                                                                                    |
| s_axi_control | packed_params_2 | 0x24   | 32    | W      | Data signal of packed_params     |                                                                                    |
| s_axi_control | side_1          | 0x2c   | 32    | W      | Data signal of side              |                                                                                    |
| s_axi_control | side_2          | 0x30   | 32    | W      | Data signal of side              |                                                                                    |
| s_axi_control | next_token_1    | 0x38   | 32    | W      | Data signal of next_token        |                                                                                    |
| s_axi_control | next_token_2    | 0x3c   | 32    | W      | Data signal of next_token        |                                                                                    |
+---------------+-----------------+--------+-------+--------+----------------------------------+------------------------------------------------------------------------------------+

* TOP LEVEL CONTROL
+-----------+---------------+-----------+
| Interface | Type          | Ports     |
+-----------+---------------+-----------+
| ap_clk    | clock         | ap_clk    |
| ap_rst_n  | reset         | ap_rst_n  |
| interrupt | interrupt     | interrupt |
| ap_ctrl   | ap_ctrl_chain |           |
+-----------+---------------+-----------+


================================================================
== SW I/O Information
================================================================
* Top Function Arguments
+---------------+-----------+---------------+
| Argument      | Direction | Datatype      |
+---------------+-----------+---------------+
| token         | in        | int           |
| reset_state   | in        | int           |
| packed_params | in        |               |
| side          | inout     | float const * |
| next_token    | inout     | unsigned int* |
+---------------+-----------+---------------+

* SW-to-HW Mapping
+---------------+---------------+-----------+----------+-------------------------------------------+
| Argument      | HW Interface  | HW Type   | HW Usage | HW Info                                   |
+---------------+---------------+-----------+----------+-------------------------------------------+
| token         | s_axi_control | register  |          | name=token offset=0x10 range=32           |
| reset_state   | s_axi_control | register  |          | name=reset_state offset=0x18 range=32     |
| packed_params | m_axi_params0 | interface |          | channel=0                                 |
| packed_params | s_axi_control | register  | offset   | name=packed_params_1 offset=0x20 range=32 |
| packed_params | s_axi_control | register  | offset   | name=packed_params_2 offset=0x24 range=32 |
| side          | m_axi_gmem    | interface |          | channel=0                                 |
| side          | s_axi_control | register  | offset   | name=side_1 offset=0x2c range=32          |
| side          | s_axi_control | register  | offset   | name=side_2 offset=0x30 range=32          |
| next_token    | m_axi_gmem    | interface |          | channel=0                                 |
| next_token    | s_axi_control | register  | offset   | name=next_token_1 offset=0x38 range=32    |
| next_token    | s_axi_control | register  | offset   | name=next_token_2 offset=0x3c range=32    |
+---------------+---------------+-----------+----------+-------------------------------------------+


================================================================
== M_AXI Burst Information
================================================================
 Note: All burst requests might be further partitioned into multiple requests during RTL generation based on max_read_burst_length or max_write_burst_length settings.

* Inferred Burst Summary
+---------------+-----------+--------+-------+------------------+-----------------------+
| HW Interface  | Direction | Length | Width | Loop             | Loop Location         |
+---------------+-----------+--------+-------+------------------+-----------------------+
| m_axi_gmem    | read      | 8      | 128   |                  |                       |
| m_axi_gmem    | read      | 768    | 128   |                  |                       |
| m_axi_gmem    | read      | 4      | 128   |                  |                       |
| m_axi_gmem    | read      | 1024   | 128   |                  |                       |
| m_axi_gmem    | read      | 64     | 128   |                  |                       |
| m_axi_params0 | read      | 4      | 128   |                  |                       |
| m_axi_params0 | read      | 576000 | 128   | VITIS_LOOP_836_1 | src/decode.cpp:836:21 |
| m_axi_params0 | read      | 13824  | 128   | VITIS_LOOP_836_1 | src/decode.cpp:836:21 |
| m_axi_params0 | read      | 27648  | 128   | VITIS_LOOP_836_1 | src/decode.cpp:836:21 |
| m_axi_params0 | read      | 23040  | 128   | VITIS_LOOP_836_1 | src/decode.cpp:836:21 |
+---------------+-----------+--------+-------+------------------+-----------------------+

* All M_AXI Variable Accesses
+---------------+------------+-----------------------+-----------+--------------+--------+------------------+-----------------------+------------+----------------------------------------------------------------------------------------------------------+
| HW Interface  | Variable   | Access Location       | Direction | Burst Status | Length | Loop             | Loop Location         | Resolution | Problem                                                                                                  |
+---------------+------------+-----------------------+-----------+--------------+--------+------------------+-----------------------+------------+----------------------------------------------------------------------------------------------------------+
| m_axi_gmem    | side       | src/decode.cpp:321:9  | read      | Widened      | 64     | VITIS_LOOP_319_1 | src/decode.cpp:319:21 |            |                                                                                                          |
| m_axi_gmem    | side       | src/decode.cpp:321:9  | read      | Widened      | 1024   | VITIS_LOOP_319_1 | src/decode.cpp:319:21 |            |                                                                                                          |
| m_axi_gmem    | side       | src/decode.cpp:321:9  | read      | Widened      | 4      | VITIS_LOOP_319_1 | src/decode.cpp:319:21 |            |                                                                                                          |
| m_axi_gmem    | side       | src/decode.cpp:321:9  | read      | Widened      | 768    | VITIS_LOOP_319_1 | src/decode.cpp:319:21 |            |                                                                                                          |
| m_axi_gmem    | side       | src/decode.cpp:321:9  | read      | Widened      | 8      | VITIS_LOOP_319_1 | src/decode.cpp:319:21 |            |                                                                                                          |
| m_axi_gmem    | side       | src/decode.cpp:321:9  | read      | Fail         |        | VITIS_LOOP_875_1 | src/decode.cpp:875:21 | 214-232    | Access call is in the conditional branch                                                                 |
| m_axi_gmem    | side       | src/decode.cpp:321:9  | read      | Inferred     | 32     | VITIS_LOOP_319_1 | src/decode.cpp:319:21 |            |                                                                                                          |
| m_axi_gmem    | side       | src/decode.cpp:321:9  | read      | Inferred     | 3072   | VITIS_LOOP_319_1 | src/decode.cpp:319:21 |            |                                                                                                          |
| m_axi_gmem    | side       | src/decode.cpp:321:9  | read      | Inferred     | 16     | VITIS_LOOP_319_1 | src/decode.cpp:319:21 |            |                                                                                                          |
| m_axi_gmem    | side       | src/decode.cpp:321:9  | read      | Inferred     | 4096   | VITIS_LOOP_319_1 | src/decode.cpp:319:21 |            |                                                                                                          |
| m_axi_gmem    | side       | src/decode.cpp:321:9  | read      | Inferred     | 256    | VITIS_LOOP_319_1 | src/decode.cpp:319:21 |            |                                                                                                          |
| m_axi_gmem    | next_token | src/decode.cpp:900:19 | write     | Fail         |        | VITIS_LOOP_875_1 | src/decode.cpp:875:21 | 214-232    | Access store is in the conditional branch                                                                |
| m_axi_params0 | params     | src/decode.cpp:262:22 | read      | Widen Fail   |        | VITIS_LOOP_836_1 | src/decode.cpp:836:21 | 214-353    | Could not widen since type i128 size is greater than or equal to the max_widen_bitwidth threshold of 128 |
| m_axi_params0 | params     | src/decode.cpp:262:22 | read      | Widen Fail   |        |                  |                       | 214-353    | Could not widen since type i128 size is greater than or equal to the max_widen_bitwidth threshold of 128 |
| m_axi_params0 | params     | src/decode.cpp:262:22 | read      | Fail         |        | VITIS_LOOP_875_1 | src/decode.cpp:875:21 | 214-232    | Access call is in the conditional branch                                                                 |
| m_axi_params0 | params     | src/decode.cpp:262:22 | read      | Inferred     | 576000 | VITIS_LOOP_836_1 | src/decode.cpp:836:21 |            |                                                                                                          |
| m_axi_params0 | params     | src/decode.cpp:262:22 | read      | Inferred     | 13824  | VITIS_LOOP_836_1 | src/decode.cpp:836:21 |            |                                                                                                          |
| m_axi_params0 | params     | src/decode.cpp:262:22 | read      | Inferred     | 27648  | VITIS_LOOP_836_1 | src/decode.cpp:836:21 |            |                                                                                                          |
| m_axi_params0 | params     | src/decode.cpp:262:22 | read      | Inferred     | 23040  | VITIS_LOOP_836_1 | src/decode.cpp:836:21 |            |                                                                                                          |
| m_axi_params0 | params     | src/decode.cpp:262:22 | read      | Inferred     | 4      | VITIS_LOOP_850_1 | src/decode.cpp:850:21 |            |                                                                                                          |
| m_axi_params0 | params     | src/decode.cpp:263:24 | read      | Widen Fail   |        | VITIS_LOOP_836_1 | src/decode.cpp:836:21 | 214-353    | Could not widen since type i128 size is greater than or equal to the max_widen_bitwidth threshold of 128 |
| m_axi_params0 | params     | src/decode.cpp:263:24 | read      | Widen Fail   |        |                  |                       | 214-353    | Could not widen since type i128 size is greater than or equal to the max_widen_bitwidth threshold of 128 |
| m_axi_params0 | params     | src/decode.cpp:263:24 | read      | Fail         |        | VITIS_LOOP_875_1 | src/decode.cpp:875:21 | 214-232    | Access call is in the conditional branch                                                                 |
| m_axi_params0 | params     | src/decode.cpp:263:24 | read      | Inferred     | 576000 | VITIS_LOOP_836_1 | src/decode.cpp:836:21 |            |                                                                                                          |
| m_axi_params0 | params     | src/decode.cpp:263:24 | read      | Inferred     | 13824  | VITIS_LOOP_836_1 | src/decode.cpp:836:21 |            |                                                                                                          |
| m_axi_params0 | params     | src/decode.cpp:263:24 | read      | Inferred     | 27648  | VITIS_LOOP_836_1 | src/decode.cpp:836:21 |            |                                                                                                          |
| m_axi_params0 | params     | src/decode.cpp:263:24 | read      | Inferred     | 23040  | VITIS_LOOP_836_1 | src/decode.cpp:836:21 |            |                                                                                                          |
| m_axi_params0 | params     | src/decode.cpp:263:24 | read      | Inferred     | 4      | VITIS_LOOP_850_1 | src/decode.cpp:850:21 |            |                                                                                                          |
| m_axi_params0 | params     | src/decode.cpp:264:24 | read      | Widen Fail   |        | VITIS_LOOP_836_1 | src/decode.cpp:836:21 | 214-353    | Could not widen since type i128 size is greater than or equal to the max_widen_bitwidth threshold of 128 |
| m_axi_params0 | params     | src/decode.cpp:264:24 | read      | Widen Fail   |        |                  |                       | 214-353    | Could not widen since type i128 size is greater than or equal to the max_widen_bitwidth threshold of 128 |
| m_axi_params0 | params     | src/decode.cpp:264:24 | read      | Fail         |        | VITIS_LOOP_875_1 | src/decode.cpp:875:21 | 214-232    | Access call is in the conditional branch                                                                 |
| m_axi_params0 | params     | src/decode.cpp:264:24 | read      | Inferred     | 576000 | VITIS_LOOP_836_1 | src/decode.cpp:836:21 |            |                                                                                                          |
| m_axi_params0 | params     | src/decode.cpp:264:24 | read      | Inferred     | 13824  | VITIS_LOOP_836_1 | src/decode.cpp:836:21 |            |                                                                                                          |
| m_axi_params0 | params     | src/decode.cpp:264:24 | read      | Inferred     | 27648  | VITIS_LOOP_836_1 | src/decode.cpp:836:21 |            |                                                                                                          |
| m_axi_params0 | params     | src/decode.cpp:264:24 | read      | Inferred     | 23040  | VITIS_LOOP_836_1 | src/decode.cpp:836:21 |            |                                                                                                          |
| m_axi_params0 | params     | src/decode.cpp:264:24 | read      | Inferred     | 4      | VITIS_LOOP_850_1 | src/decode.cpp:850:21 |            |                                                                                                          |
| m_axi_params0 | params     | src/decode.cpp:265:24 | read      | Widen Fail   |        | VITIS_LOOP_836_1 | src/decode.cpp:836:21 | 214-353    | Could not widen since type i128 size is greater than or equal to the max_widen_bitwidth threshold of 128 |
| m_axi_params0 | params     | src/decode.cpp:265:24 | read      | Widen Fail   |        |                  |                       | 214-353    | Could not widen since type i128 size is greater than or equal to the max_widen_bitwidth threshold of 128 |
| m_axi_params0 | params     | src/decode.cpp:265:24 | read      | Fail         |        | VITIS_LOOP_875_1 | src/decode.cpp:875:21 | 214-232    | Access call is in the conditional branch                                                                 |
| m_axi_params0 | params     | src/decode.cpp:265:24 | read      | Inferred     | 576000 | VITIS_LOOP_836_1 | src/decode.cpp:836:21 |            |                                                                                                          |
| m_axi_params0 | params     | src/decode.cpp:265:24 | read      | Inferred     | 13824  | VITIS_LOOP_836_1 | src/decode.cpp:836:21 |            |                                                                                                          |
| m_axi_params0 | params     | src/decode.cpp:265:24 | read      | Inferred     | 27648  | VITIS_LOOP_836_1 | src/decode.cpp:836:21 |            |                                                                                                          |
| m_axi_params0 | params     | src/decode.cpp:265:24 | read      | Inferred     | 23040  | VITIS_LOOP_836_1 | src/decode.cpp:836:21 |            |                                                                                                          |
| m_axi_params0 | params     | src/decode.cpp:265:24 | read      | Inferred     | 4      | VITIS_LOOP_850_1 | src/decode.cpp:850:21 |            |                                                                                                          |
+---------------+------------+-----------------------+-----------+--------------+--------+------------------+-----------------------+------------+----------------------------------------------------------------------------------------------------------+

    * Resolution URL: docs.amd.com/access/sources/dita/topic?Doc_Version=2025.2%20English&url=ug1448-hls-guidance&resourceid=XXX-YYY.html (replace XXX-YYY with column value)

================================================================
== Bind Op Report
================================================================
+---------------------------------------------------------------------------------------+-----+--------+-----------------+------------+--------------------------+---------+
| Name                                                                                  | DSP | Pragma | Variable        | Op         | Impl                     | Latency |
+---------------------------------------------------------------------------------------+-----+--------+-----------------+------------+--------------------------+---------+
| + decode                                                                              | 292 |        |                 |            |                          |         |
|  + p_anonymous_namespace_controller                                                   | 0   |        |                 |            |                          |         |
|   + p_anonymous_namespace_controller_Pipeline_VITIS_LOOP_756_1                        | 0   |        |                 |            |                          |         |
|     layer_6_fu_152_p2                                                                 |     |        | layer_6         | add        | fabric                   | 0       |
|     icmp_ln756_fu_196_p2                                                              |     |        | icmp_ln756      | seteq      | auto                     | 0       |
|  + p_anonymous_namespace_memory_process                                               | 4   |        |                 |            |                          |         |
|    add_ln875_fu_449_p2                                                                |     |        | add_ln875       | add        | fabric                   | 0       |
|    icmp_ln875_fu_523_p2                                                               |     |        | icmp_ln875      | seteq      | auto                     | 0       |
|    i_34_fu_529_p2                                                                     |     |        | i_34            | add        | fabric                   | 0       |
|    sub_ln836_2_fu_718_p2                                                              |     |        | sub_ln836_2     | sub        | fabric                   | 0       |
|    add_ln836_4_fu_736_p2                                                              |     |        | add_ln836_4     | add        | fabric                   | 0       |
|    add_ln836_5_fu_746_p2                                                              |     |        | add_ln836_5     | add        | fabric                   | 0       |
|    sub_ln836_1_fu_779_p2                                                              |     |        | sub_ln836_1     | sub        | fabric                   | 0       |
|    add_ln836_2_fu_797_p2                                                              |     |        | add_ln836_2     | add        | fabric                   | 0       |
|    add_ln836_3_fu_807_p2                                                              |     |        | add_ln836_3     | add        | fabric                   | 0       |
|    sub_ln836_fu_840_p2                                                                |     |        | sub_ln836       | sub        | fabric                   | 0       |
|    add_ln836_fu_858_p2                                                                |     |        | add_ln836       | add        | fabric                   | 0       |
|    add_ln836_1_fu_868_p2                                                              |     |        | add_ln836_1     | add        | fabric                   | 0       |
|    add_ln319_fu_591_p2                                                                |     |        | add_ln319       | add        | fabric                   | 0       |
|    add_ln319_1_fu_938_p2                                                              |     |        | add_ln319_1     | add        | fabric                   | 0       |
|    add_ln319_2_fu_948_p2                                                              |     |        | add_ln319_2     | add        | fabric                   | 0       |
|    mac_muladd_13ns_8ns_13ns_21_4_1_U66                                                | 1   |        | mul_ln91        | mul        | dsp_slice                | 3       |
|    mac_muladd_13ns_8ns_13ns_21_4_1_U66                                                | 1   |        | add_ln90        | add        | dsp_slice                | 3       |
|    add_ln319_3_fu_1016_p2                                                             |     |        | add_ln319_3     | add        | fabric                   | 0       |
|    add_ln319_4_fu_1088_p2                                                             |     |        | add_ln319_4     | add        | fabric                   | 0       |
|    add_ln319_5_fu_1097_p2                                                             |     |        | add_ln319_5     | add        | fabric                   | 0       |
|    add_ln319_6_fu_1031_p2                                                             |     |        | add_ln319_6     | add        | fabric                   | 0       |
|    add_ln319_7_fu_1112_p2                                                             |     |        | add_ln319_7     | add        | fabric                   | 0       |
|    add_ln319_8_fu_1121_p2                                                             |     |        | add_ln319_8     | add        | fabric                   | 0       |
|    sub_ln845_fu_636_p2                                                                |     |        | sub_ln845       | sub        | fabric                   | 0       |
|    sub_ln845_1_fu_1274_p2                                                             |     |        | sub_ln845_1     | sub        | fabric                   | 0       |
|    row_fu_1280_p3                                                                     |     |        | row             | select     | auto_sel                 | 0       |
|    sub_ln846_fu_1308_p2                                                               |     |        | sub_ln846       | sub        | fabric                   | 0       |
|    sub_ln846_1_fu_1328_p2                                                             |     |        | sub_ln846_1     | sub        | fabric                   | 0       |
|    pair_fu_1352_p3                                                                    |     |        | pair            | select     | auto_sel                 | 0       |
|    sub_ln849_fu_656_p2                                                                |     |        | sub_ln849       | sub        | fabric                   | 0       |
|    select_ln849_fu_672_p3                                                             |     |        | select_ln849    | select     | auto_sel                 | 0       |
|    add_ln850_2_fu_1391_p2                                                             |     |        | add_ln850_2     | add        | fabric                   | 0       |
|    add_ln850_fu_1398_p2                                                               |     |        | add_ln850       | add        | fabric                   | 0       |
|   + p_anonymous_namespace_memory_process_Pipeline_VITIS_LOOP_836_147                  | 0   |        |                 |            |                          |         |
|     icmp_ln836_fu_100_p2                                                              |     |        | icmp_ln836      | seteq      | auto                     | 0       |
|     add_ln836_fu_106_p2                                                               |     |        | add_ln836       | add        | fabric                   | 0       |
|   + p_anonymous_namespace_memory_process_Pipeline_VITIS_LOOP_836_146                  | 0   |        |                 |            |                          |         |
|     icmp_ln836_fu_100_p2                                                              |     |        | icmp_ln836      | seteq      | auto                     | 0       |
|     add_ln836_fu_106_p2                                                               |     |        | add_ln836       | add        | fabric                   | 0       |
|   + p_anonymous_namespace_memory_process_Pipeline_VITIS_LOOP_836_145                  | 0   |        |                 |            |                          |         |
|     icmp_ln836_fu_100_p2                                                              |     |        | icmp_ln836      | seteq      | auto                     | 0       |
|     add_ln836_fu_106_p2                                                               |     |        | add_ln836       | add        | fabric                   | 0       |
|   + p_anonymous_namespace_memory_process_Pipeline_VITIS_LOOP_836_1                    | 0   |        |                 |            |                          |         |
|     icmp_ln836_fu_100_p2                                                              |     |        | icmp_ln836      | seteq      | auto                     | 0       |
|     add_ln836_fu_106_p2                                                               |     |        | add_ln836       | add        | fabric                   | 0       |
|   + p_anonymous_namespace_memory_process_Pipeline_VITIS_LOOP_319_139                  | 0   |        |                 |            |                          |         |
|     icmp_ln319_fu_116_p2                                                              |     |        | icmp_ln319      | seteq      | auto                     | 0       |
|     add_ln319_fu_122_p2                                                               |     |        | add_ln319       | add        | fabric                   | 0       |
|     icmp_ln321_fu_132_p2                                                              |     |        | icmp_ln321      | seteq      | auto                     | 0       |
|   + p_anonymous_namespace_memory_process_Pipeline_VITIS_LOOP_319_140                  | 0   |        |                 |            |                          |         |
|     icmp_ln319_fu_116_p2                                                              |     |        | icmp_ln319      | seteq      | auto                     | 0       |
|     add_ln319_fu_122_p2                                                               |     |        | add_ln319       | add        | fabric                   | 0       |
|     icmp_ln321_fu_132_p2                                                              |     |        | icmp_ln321      | seteq      | auto                     | 0       |
|   + p_anonymous_namespace_memory_process_Pipeline_VITIS_LOOP_319_141                  | 0   |        |                 |            |                          |         |
|     icmp_ln319_fu_116_p2                                                              |     |        | icmp_ln319      | seteq      | auto                     | 0       |
|     add_ln319_fu_122_p2                                                               |     |        | add_ln319       | add        | fabric                   | 0       |
|     icmp_ln321_fu_132_p2                                                              |     |        | icmp_ln321      | seteq      | auto                     | 0       |
|   + p_anonymous_namespace_memory_process_Pipeline_VITIS_LOOP_319_142                  | 0   |        |                 |            |                          |         |
|     icmp_ln319_fu_116_p2                                                              |     |        | icmp_ln319      | seteq      | auto                     | 0       |
|     add_ln319_fu_122_p2                                                               |     |        | add_ln319       | add        | fabric                   | 0       |
|     icmp_ln321_fu_132_p2                                                              |     |        | icmp_ln321      | seteq      | auto                     | 0       |
|   + p_anonymous_namespace_memory_process_Pipeline_VITIS_LOOP_319_143                  | 0   |        |                 |            |                          |         |
|     icmp_ln319_fu_116_p2                                                              |     |        | icmp_ln319      | seteq      | auto                     | 0       |
|     add_ln319_fu_122_p2                                                               |     |        | add_ln319       | add        | fabric                   | 0       |
|     icmp_ln321_fu_132_p2                                                              |     |        | icmp_ln321      | seteq      | auto                     | 0       |
|   + p_anonymous_namespace_memory_process_Pipeline_VITIS_LOOP_319_144                  | 0   |        |                 |            |                          |         |
|     icmp_ln319_fu_116_p2                                                              |     |        | icmp_ln319      | seteq      | auto                     | 0       |
|     add_ln319_fu_122_p2                                                               |     |        | add_ln319       | add        | fabric                   | 0       |
|     icmp_ln321_fu_132_p2                                                              |     |        | icmp_ln321      | seteq      | auto                     | 0       |
|   + p_anonymous_namespace_memory_process_Outline_VITIS_LOOP_850_1                     | 3   |        |                 |            |                          |         |
|     icmp_ln850_fu_171_p2                                                              |     |        | icmp_ln850      | seteq      | auto                     | 0       |
|     add_ln850_fu_177_p2                                                               |     |        | add_ln850       | add        | fabric                   | 0       |
|     add_ln852_fu_201_p2                                                               |     |        | add_ln852       | add        | fabric                   | 0       |
|     add_ln852_1_fu_218_p2                                                             |     |        | add_ln852_1     | add        | fabric                   | 0       |
|     add_ln852_2_fu_223_p2                                                             |     |        | add_ln852_2     | add        | fabric                   | 0       |
|     add_ln852_3_fu_240_p2                                                             |     |        | add_ln852_3     | add        | fabric                   | 0       |
|     partselect_32ns_512ns_9ns_32_1_1_U54                                              |     |        | converter       | partselect | auto                     | 0       |
|    + p_anonymous_namespace_memory_process_Pipeline_VITIS_LOOP_856_2                   | 3   |        |                 |            |                          |         |
|      icmp_ln856_fu_94_p2                                                              |     |        | icmp_ln856      | seteq      | auto                     | 0       |
|      lane_8_fu_100_p2                                                                 |     |        | lane_8          | add        | fabric                   | 0       |
|      partselect_8ns_512ns_9ns_8_1_1_U46                                               |     |        | value           | partselect | auto                     | 0       |
|      sitofp_32s_32_5_no_dsp_1_U45                                                     |     |        | conv_i          | sitofp     | auto                     | 4       |
|      fmul_32ns_32ns_32_4_max_dsp_1_U44                                                | 3   |        | mul19_i         | fmul       | maxdsp                   | 3       |
|   + p_anonymous_namespace_memory_process_Pipeline_VITIS_LOOP_319_1                    | 0   |        |                 |            |                          |         |
|     icmp_ln319_fu_116_p2                                                              |     |        | icmp_ln319      | seteq      | auto                     | 0       |
|     add_ln319_fu_122_p2                                                               |     |        | add_ln319       | add        | fabric                   | 0       |
|     icmp_ln321_fu_132_p2                                                              |     |        | icmp_ln321      | seteq      | auto                     | 0       |
|  + p_anonymous_namespace_scratch_process                                              | 0   |        |                 |            |                          |         |
|    icmp_ln913_fu_148_p2                                                               |     |        | icmp_ln913      | seteq      | auto                     | 0       |
|    i_4_fu_154_p2                                                                      |     |        | i_4             | add        | fabric                   | 0       |
|    icmp_ln916_fu_186_p2                                                               |     |        | icmp_ln916      | seteq      | auto                     | 0       |
|   + p_anonymous_namespace_scratch_process_Pipeline_VITIS_LOOP_922_3                   | 0   |        |                 |            |                          |         |
|     icmp_ln922_fu_205_p2                                                              |     |        | icmp_ln922      | setlt      | auto                     | 0       |
|     add_ln922_fu_211_p2                                                               |     |        | add_ln922       | add        | fabric                   | 0       |
|     add_ln924_fu_221_p2                                                               |     |        | add_ln924       | add        | fabric                   | 0       |
|   + p_anonymous_namespace_scratch_process_Pipeline_VITIS_LOOP_917_2                   | 0   |        |                 |            |                          |         |
|     icmp_ln917_fu_250_p2                                                              |     |        | icmp_ln917      | setlt      | auto                     | 0       |
|     add_ln917_fu_256_p2                                                               |     |        | add_ln917       | add        | fabric                   | 0       |
|     add_ln919_fu_266_p2                                                               |     |        | add_ln919       | add        | fabric                   | 0       |
|  + p_anonymous_namespace_beta_process                                                 | 30  |        |                 |            |                          |         |
|    icmp_ln992_fu_491_p2                                                               |     |        | icmp_ln992      | seteq      | auto                     | 0       |
|    layer_8_fu_497_p2                                                                  |     |        | layer_8         | add        | fabric                   | 0       |
|    icmp_ln1014_fu_541_p2                                                              |     |        | icmp_ln1014     | seteq      | auto                     | 0       |
|    add_ln1014_fu_547_p2                                                               |     |        | add_ln1014      | add        | fabric                   | 0       |
|    fadd_32ns_32ns_32_7_full_dsp_1_U361                                                | 2   | yes    | y_325           | fadd       | fulldsp                  | 6       |
|    fadd_32ns_32ns_32_7_full_dsp_1_U362                                                | 2   | yes    | y_326           | fadd       | fulldsp                  | 6       |
|    fadd_32ns_32ns_32_7_full_dsp_1_U363                                                | 2   | yes    | y_327           | fadd       | fulldsp                  | 6       |
|    fadd_32ns_32ns_32_7_full_dsp_1_U364                                                | 2   | yes    | y_328           | fadd       | fulldsp                  | 6       |
|    fadd_32ns_32ns_32_7_full_dsp_1_U361                                                | 2   | yes    | y               | fadd       | fulldsp                  | 6       |
|    fadd_32ns_32ns_32_7_full_dsp_1_U362                                                | 2   | yes    | y_314           | fadd       | fulldsp                  | 6       |
|    fadd_32ns_32ns_32_7_full_dsp_1_U361                                                | 2   | yes    | y_315           | fadd       | fulldsp                  | 6       |
|    xor_ln192_fu_646_p2                                                                |     |        | xor_ln192       | xor        | auto                     | 0       |
|    fexp_32ns_32ns_32_9_full_dsp_1_U369                                                | 7   |        | tmp             | fexp       | fulldsp                  | 8       |
|    faddfsub_32ns_32ns_32_6_full_dsp_1_U365                                            | 2   |        | x_assign_1      | fadd       | fulldsp                  | 5       |
|    fdiv_32ns_32ns_32_12_no_dsp_1_U367                                                 |     |        | beta            | fdiv       | fabric                   | 11      |
|    fadd_32ns_32ns_32_7_full_dsp_1_U361                                                | 2   | yes    | y_329           | fadd       | fulldsp                  | 6       |
|    fadd_32ns_32ns_32_7_full_dsp_1_U362                                                | 2   | yes    | y_330           | fadd       | fulldsp                  | 6       |
|    fadd_32ns_32ns_32_7_full_dsp_1_U363                                                | 2   | yes    | y_331           | fadd       | fulldsp                  | 6       |
|    fadd_32ns_32ns_32_7_full_dsp_1_U364                                                | 2   | yes    | y_332           | fadd       | fulldsp                  | 6       |
|    fadd_32ns_32ns_32_7_full_dsp_1_U361                                                | 2   | yes    | y_320           | fadd       | fulldsp                  | 6       |
|    fadd_32ns_32ns_32_7_full_dsp_1_U362                                                | 2   | yes    | y_321           | fadd       | fulldsp                  | 6       |
|    fadd_32ns_32ns_32_7_full_dsp_1_U361                                                | 2   | yes    | y_322           | fadd       | fulldsp                  | 6       |
|    fadd_32ns_32ns_32_7_full_dsp_1_U361                                                | 2   | yes    | y_323           | fadd       | fulldsp                  | 6       |
|    icmp_ln200_fu_691_p2                                                               |     |        | icmp_ln200      | setne      | auto                     | 0       |
|    icmp_ln200_1_fu_697_p2                                                             |     |        | icmp_ln200_1    | seteq      | auto                     | 0       |
|    or_ln200_fu_703_p2                                                                 |     |        | or_ln200        | or         | auto                     | 0       |
|    fcmp_32ns_32ns_1_2_no_dsp_1_U368                                                   |     |        | tmp_53          | fcmp       | auto                     | 1       |
|    and_ln200_fu_709_p2                                                                |     |        | and_ln200       | and        | auto                     | 0       |
|    fexp_32ns_32ns_32_9_full_dsp_1_U369                                                | 7   |        | dc              | fexp       | fulldsp                  | 8       |
|    icmp_ln50_fu_727_p2                                                                |     |        | icmp_ln50       | seteq      | auto                     | 0       |
|    icmp_ln18_fu_745_p2                                                                |     |        | icmp_ln18       | seteq      | auto                     | 0       |
|    icmp_ln18_3_fu_751_p2                                                              |     |        | icmp_ln18_3     | seteq      | auto                     | 0       |
|    and_ln51_1_fu_757_p2                                                               |     |        | and_ln51_1      | and        | auto                     | 0       |
|    and_ln51_fu_763_p2                                                                 |     |        | and_ln51        | and        | auto                     | 0       |
|    select_ln51_fu_769_p3                                                              |     |        | select_ln51     | select     | auto_sel                 | 0       |
|    faddfsub_32ns_32ns_32_6_full_dsp_1_U365                                            | 2   |        | xf1p            | fadd       | fulldsp                  | 5       |
|    faddfsub_32ns_32ns_32_6_full_dsp_1_U365                                            | 2   |        | sub_i_i         | fadd       | fulldsp                  | 5       |
|    faddfsub_32ns_32ns_32_6_full_dsp_1_U365                                            | 2   |        | sub11_i_i       | fadd       | fulldsp                  | 5       |
|    fdiv_32ns_32ns_32_12_no_dsp_1_U367                                                 |     |        | div_i_i         | fdiv       | fabric                   | 11      |
|    faddfsub_32ns_32ns_32_6_full_dsp_1_U365                                            | 2   |        | sub12_i_i       | fadd       | fulldsp                  | 5       |
|    fmul_32ns_32ns_32_5_max_dsp_1_U366                                                 | 3   | yes    | y_324           | fmul       | maxdsp                   | 4       |
|    fexp_32ns_32ns_32_9_full_dsp_1_U369                                                | 7   |        | decay           | fexp       | fulldsp                  | 8       |
|   + p_anonymous_namespace_beta_process_Pipeline_VITIS_LOOP_999_2_VITIS_LOOP_327_1     | 0   |        |                 |            |                          |         |
|     icmp_ln999_fu_99_p2                                                               |     |        | icmp_ln999      | seteq      | auto                     | 0       |
|     add_ln999_1_fu_105_p2                                                             |     |        | add_ln999_1     | add        | fabric                   | 0       |
|     add_ln999_fu_122_p2                                                               |     |        | add_ln999       | add        | fabric                   | 0       |
|     icmp_ln327_fu_128_p2                                                              |     |        | icmp_ln327      | seteq      | auto                     | 0       |
|     select_ln999_fu_134_p3                                                            |     |        | select_ln999    | select     | auto_sel                 | 0       |
|     select_ln999_1_fu_142_p3                                                          |     |        | select_ln999_1  | select     | auto_sel                 | 0       |
|     add_ln329_fu_166_p2                                                               |     |        | add_ln329       | add        | fabric                   | 0       |
|     add_ln327_fu_182_p2                                                               |     |        | add_ln327       | add        | fabric                   | 0       |
|   + p_anonymous_namespace_beta_process_Pipeline_VITIS_LOOP_1002_3_VITIS_LOOP_327_1    | 0   |        |                 |            |                          |         |
|     icmp_ln1002_fu_99_p2                                                              |     |        | icmp_ln1002     | seteq      | auto                     | 0       |
|     add_ln1002_1_fu_105_p2                                                            |     |        | add_ln1002_1    | add        | fabric                   | 0       |
|     add_ln1002_fu_122_p2                                                              |     |        | add_ln1002      | add        | fabric                   | 0       |
|     icmp_ln327_fu_128_p2                                                              |     |        | icmp_ln327      | seteq      | auto                     | 0       |
|     select_ln1002_fu_134_p3                                                           |     |        | select_ln1002   | select     | auto_sel                 | 0       |
|     select_ln1002_1_fu_142_p3                                                         |     |        | select_ln1002_1 | select     | auto_sel                 | 0       |
|     add_ln329_fu_166_p2                                                               |     |        | add_ln329       | add        | fabric                   | 0       |
|     add_ln327_fu_182_p2                                                               |     |        | add_ln327       | add        | fabric                   | 0       |
|   + p_anonymous_namespace_beta_process_Pipeline_VITIS_LOOP_1005_4                     | 0   |        |                 |            |                          |         |
|     icmp_ln1005_fu_67_p2                                                              |     |        | icmp_ln1005     | seteq      | auto                     | 0       |
|     add_ln1005_fu_73_p2                                                               |     |        | add_ln1005      | add        | fabric                   | 0       |
|   + p_anonymous_namespace_beta_process_Pipeline_VITIS_LOOP_1009_5                     | 0   |        |                 |            |                          |         |
|     icmp_ln1009_fu_67_p2                                                              |     |        | icmp_ln1009     | seteq      | auto                     | 0       |
|     add_ln1009_fu_73_p2                                                               |     |        | add_ln1009      | add        | fabric                   | 0       |
|   + p_anonymous_namespace_beta_process_Pipeline_VITIS_LOOP_327_1                      | 0   |        |                 |            |                          |         |
|     icmp_ln327_fu_67_p2                                                               |     |        | icmp_ln327      | seteq      | auto                     | 0       |
|     add_ln327_fu_73_p2                                                                |     |        | add_ln327       | add        | fabric                   | 0       |
|   + p_anonymous_namespace_beta_process_Pipeline_VITIS_LOOP_572_2                      | 0   |        |                 |            |                          |         |
|     icmp_ln572_fu_280_p2                                                              |     |        | icmp_ln572      | seteq      | auto                     | 0       |
|     add_ln572_fu_286_p2                                                               |     |        | add_ln572       | add        | fabric                   | 0       |
|     add_ln576_fu_301_p2                                                               |     |        | add_ln576       | add        | fabric                   | 0       |
|     sparsemux_17_3_32_1_1_U312                                                        |     |        | a_assign_s      | sparsemux  | compactencoding_dontcare | 0       |
|   + p_anonymous_namespace_beta_process_Pipeline_VITIS_LOOP_572_260                    | 0   |        |                 |            |                          |         |
|     icmp_ln572_fu_280_p2                                                              |     |        | icmp_ln572      | seteq      | auto                     | 0       |
|     add_ln572_fu_286_p2                                                               |     |        | add_ln572       | add        | fabric                   | 0       |
|     add_ln576_fu_301_p2                                                               |     |        | add_ln576       | add        | fabric                   | 0       |
|     sparsemux_17_3_32_1_1_U327                                                        |     |        | a_assign_s      | sparsemux  | compactencoding_dontcare | 0       |
|   + log_generic_float_s                                                               | 8   |        |                 |            |                          |         |
|     x_is_0_fu_713_p2                                                                  |     |        | x_is_0          | seteq      | auto                     | 0       |
|     icmp_ln18_fu_719_p2                                                               |     |        | icmp_ln18       | seteq      | auto                     | 0       |
|     icmp_ln18_1_fu_725_p2                                                             |     |        | icmp_ln18_1     | setne      | auto                     | 0       |
|     x_is_NaN_fu_731_p2                                                                |     |        | x_is_NaN        | and        | auto                     | 0       |
|     icmp_ln18_2_fu_745_p2                                                             |     |        | icmp_ln18_2     | seteq      | auto                     | 0       |
|     x_is_inf_fu_751_p2                                                                |     |        | x_is_inf        | and        | auto                     | 0       |
|     or_ln223_fu_757_p2                                                                |     |        | or_ln223        | or         | auto                     | 0       |
|     or_ln223_1_fu_763_p2                                                              |     |        | or_ln223_1      | or         | auto                     | 0       |
|     select_ln223_fu_1775_p3                                                           |     |        | select_ln223    | select     | auto_sel                 | 0       |
|     b_frac_2_fu_813_p3                                                                |     |        | b_frac_2        | select     | auto_sel                 | 0       |
|     select_ln275_1_fu_1156_p3                                                         |     |        | select_ln275_1  | select     | auto_sel                 | 0       |
|     b_exp_fu_1163_p2                                                                  |     |        | b_exp           | add        | fabric                   | 0       |
|     mul_9s_42ns_50_1_1_U341                                                           | 2   |        | Elog2           | mul        | auto                     | 0       |
|     mul_25ns_6ns_31_1_1_U342                                                          | 1   |        | b_frac1         | mul        | auto                     | 0       |
|     eZ_fu_902_p3                                                                      |     |        | eZ              | select     | auto_sel                 | 0       |
|     mul_36ns_4ns_40_1_1_U343                                                          |     |        | mul_ln42        | mul        | auto                     | 0       |
|     mul_6ns_38ns_44_1_1_U340                                                          | 2   |        | mul_ln42_1      | mul        | auto                     | 0       |
|     mul_6ns_37ns_43_1_1_U339                                                          | 2   |        | mul_ln42_2      | mul        | auto                     | 0       |
|     mul_18ns_18ns_35_1_1_U344                                                         | 1   |        | mul_ln313       | mul        | auto                     | 0       |
|     sub_ln313_fu_1216_p2                                                              |     |        | sub_ln313       | sub        | fabric                   | 0       |
|     add_ln316_fu_1236_p2                                                              |     |        | add_ln316       | add        | fabric                   | 0       |
|     add_ln316_2_fu_1241_p2                                                            |     |        | add_ln316_2     | add        | fabric                   | 0       |
|     add_ln316_3_fu_1251_p2                                                            |     |        | add_ln316_3     | add        | fabric                   | 0       |
|     log_base_1_fu_1290_p2                                                             |     |        | log_base_1      | sub        | fabric                   | 0       |
|     log_base_2_fu_1296_p3                                                             |     |        | log_base_2      | select     | auto_sel                 | 0       |
|     sub_ln348_fu_1759_p2                                                              |     |        | sub_ln348       | sub        | fabric                   | 0       |
|     ashr_ln348_fu_1769_p2                                                             |     |        | ashr_ln348      | ashr       | auto_pipe                | 0       |
|     log_base_l_fu_1793_p2                                                             |     |        | log_base_l      | add        | fabric                   | 0       |
|     tmp_65_fu_1805_p2                                                                 |     |        | add_ln350       | add        | fabric                   | 0       |
|     bitselect_1ns_81ns_7ns_1_1_1_U345                                                 |     |        | tmp_65          | bitselect  | auto                     | 0       |
|     r_exp_1_fu_1813_p2                                                                |     |        | r_exp_1         | add        | fabric                   | 0       |
|     r_exp_2_fu_1819_p3                                                                |     |        | r_exp_2         | select     | auto_sel                 | 0       |
|     out_exp_fu_1835_p2                                                                |     |        | out_exp         | add        | fabric                   | 0       |
|     out_sig_fu_1847_p2                                                                |     |        | add_ln355       | add        | fabric                   | 0       |
|     partselect_23ns_81ns_6ns_23_1_1_U346                                              |     |        | out_sig         | partselect | auto                     | 0       |
|  + p_anonymous_namespace_weight_router                                                | 0   |        |                 |            |                          |         |
|    icmp_ln935_fu_96_p2                                                                |     |        | icmp_ln935      | seteq      | auto                     | 0       |
|    i_2_fu_102_p2                                                                      |     |        | i_2             | add        | fabric                   | 0       |
|    icmp_ln938_fu_122_p2                                                               |     |        | icmp_ln938      | seteq      | auto                     | 0       |
|   + p_anonymous_namespace_weight_router_Pipeline_VITIS_LOOP_944_3                     | 0   |        |                 |            |                          |         |
|     icmp_ln944_fu_80_p2                                                               |     |        | icmp_ln944      | setlt      | auto                     | 0       |
|     add_ln944_fu_86_p2                                                                |     |        | add_ln944       | add        | fabric                   | 0       |
|   + p_anonymous_namespace_weight_router_Pipeline_VITIS_LOOP_939_2                     | 0   |        |                 |            |                          |         |
|     icmp_ln939_fu_80_p2                                                               |     |        | icmp_ln939      | setlt      | auto                     | 0       |
|     add_ln939_fu_86_p2                                                                |     |        | add_ln939       | add        | fabric                   | 0       |
|  + p_anonymous_namespace_q8_process                                                   | 57  |        |                 |            |                          |         |
|    icmp_ln960_fu_337_p2                                                               |     |        | icmp_ln960      | seteq      | auto                     | 0       |
|    i_14_fu_343_p2                                                                     |     |        | i_14            | add        | fabric                   | 0       |
|    paired_fu_445_p2                                                                   |     |        | paired          | seteq      | auto                     | 0       |
|    icmp_ln965_fu_450_p2                                                               |     |        | icmp_ln965      | seteq      | auto                     | 0       |
|    argmax_mode_fu_458_p2                                                              |     |        | argmax_mode     | seteq      | auto                     | 0       |
|    select_ln296_fu_463_p3                                                             |     |        | select_ln296    | select     | auto_sel                 | 0       |
|    fcmp_32ns_32ns_1_2_no_dsp_1_U285                                                   | 1   |        | add_ln296       | add        | dsp_slice                | 3       |
|    am_addmul_11ns_8ns_12ns_24_4_1_U283                                                | 1   |        | zext_ln296      | zext       | dsp_slice                | 3       |
|    am_addmul_11ns_8ns_12ns_24_4_1_U283                                                | 1   |        | mul_ln296       | mul        | dsp_slice                | 3       |
|    count_fu_481_p3                                                                    |     |        | count           | select     | auto_sel                 | 0       |
|    last_group_fu_489_p2                                                               |     |        | last_group      | add        | fabric                   | 0       |
|    icmp_ln969_fu_495_p2                                                               |     |        | icmp_ln969      | seteq      | auto                     | 0       |
|    r_1_fu_500_p2                                                                      |     |        | r_1             | add        | fabric                   | 0       |
|    lm_token_din                                                                       |     |        | token           | select     | auto_sel                 | 0       |
|   + p_anonymous_namespace_q8_process_Pipeline_VITIS_LOOP_556_1                        | 0   |        |                 |            |                          |         |
|     icmp_ln556_fu_98_p2                                                               |     |        | icmp_ln556      | seteq      | auto                     | 0       |
|     add_ln556_fu_104_p2                                                               |     |        | add_ln556       | add        | fabric                   | 0       |
|   + p_anonymous_namespace_q8_process_Pipeline_VITIS_LOOP_368_2                        | 56  |        |                 |            |                          |         |
|     icmp_ln964_fu_997_p2                                                              |     |        | icmp_ln964      | seteq      | auto                     | 0       |
|     icmp_ln368_fu_1139_p2                                                             |     |        | icmp_ln368      | seteq      | auto                     | 0       |
|     it_4_fu_1144_p2                                                                   |     |        | it_4            | add        | fabric                   | 0       |
|     icmp_ln376_fu_1150_p2                                                             |     |        | icmp_ln376      | seteq      | auto                     | 0       |
|     row0_fu_2445_p2                                                                   |     |        | row0            | add        | fabric                   | 0       |
|     mac_muladd_8s_8s_20s_21_4_1_U207                                                  | 1   |        | mul_ln391       | mul        | dsp_slice                | 3       |
|     mac_muladd_8s_8s_20s_21_4_1_U207                                                  | 1   |        | sext_ln391_33   | sext       | dsp_slice                | 3       |
|     mac_muladd_8s_8s_16s_17_4_1_U169                                                  | 1   |        | mul_ln391_1     | mul        | dsp_slice                | 3       |
|     mac_muladd_8s_8s_16s_17_4_1_U169                                                  | 1   |        | sext_ln391_34   | sext       | dsp_slice                | 3       |
|     mul_8s_8s_16_1_1_U137                                                             |     |        | mul_ln391_2     | mul        | auto                     | 0       |
|     mac_muladd_8s_8s_17s_17_4_1_U185                                                  | 1   |        | mul_ln391_3     | mul        | dsp_slice                | 3       |
|     mac_muladd_8s_8s_17s_17_4_1_U185                                                  | 1   |        | sext_ln391_36   | sext       | dsp_slice                | 3       |
|     mac_muladd_8s_8s_16s_17_4_1_U186                                                  | 1   |        | mul_ln391_4     | mul        | dsp_slice                | 3       |
|     mac_muladd_8s_8s_16s_17_4_1_U186                                                  | 1   |        | sext_ln391_37   | sext       | dsp_slice                | 3       |
|     mul_8s_8s_16_1_1_U153                                                             |     |        | mul_ln391_5     | mul        | auto                     | 0       |
|     mac_muladd_8s_8s_16s_17_4_1_U170                                                  | 1   |        | mul_ln391_6     | mul        | dsp_slice                | 3       |
|     mac_muladd_8s_8s_16s_17_4_1_U170                                                  | 1   |        | sext_ln391_39   | sext       | dsp_slice                | 3       |
|     mul_8s_8s_16_1_1_U138                                                             |     |        | mul_ln391_7     | mul        | auto                     | 0       |
|     mac_muladd_8s_8s_16s_17_4_1_U171                                                  | 1   |        | mul_ln391_8     | mul        | dsp_slice                | 3       |
|     mac_muladd_8s_8s_16s_17_4_1_U171                                                  | 1   |        | sext_ln391_41   | sext       | dsp_slice                | 3       |
|     mul_8s_8s_16_1_1_U139                                                             |     |        | mul_ln391_9     | mul        | auto                     | 0       |
|     mac_muladd_8s_8s_16s_17_4_1_U172                                                  | 1   |        | mul_ln391_10    | mul        | dsp_slice                | 3       |
|     mac_muladd_8s_8s_16s_17_4_1_U172                                                  | 1   |        | sext_ln391_43   | sext       | dsp_slice                | 3       |
|     mul_8s_8s_16_1_1_U140                                                             |     |        | mul_ln391_11    | mul        | auto                     | 0       |
|     mac_muladd_8s_8s_16s_17_4_1_U173                                                  | 1   |        | mul_ln391_12    | mul        | dsp_slice                | 3       |
|     mac_muladd_8s_8s_16s_17_4_1_U173                                                  | 1   |        | sext_ln391_45   | sext       | dsp_slice                | 3       |
|     mul_8s_8s_16_1_1_U141                                                             |     |        | mul_ln391_13    | mul        | auto                     | 0       |
|     mac_muladd_8s_8s_16s_17_4_1_U187                                                  | 1   |        | mul_ln391_14    | mul        | dsp_slice                | 3       |
|     mac_muladd_8s_8s_16s_17_4_1_U187                                                  | 1   |        | sext_ln391_47   | sext       | dsp_slice                | 3       |
|     mul_8s_8s_16_1_1_U154                                                             |     |        | mul_ln391_15    | mul        | auto                     | 0       |
|     mac_muladd_8s_8s_19s_20_4_1_U205                                                  | 1   |        | mul_ln391_16    | mul        | dsp_slice                | 3       |
|     mac_muladd_8s_8s_19s_20_4_1_U205                                                  | 1   |        | sext_ln391_49   | sext       | dsp_slice                | 3       |
|     mac_muladd_8s_8s_16s_17_4_1_U174                                                  | 1   |        | mul_ln391_17    | mul        | dsp_slice                | 3       |
|     mac_muladd_8s_8s_16s_17_4_1_U174                                                  | 1   |        | sext_ln391_50   | sext       | dsp_slice                | 3       |
|     mul_8s_8s_16_1_1_U142                                                             |     |        | mul_ln391_18    | mul        | auto                     | 0       |
|     mac_muladd_8s_8s_17s_17_4_1_U188                                                  | 1   |        | mul_ln391_19    | mul        | dsp_slice                | 3       |
|     mac_muladd_8s_8s_17s_17_4_1_U188                                                  | 1   |        | sext_ln391_52   | sext       | dsp_slice                | 3       |
|     mac_muladd_8s_8s_16s_17_4_1_U189                                                  | 1   |        | mul_ln391_20    | mul        | dsp_slice                | 3       |
|     mac_muladd_8s_8s_16s_17_4_1_U189                                                  | 1   |        | sext_ln391_53   | sext       | dsp_slice                | 3       |
|     mul_8s_8s_16_1_1_U155                                                             |     |        | mul_ln391_21    | mul        | auto                     | 0       |
|     mac_muladd_8s_8s_16s_17_4_1_U190                                                  | 1   |        | mul_ln391_22    | mul        | dsp_slice                | 3       |
|     mac_muladd_8s_8s_16s_17_4_1_U190                                                  | 1   |        | sext_ln391_55   | sext       | dsp_slice                | 3       |
|     mul_8s_8s_16_1_1_U156                                                             |     |        | mul_ln391_23    | mul        | auto                     | 0       |
|     mac_muladd_8s_8s_18s_19_4_1_U203                                                  | 1   |        | mul_ln391_24    | mul        | dsp_slice                | 3       |
|     mac_muladd_8s_8s_18s_19_4_1_U203                                                  | 1   |        | sext_ln391_57   | sext       | dsp_slice                | 3       |
|     mac_muladd_8s_8s_16s_17_4_1_U175                                                  | 1   |        | mul_ln391_25    | mul        | dsp_slice                | 3       |
|     mac_muladd_8s_8s_16s_17_4_1_U175                                                  | 1   |        | sext_ln391_58   | sext       | dsp_slice                | 3       |
|     mul_8s_8s_16_1_1_U143                                                             |     |        | mul_ln391_26    | mul        | auto                     | 0       |
|     mac_muladd_8s_8s_17s_17_4_1_U191                                                  | 1   |        | mul_ln391_27    | mul        | dsp_slice                | 3       |
|     mac_muladd_8s_8s_17s_17_4_1_U191                                                  | 1   |        | sext_ln391_60   | sext       | dsp_slice                | 3       |
|     mac_muladd_8s_8s_17s_18_4_1_U201                                                  | 1   |        | mul_ln391_28    | mul        | dsp_slice                | 3       |
|     mac_muladd_8s_8s_17s_18_4_1_U201                                                  | 1   |        | sext_ln391_61   | sext       | dsp_slice                | 3       |
|     mac_muladd_8s_8s_16s_17_4_1_U176                                                  | 1   |        | mul_ln391_29    | mul        | dsp_slice                | 3       |
|     mac_muladd_8s_8s_16s_17_4_1_U176                                                  | 1   |        | sext_ln391_62   | sext       | dsp_slice                | 3       |
|     mul_8s_8s_16_1_1_U144                                                             |     |        | mul_ln391_30    | mul        | auto                     | 0       |
|     mac_muladd_8s_8s_17s_17_4_1_U192                                                  | 1   |        | mul_ln391_31    | mul        | dsp_slice                | 3       |
|     mac_muladd_8s_8s_17s_17_4_1_U192                                                  | 1   |        | sext_ln391_64   | sext       | dsp_slice                | 3       |
|     mac_muladd_8s_8s_16s_17_4_1_U176                                                  | 1   |        | add_ln391       | add        | dsp_slice                | 3       |
|     mac_muladd_8s_8s_17s_17_4_1_U192                                                  | 1   |        | add_ln391_1     | add        | dsp_slice                | 3       |
|     mac_muladd_8s_8s_17s_18_4_1_U201                                                  | 1   |        | add_ln391_2     | add        | dsp_slice                | 3       |
|     mac_muladd_8s_8s_16s_17_4_1_U175                                                  | 1   |        | add_ln391_3     | add        | dsp_slice                | 3       |
|     mac_muladd_8s_8s_17s_17_4_1_U191                                                  | 1   |        | add_ln391_4     | add        | dsp_slice                | 3       |
|     add_ln391_5_fu_3088_p2                                                            |     |        | add_ln391_5     | add        | fabric                   | 0       |
|     mac_muladd_8s_8s_18s_19_4_1_U203                                                  | 1   |        | add_ln391_6     | add        | dsp_slice                | 3       |
|     mac_muladd_8s_8s_16s_17_4_1_U190                                                  | 1   |        | add_ln391_7     | add        | dsp_slice                | 3       |
|     mac_muladd_8s_8s_16s_17_4_1_U189                                                  | 1   |        | add_ln391_9     | add        | dsp_slice                | 3       |
|     mac_muladd_8s_8s_16s_17_4_1_U174                                                  | 1   |        | add_ln391_10    | add        | dsp_slice                | 3       |
|     mac_muladd_8s_8s_17s_17_4_1_U188                                                  | 1   |        | add_ln391_11    | add        | dsp_slice                | 3       |
|     add_ln391_12_fu_3008_p2                                                           |     |        | add_ln391_12    | add        | fabric                   | 0       |
|     mac_muladd_8s_8s_19s_20_4_1_U205                                                  | 1   |        | add_ln391_14    | add        | dsp_slice                | 3       |
|     mac_muladd_8s_8s_16s_17_4_1_U187                                                  | 1   |        | add_ln391_15    | add        | dsp_slice                | 3       |
|     add_ln391_16_fu_3157_p2                                                           |     |        | add_ln391_16    | add        | fabric                   | 0       |
|     mac_muladd_8s_8s_16s_17_4_1_U173                                                  | 1   |        | add_ln391_17    | add        | dsp_slice                | 3       |
|     mac_muladd_8s_8s_16s_17_4_1_U172                                                  | 1   |        | add_ln391_18    | add        | dsp_slice                | 3       |
|     add_ln391_19_fu_2908_p2                                                           |     |        | add_ln391_19    | add        | fabric                   | 0       |
|     mac_muladd_8s_8s_16s_17_4_1_U171                                                  | 1   |        | add_ln391_21    | add        | dsp_slice                | 3       |
|     mac_muladd_8s_8s_16s_17_4_1_U170                                                  | 1   |        | add_ln391_22    | add        | dsp_slice                | 3       |
|     add_ln391_23_fu_2920_p2                                                           |     |        | add_ln391_23    | add        | fabric                   | 0       |
|     mac_muladd_8s_8s_16s_17_4_1_U186                                                  | 1   |        | add_ln391_24    | add        | dsp_slice                | 3       |
|     mac_muladd_8s_8s_16s_17_4_1_U169                                                  | 1   |        | add_ln391_25    | add        | dsp_slice                | 3       |
|     mac_muladd_8s_8s_17s_17_4_1_U185                                                  | 1   |        | add_ln391_26    | add        | dsp_slice                | 3       |
|     add_ln391_27_fu_3023_p2                                                           |     |        | add_ln391_27    | add        | fabric                   | 0       |
|     add_ln391_28_fu_3033_p2                                                           |     |        | add_ln391_28    | add        | fabric                   | 0       |
|     mac_muladd_8s_8s_20s_21_4_1_U207                                                  | 1   |        | dot0            | add        | dsp_slice                | 3       |
|     mac_muladd_8s_8s_20s_21_4_1_U208                                                  | 1   |        | mul_ln392       | mul        | dsp_slice                | 3       |
|     mac_muladd_8s_8s_20s_21_4_1_U208                                                  | 1   |        | sext_ln392_32   | sext       | dsp_slice                | 3       |
|     mac_muladd_8s_8s_16s_17_4_1_U177                                                  | 1   |        | mul_ln392_1     | mul        | dsp_slice                | 3       |
|     mac_muladd_8s_8s_16s_17_4_1_U177                                                  | 1   |        | sext_ln392_33   | sext       | dsp_slice                | 3       |
|     mul_8s_8s_16_1_1_U145                                                             |     |        | mul_ln392_2     | mul        | auto                     | 0       |
|     mac_muladd_8s_8s_17s_17_4_1_U193                                                  | 1   |        | mul_ln392_3     | mul        | dsp_slice                | 3       |
|     mac_muladd_8s_8s_17s_17_4_1_U193                                                  | 1   |        | sext_ln392_35   | sext       | dsp_slice                | 3       |
|     mac_muladd_8s_8s_16s_17_4_1_U194                                                  | 1   |        | mul_ln392_4     | mul        | dsp_slice                | 3       |
|     mac_muladd_8s_8s_16s_17_4_1_U194                                                  | 1   |        | sext_ln392_36   | sext       | dsp_slice                | 3       |
|     mul_8s_8s_16_1_1_U157                                                             |     |        | mul_ln392_5     | mul        | auto                     | 0       |
|     mac_muladd_8s_8s_16s_17_4_1_U178                                                  | 1   |        | mul_ln392_6     | mul        | dsp_slice                | 3       |
|     mac_muladd_8s_8s_16s_17_4_1_U178                                                  | 1   |        | sext_ln392_38   | sext       | dsp_slice                | 3       |
|     mul_8s_8s_16_1_1_U146                                                             |     |        | mul_ln392_7     | mul        | auto                     | 0       |
|     mac_muladd_8s_8s_16s_17_4_1_U179                                                  | 1   |        | mul_ln392_8     | mul        | dsp_slice                | 3       |
|     mac_muladd_8s_8s_16s_17_4_1_U179                                                  | 1   |        | sext_ln392_40   | sext       | dsp_slice                | 3       |
|     mul_8s_8s_16_1_1_U147                                                             |     |        | mul_ln392_9     | mul        | auto                     | 0       |
|     mac_muladd_8s_8s_16s_17_4_1_U180                                                  | 1   |        | mul_ln392_10    | mul        | dsp_slice                | 3       |
|     mac_muladd_8s_8s_16s_17_4_1_U180                                                  | 1   |        | sext_ln392_42   | sext       | dsp_slice                | 3       |
|     mul_8s_8s_16_1_1_U148                                                             |     |        | mul_ln392_11    | mul        | auto                     | 0       |
|     mac_muladd_8s_8s_16s_17_4_1_U181                                                  | 1   |        | mul_ln392_12    | mul        | dsp_slice                | 3       |
|     mac_muladd_8s_8s_16s_17_4_1_U181                                                  | 1   |        | sext_ln392_44   | sext       | dsp_slice                | 3       |
|     mul_8s_8s_16_1_1_U149                                                             |     |        | mul_ln392_13    | mul        | auto                     | 0       |
|     mac_muladd_8s_8s_16s_17_4_1_U195                                                  | 1   |        | mul_ln392_14    | mul        | dsp_slice                | 3       |
|     mac_muladd_8s_8s_16s_17_4_1_U195                                                  | 1   |        | sext_ln392_46   | sext       | dsp_slice                | 3       |
|     mul_8s_8s_16_1_1_U158                                                             |     |        | mul_ln392_15    | mul        | auto                     | 0       |
|     mac_muladd_8s_8s_19s_20_4_1_U206                                                  | 1   |        | mul_ln392_16    | mul        | dsp_slice                | 3       |
|     mac_muladd_8s_8s_19s_20_4_1_U206                                                  | 1   |        | sext_ln392_48   | sext       | dsp_slice                | 3       |
|     mac_muladd_8s_8s_16s_17_4_1_U182                                                  | 1   |        | mul_ln392_17    | mul        | dsp_slice                | 3       |
|     mac_muladd_8s_8s_16s_17_4_1_U182                                                  | 1   |        | sext_ln392_49   | sext       | dsp_slice                | 3       |
|     mul_8s_8s_16_1_1_U150                                                             |     |        | mul_ln392_18    | mul        | auto                     | 0       |
|     mac_muladd_8s_8s_17s_17_4_1_U196                                                  | 1   |        | mul_ln392_19    | mul        | dsp_slice                | 3       |
|     mac_muladd_8s_8s_17s_17_4_1_U196                                                  | 1   |        | sext_ln392_51   | sext       | dsp_slice                | 3       |
|     mac_muladd_8s_8s_16s_17_4_1_U197                                                  | 1   |        | mul_ln392_20    | mul        | dsp_slice                | 3       |
|     mac_muladd_8s_8s_16s_17_4_1_U197                                                  | 1   |        | sext_ln392_52   | sext       | dsp_slice                | 3       |
|     mul_8s_8s_16_1_1_U159                                                             |     |        | mul_ln392_21    | mul        | auto                     | 0       |
|     mac_muladd_8s_8s_16s_17_4_1_U198                                                  | 1   |        | mul_ln392_22    | mul        | dsp_slice                | 3       |
|     mac_muladd_8s_8s_16s_17_4_1_U198                                                  | 1   |        | sext_ln392_54   | sext       | dsp_slice                | 3       |
|     mul_8s_8s_16_1_1_U160                                                             |     |        | mul_ln392_23    | mul        | auto                     | 0       |
|     mac_muladd_8s_8s_18s_19_4_1_U204                                                  | 1   |        | mul_ln392_24    | mul        | dsp_slice                | 3       |
|     mac_muladd_8s_8s_18s_19_4_1_U204                                                  | 1   |        | sext_ln392_56   | sext       | dsp_slice                | 3       |
|     mac_muladd_8s_8s_16s_17_4_1_U183                                                  | 1   |        | mul_ln392_25    | mul        | dsp_slice                | 3       |
|     mac_muladd_8s_8s_16s_17_4_1_U183                                                  | 1   |        | sext_ln392_57   | sext       | dsp_slice                | 3       |
|     mul_8s_8s_16_1_1_U151                                                             |     |        | mul_ln392_26    | mul        | auto                     | 0       |
|     mac_muladd_8s_8s_17s_17_4_1_U199                                                  | 1   |        | mul_ln392_27    | mul        | dsp_slice                | 3       |
|     mac_muladd_8s_8s_17s_17_4_1_U199                                                  | 1   |        | sext_ln392_59   | sext       | dsp_slice                | 3       |
|     mac_muladd_8s_8s_17s_18_4_1_U202                                                  | 1   |        | mul_ln392_28    | mul        | dsp_slice                | 3       |
|     mac_muladd_8s_8s_17s_18_4_1_U202                                                  | 1   |        | sext_ln392_60   | sext       | dsp_slice                | 3       |
|     mac_muladd_8s_8s_16s_17_4_1_U184                                                  | 1   |        | mul_ln392_29    | mul        | dsp_slice                | 3       |
|     mac_muladd_8s_8s_16s_17_4_1_U184                                                  | 1   |        | sext_ln392_61   | sext       | dsp_slice                | 3       |
|     mul_8s_8s_16_1_1_U152                                                             |     |        | mul_ln392_30    | mul        | auto                     | 0       |
|     mac_muladd_8s_8s_17s_17_4_1_U200                                                  | 1   |        | mul_ln392_31    | mul        | dsp_slice                | 3       |
|     mac_muladd_8s_8s_17s_17_4_1_U200                                                  | 1   |        | sext_ln392_63   | sext       | dsp_slice                | 3       |
|     mac_muladd_8s_8s_16s_17_4_1_U184                                                  | 1   |        | add_ln392       | add        | dsp_slice                | 3       |
|     mac_muladd_8s_8s_17s_17_4_1_U200                                                  | 1   |        | add_ln392_1     | add        | dsp_slice                | 3       |
|     mac_muladd_8s_8s_17s_18_4_1_U202                                                  | 1   |        | add_ln392_2     | add        | dsp_slice                | 3       |
|     mac_muladd_8s_8s_16s_17_4_1_U183                                                  | 1   |        | add_ln392_3     | add        | dsp_slice                | 3       |
|     mac_muladd_8s_8s_17s_17_4_1_U199                                                  | 1   |        | add_ln392_4     | add        | dsp_slice                | 3       |
|     add_ln392_5_fu_3103_p2                                                            |     |        | add_ln392_5     | add        | fabric                   | 0       |
|     mac_muladd_8s_8s_18s_19_4_1_U204                                                  | 1   |        | add_ln392_6     | add        | dsp_slice                | 3       |
|     mac_muladd_8s_8s_16s_17_4_1_U198                                                  | 1   |        | add_ln392_7     | add        | dsp_slice                | 3       |
|     mac_muladd_8s_8s_16s_17_4_1_U197                                                  | 1   |        | add_ln392_9     | add        | dsp_slice                | 3       |
|     mac_muladd_8s_8s_16s_17_4_1_U182                                                  | 1   |        | add_ln392_10    | add        | dsp_slice                | 3       |
|     mac_muladd_8s_8s_17s_17_4_1_U196                                                  | 1   |        | add_ln392_11    | add        | dsp_slice                | 3       |
|     add_ln392_12_fu_3048_p2                                                           |     |        | add_ln392_12    | add        | fabric                   | 0       |
|     mac_muladd_8s_8s_19s_20_4_1_U206                                                  | 1   |        | add_ln392_14    | add        | dsp_slice                | 3       |
|     mac_muladd_8s_8s_16s_17_4_1_U195                                                  | 1   |        | add_ln392_15    | add        | dsp_slice                | 3       |
|     add_ln392_16_fu_3187_p2                                                           |     |        | add_ln392_16    | add        | fabric                   | 0       |
|     mac_muladd_8s_8s_16s_17_4_1_U181                                                  | 1   |        | add_ln392_17    | add        | dsp_slice                | 3       |
|     mac_muladd_8s_8s_16s_17_4_1_U180                                                  | 1   |        | add_ln392_18    | add        | dsp_slice                | 3       |
|     add_ln392_19_fu_2972_p2                                                           |     |        | add_ln392_19    | add        | fabric                   | 0       |
|     mac_muladd_8s_8s_16s_17_4_1_U179                                                  | 1   |        | add_ln392_21    | add        | dsp_slice                | 3       |
|     mac_muladd_8s_8s_16s_17_4_1_U178                                                  | 1   |        | add_ln392_22    | add        | dsp_slice                | 3       |
|     add_ln392_23_fu_2984_p2                                                           |     |        | add_ln392_23    | add        | fabric                   | 0       |
|     mac_muladd_8s_8s_16s_17_4_1_U194                                                  | 1   |        | add_ln392_24    | add        | dsp_slice                | 3       |
|     mac_muladd_8s_8s_16s_17_4_1_U177                                                  | 1   |        | add_ln392_25    | add        | dsp_slice                | 3       |
|     mac_muladd_8s_8s_17s_17_4_1_U193                                                  | 1   |        | add_ln392_26    | add        | dsp_slice                | 3       |
|     add_ln392_27_fu_3063_p2                                                           |     |        | add_ln392_27    | add        | fabric                   | 0       |
|     add_ln392_28_fu_3073_p2                                                           |     |        | add_ln392_28    | add        | fabric                   | 0       |
|     mac_muladd_8s_8s_20s_21_4_1_U208                                                  | 1   |        | dot1            | add        | dsp_slice                | 3       |
|     sitofp_32s_32_5_no_dsp_1_U130                                                     |     |        | conv37_i        | sitofp     | auto                     | 4       |
|     fmul_32ns_32ns_32_4_max_dsp_1_U126                                                | 3   |        | mul38_i         | fmul       | maxdsp                   | 3       |
|     partselect_32ns_512ns_9ns_32_1_1_U135                                             |     |        | converter       | partselect | auto                     | 0       |
|     fmul_32ns_32ns_32_4_max_dsp_1_U128                                                | 3   |        | partial0        | fmul       | maxdsp                   | 3       |
|     sitofp_32s_32_5_no_dsp_1_U131                                                     |     |        | conv41_i        | sitofp     | auto                     | 4       |
|     fmul_32ns_32ns_32_4_max_dsp_1_U127                                                | 3   |        | mul42_i         | fmul       | maxdsp                   | 3       |
|     converter_27_fu_2568_p2                                                           |     |        | add_ln117       | add        | fabric                   | 0       |
|     partselect_32ns_512ns_9ns_32_1_1_U136                                             |     |        | converter_27    | partselect | auto                     | 0       |
|     fmul_32ns_32ns_32_4_max_dsp_1_U129                                                | 3   |        | partial1        | fmul       | maxdsp                   | 3       |
|     icmp_ln399_fu_1156_p2                                                             |     |        | icmp_ln399      | seteq      | auto                     | 0       |
|     icmp_ln399_1_fu_1162_p2                                                           |     |        | icmp_ln399_1    | seteq      | auto                     | 0       |
|     sparsemux_17_4_32_1_1_U161                                                        |     |        | tmp_s           | sparsemux  | compactencoding_dontcare | 0       |
|     sparsemux_17_4_32_1_1_U162                                                        |     |        | tmp_20          | sparsemux  | compactencoding_dontcare | 0       |
|     sparsemux_17_4_32_1_1_U163                                                        |     |        | tmp_21          | sparsemux  | compactencoding_dontcare | 0       |
|     sparsemux_17_4_32_1_1_U164                                                        |     |        | tmp_22          | sparsemux  | compactencoding_dontcare | 0       |
|     xor_ln399_fu_3492_p2                                                              |     |        | xor_ln399       | xor        | auto                     | 0       |
|     and_ln399_fu_3497_p2                                                              |     |        | and_ln399       | and        | auto                     | 0       |
|     sparsemux_7_2_32_1_1_U165                                                         |     |        | cond54_i        | sparsemux  | onehotencoding_realdef   | 0       |
|     sparsemux_7_2_32_1_1_U166                                                         |     |        | prev1           | sparsemux  | onehotencoding_realdef   | 0       |
|     fadd_32ns_32ns_32_7_full_dsp_1_U124                                               | 2   | yes    | y               | fadd       | fulldsp                  | 6       |
|     fadd_32ns_32ns_32_7_full_dsp_1_U125                                               | 2   | yes    | y_229           | fadd       | fulldsp                  | 6       |
|     icmp_ln412_fu_1168_p2                                                             |     |        | icmp_ln412      | seteq      | auto                     | 0       |
|     output_row0_fu_3718_p2                                                            |     |        | output_row0     | add        | fabric                   | 0       |
|     icmp_ln429_fu_1173_p2                                                             |     |        | icmp_ln429      | seteq      | auto                     | 0       |
|     and_ln429_fu_3759_p2                                                              |     |        | and_ln429       | and        | auto                     | 0       |
|     base_fu_3763_p3                                                                   |     |        | base            | select     | auto_sel                 | 0       |
|     add_ln430_fu_3774_p2                                                              |     |        | add_ln430       | add        | fabric                   | 0       |
|     add_ln431_fu_3796_p2                                                              |     |        | add_ln431       | add        | fabric                   | 0       |
|     sparsemux_9_3_32_1_1_U167                                                         |     |        | tmp_25          | sparsemux  | compactencoding_dontcare | 0       |
|     icmp_ln419_fu_4000_p2                                                             |     |        | icmp_ln419      | setne      | auto                     | 0       |
|     icmp_ln419_1_fu_4006_p2                                                           |     |        | icmp_ln419_1    | seteq      | auto                     | 0       |
|     or_ln419_fu_4012_p2                                                               |     |        | or_ln419        | or         | auto                     | 0       |
|     icmp_ln419_2_fu_3873_p2                                                           |     |        | icmp_ln419_2    | setne      | auto                     | 0       |
|     icmp_ln419_3_fu_3879_p2                                                           |     |        | icmp_ln419_3    | seteq      | auto                     | 0       |
|     or_ln419_1_fu_4018_p2                                                             |     |        | or_ln419_1      | or         | auto                     | 0       |
|     and_ln419_fu_4022_p2                                                              |     |        | and_ln419       | and        | auto                     | 0       |
|     and_ln419_1_fu_4028_p2                                                            |     |        | and_ln419_1     | and        | auto                     | 0       |
|     sparsemux_9_2_32_1_1_U168                                                         |     |        | tmp_26          | sparsemux  | compactencoding_dontcare | 0       |
|     icmp_ln423_fu_4092_p2                                                             |     |        | icmp_ln423      | setne      | auto                     | 0       |
|     icmp_ln423_1_fu_4098_p2                                                           |     |        | icmp_ln423_1    | seteq      | auto                     | 0       |
|     or_ln423_fu_4104_p2                                                               |     |        | or_ln423        | or         | auto                     | 0       |
|     icmp_ln423_2_fu_3939_p2                                                           |     |        | icmp_ln423_2    | setne      | auto                     | 0       |
|     icmp_ln423_3_fu_3945_p2                                                           |     |        | icmp_ln423_3    | seteq      | auto                     | 0       |
|     or_ln423_1_fu_4110_p2                                                             |     |        | or_ln423_1      | or         | auto                     | 0       |
|     and_ln423_fu_4114_p2                                                              |     |        | and_ln423       | and        | auto                     | 0       |
|     and_ln423_1_fu_4120_p2                                                            |     |        | and_ln423_1     | and        | auto                     | 0       |
|     word_in_group_fu_1184_p2                                                          |     |        | word_in_group   | add        | fabric                   | 0       |
|     icmp_ln436_fu_1190_p2                                                             |     |        | icmp_ln436      | seteq      | auto                     | 0       |
|     icmp_ln438_fu_1196_p2                                                             |     |        | icmp_ln438      | seteq      | auto                     | 0       |
|     and_ln438_fu_1202_p2                                                              |     |        | and_ln438       | and        | auto                     | 0       |
|     group_2_fu_1207_p2                                                                |     |        | group_2         | add        | fabric                   | 0       |
|     icmp_ln440_fu_1213_p2                                                             |     |        | icmp_ln440      | seteq      | auto                     | 0       |
|     block_5_fu_3951_p2                                                                |     |        | block_5         | add        | fabric                   | 0       |
|     group_3_fu_1218_p3                                                                |     |        | group_3         | select     | auto_sel                 | 0       |
|     block_6_fu_3957_p3                                                                |     |        | block_6         | select     | auto_sel                 | 0       |
|     xor_ln436_fu_1226_p2                                                              |     |        | xor_ln436       | xor        | auto                     | 0       |
|     and_ln438_1_fu_1232_p2                                                            |     |        | and_ln438_1     | and        | auto                     | 0       |
|     sparsemux_7_2_32_1_1_U134                                                         |     |        | matrix_1        | sparsemux  | onehotencoding_realdef   | 0       |
|     xor_ln438_fu_1266_p2                                                              |     |        | xor_ln438       | xor        | auto                     | 0       |
|     and_ln438_2_fu_1272_p2                                                            |     |        | and_ln438_2     | and        | auto                     | 0       |
|     group_4_fu_1278_p3                                                                |     |        | group_4         | select     | auto_sel                 | 0       |
|     block_3_fu_3964_p3                                                                |     |        | block_3         | select     | auto_sel                 | 0       |
|     word_in_group_1_fu_1286_p3                                                        |     |        | word_in_group_1 | select     | auto_sel                 | 0       |
|   + p_anonymous_namespace_q8_process_Pipeline_VITIS_LOOP_452_4                        | 0   |        |                 |            |                          |         |
|     icmp_ln452_fu_235_p2                                                              |     |        | icmp_ln452      | seteq      | auto                     | 0       |
|     sparsemux_15_3_32_1_1_U250                                                        |     |        | final_score_1   | sparsemux  | compactencoding_dontcare | 0       |
|     icmp_ln453_fu_358_p2                                                              |     |        | icmp_ln453      | setne      | auto                     | 0       |
|     icmp_ln453_1_fu_364_p2                                                            |     |        | icmp_ln453_1    | seteq      | auto                     | 0       |
|     or_ln453_fu_370_p2                                                                |     |        | or_ln453        | or         | auto                     | 0       |
|     icmp_ln453_2_fu_376_p2                                                            |     |        | icmp_ln453_2    | setne      | auto                     | 0       |
|     icmp_ln453_3_fu_382_p2                                                            |     |        | icmp_ln453_3    | seteq      | auto                     | 0       |
|     or_ln453_1_fu_388_p2                                                              |     |        | or_ln453_1      | or         | auto                     | 0       |
|     and_ln453_fu_394_p2                                                               |     |        | and_ln453       | and        | auto                     | 0       |
|     and_ln453_1_fu_400_p2                                                             |     |        | and_ln453_1     | and        | auto                     | 0       |
|     sparsemux_15_3_32_1_1_U251                                                        |     |        | final_row_1     | sparsemux  | compactencoding_dontcare | 0       |
|     better_fu_406_p2                                                                  |     |        | better          | setlt      | auto                     | 0       |
|     and_ln454_fu_411_p2                                                               |     |        | and_ln454       | and        | auto                     | 0       |
|     and_ln455_fu_417_p2                                                               |     |        | and_ln455       | and        | auto                     | 0       |
|     or_ln455_fu_423_p2                                                                |     |        | or_ln455        | or         | auto                     | 0       |
|     final_score_2_fu_429_p3                                                           |     |        | final_score_2   | select     | auto_sel                 | 0       |
|     final_row_2_fu_435_p3                                                             |     |        | final_row_2     | select     | auto_sel                 | 0       |
|     add_ln452_fu_310_p2                                                               |     |        | add_ln452       | add        | fabric                   | 0       |
|   + p_anonymous_namespace_q8_process_Pipeline_VITIS_LOOP_319_16                       | 0   |        |                 |            |                          |         |
|     icmp_ln319_fu_87_p2                                                               |     |        | icmp_ln319      | seteq      | auto                     | 0       |
|     add_ln319_fu_93_p2                                                                |     |        | add_ln319       | add        | fabric                   | 0       |
|     select_ln321_fu_124_p3                                                            |     |        | select_ln321    | select     | auto_sel                 | 0       |
|   + p_anonymous_namespace_q8_process_Pipeline_VITIS_LOOP_319_15                       | 0   |        |                 |            |                          |         |
|     icmp_ln319_fu_87_p2                                                               |     |        | icmp_ln319      | seteq      | auto                     | 0       |
|     add_ln319_fu_93_p2                                                                |     |        | add_ln319       | add        | fabric                   | 0       |
|     select_ln321_fu_124_p3                                                            |     |        | select_ln321    | select     | auto_sel                 | 0       |
|   + p_anonymous_namespace_q8_process_Pipeline_VITIS_LOOP_319_1                        | 0   |        |                 |            |                          |         |
|     icmp_ln319_fu_97_p2                                                               |     |        | icmp_ln319      | seteq      | auto                     | 0       |
|     add_ln319_fu_103_p2                                                               |     |        | add_ln319       | add        | fabric                   | 0       |
|     select_ln321_fu_134_p3                                                            |     |        | select_ln321    | select     | auto_sel                 | 0       |
|   + p_anonymous_namespace_q8_process_Pipeline_VITIS_LOOP_319_17                       | 0   |        |                 |            |                          |         |
|     icmp_ln319_fu_87_p2                                                               |     |        | icmp_ln319      | seteq      | auto                     | 0       |
|     add_ln319_fu_93_p2                                                                |     |        | add_ln319       | add        | fabric                   | 0       |
|     select_ln321_fu_124_p3                                                            |     |        | select_ln321    | select     | auto_sel                 | 0       |
|  + p_anonymous_namespace_conv_process                                                 | 35  |        |                 |            |                          |         |
|    icmp_ln1036_fu_824_p2                                                              |     |        | icmp_ln1036     | seteq      | auto                     | 0       |
|    icmp_ln1046_fu_842_p2                                                              |     |        | icmp_ln1046     | seteq      | auto                     | 0       |
|    add_ln1046_fu_848_p2                                                               |     |        | add_ln1046      | add        | fabric                   | 0       |
|    sub_ln590_fu_876_p2                                                                |     |        | sub_ln590       | sub        | fabric                   | 0       |
|    add_ln590_fu_882_p2                                                                |     |        | add_ln590       | add        | fabric                   | 0       |
|    add_ln590_1_fu_888_p2                                                              |     |        | add_ln590_1     | add        | fabric                   | 0       |
|    icmp_ln1057_fu_908_p2                                                              |     |        | icmp_ln1057     | seteq      | auto                     | 0       |
|    add_ln1057_fu_914_p2                                                               |     |        | add_ln1057      | add        | fabric                   | 0       |
|    sparsemux_17_3_1_1_1_U567                                                          |     |        | tmp             | sparsemux  | compactencoding_dontcare | 0       |
|    sparsemux_17_3_1_1_1_U568                                                          |     |        | tmp_s           | sparsemux  | compactencoding_dontcare | 0       |
|    sparsemux_17_3_1_1_1_U569                                                          |     |        | tmp_46          | sparsemux  | compactencoding_dontcare | 0       |
|    sparsemux_17_3_1_1_1_U570                                                          |     |        | tmp_47          | sparsemux  | compactencoding_dontcare | 0       |
|    sparsemux_17_3_1_1_1_U571                                                          |     |        | tmp_48          | sparsemux  | compactencoding_dontcare | 0       |
|    sparsemux_17_3_1_1_1_U572                                                          |     |        | tmp_49          | sparsemux  | compactencoding_dontcare | 0       |
|    sparsemux_17_3_1_1_1_U573                                                          |     |        | tmp_50          | sparsemux  | compactencoding_dontcare | 0       |
|    sparsemux_17_3_1_1_1_U574                                                          |     |        | tmp_51          | sparsemux  | compactencoding_dontcare | 0       |
|    sparsemux_17_3_1_1_1_U575                                                          |     |        | seen            | sparsemux  | compactencoding_dontcare | 0       |
|    fadd_32ns_32ns_32_7_full_dsp_1_U559                                                | 2   | yes    | y_303           | fadd       | fulldsp                  | 6       |
|    fadd_32ns_32ns_32_7_full_dsp_1_U560                                                | 2   | yes    | y_304           | fadd       | fulldsp                  | 6       |
|    fadd_32ns_32ns_32_7_full_dsp_1_U561                                                | 2   | yes    | y_305           | fadd       | fulldsp                  | 6       |
|    fadd_32ns_32ns_32_7_full_dsp_1_U562                                                | 2   | yes    | y_306           | fadd       | fulldsp                  | 6       |
|    fadd_32ns_32ns_32_7_full_dsp_1_U559                                                | 2   | yes    | y               | fadd       | fulldsp                  | 6       |
|    fadd_32ns_32ns_32_7_full_dsp_1_U560                                                | 2   | yes    | y_292           | fadd       | fulldsp                  | 6       |
|    fadd_32ns_32ns_32_7_full_dsp_1_U559                                                | 2   | yes    | y_293           | fadd       | fulldsp                  | 6       |
|    fadd_32ns_32ns_32_6_full_dsp_1_U563                                                | 2   |        | x_assign_6      | fadd       | fulldsp                  | 5       |
|    fsqrt_32ns_32ns_32_12_no_dsp_1_U566                                                |     |        | x_assign_7      | fsqrt      | fabric                   | 11      |
|    fdiv_32ns_32ns_32_12_no_dsp_1_U565                                                 |     | yes    | a_assign_s      | fdiv       | fabric                   | 11      |
|    fmul_32ns_32ns_32_5_max_dsp_1_U564                                                 | 3   | yes    | y_307           | fmul       | maxdsp                   | 4       |
|    fadd_32ns_32ns_32_7_full_dsp_1_U559                                                | 2   | yes    | y_308           | fadd       | fulldsp                  | 6       |
|    fadd_32ns_32ns_32_7_full_dsp_1_U560                                                | 2   | yes    | y_309           | fadd       | fulldsp                  | 6       |
|    fadd_32ns_32ns_32_7_full_dsp_1_U561                                                | 2   | yes    | y_310           | fadd       | fulldsp                  | 6       |
|    fadd_32ns_32ns_32_7_full_dsp_1_U562                                                | 2   | yes    | y_311           | fadd       | fulldsp                  | 6       |
|    fadd_32ns_32ns_32_7_full_dsp_1_U559                                                | 2   | yes    | y_299           | fadd       | fulldsp                  | 6       |
|    fadd_32ns_32ns_32_7_full_dsp_1_U560                                                | 2   | yes    | y_300           | fadd       | fulldsp                  | 6       |
|    fadd_32ns_32ns_32_7_full_dsp_1_U559                                                | 2   | yes    | y_301           | fadd       | fulldsp                  | 6       |
|    fadd_32ns_32ns_32_6_full_dsp_1_U563                                                | 2   |        | x_assign_8      | fadd       | fulldsp                  | 5       |
|    fsqrt_32ns_32ns_32_12_no_dsp_1_U566                                                |     |        | x_assign_9      | fsqrt      | fabric                   | 11      |
|    fdiv_32ns_32ns_32_12_no_dsp_1_U565                                                 |     | yes    | inv_3           | fdiv       | fabric                   | 11      |
|   + p_anonymous_namespace_conv_process_Pipeline_VITIS_LOOP_1037_1                     | 0   |        |                 |            |                          |         |
|     icmp_ln1037_fu_180_p2                                                             |     |        | icmp_ln1037     | seteq      | auto                     | 0       |
|     add_ln1037_fu_186_p2                                                              |     |        | add_ln1037      | add        | fabric                   | 0       |
|   + p_anonymous_namespace_conv_process_Pipeline_VITIS_LOOP_1049_4_VITIS_LOOP_1050_5_V | 0   |        |                 |            |                          |         |
|     icmp_ln1049_fu_175_p2                                                             |     |        | icmp_ln1049     | seteq      | auto                     | 0       |
|     add_ln1049_1_fu_181_p2                                                            |     |        | add_ln1049_1    | add        | fabric                   | 0       |
|     add_ln1049_fu_226_p2                                                              |     |        | add_ln1049      | add        | fabric                   | 0       |
|     icmp_ln1050_fu_187_p2                                                             |     |        | icmp_ln1050     | seteq      | auto                     | 0       |
|     select_ln1049_fu_232_p3                                                           |     |        | select_ln1049   | select     | auto_sel                 | 0       |
|     xor_ln1049_fu_239_p2                                                              |     |        | xor_ln1049      | xor        | auto                     | 0       |
|     icmp_ln1051_fu_244_p2                                                             |     |        | icmp_ln1051     | seteq      | auto                     | 0       |
|     and_ln1049_fu_250_p2                                                              |     |        | and_ln1049      | and        | auto                     | 0       |
|     select_ln1049_1_fu_256_p3                                                         |     |        | select_ln1049_1 | select     | auto_sel                 | 0       |
|     add_ln1050_fu_263_p2                                                              |     |        | add_ln1050      | add        | fabric                   | 0       |
|     empty_fu_269_p2                                                                   |     |        | empty           | or         | auto                     | 0       |
|     t_mid2_fu_274_p3                                                                  |     |        | t_mid2          | select     | auto_sel                 | 0       |
|     select_ln1050_fu_282_p3                                                           |     |        | select_ln1050   | select     | auto_sel                 | 0       |
|     add_ln1053_fu_302_p2                                                              |     |        | add_ln1053      | add        | fabric                   | 0       |
|     add_ln1051_fu_338_p2                                                              |     |        | add_ln1051      | add        | fabric                   | 0       |
|     add_ln1050_1_fu_193_p2                                                            |     |        | add_ln1050_1    | add        | fabric                   | 0       |
|     select_ln1050_1_fu_199_p3                                                         |     |        | select_ln1050_1 | select     | auto_sel                 | 0       |
|   + p_anonymous_namespace_conv_process_Pipeline_VITIS_LOOP_327_1                      | 0   |        |                 |            |                          |         |
|     icmp_ln327_fu_67_p2                                                               |     |        | icmp_ln327      | seteq      | auto                     | 0       |
|     add_ln327_fu_73_p2                                                                |     |        | add_ln327       | add        | fabric                   | 0       |
|   + p_anonymous_namespace_conv_process_Pipeline_VITIS_LOOP_327_148                    | 0   |        |                 |            |                          |         |
|     icmp_ln327_fu_67_p2                                                               |     |        | icmp_ln327      | seteq      | auto                     | 0       |
|     add_ln327_fu_73_p2                                                                |     |        | add_ln327       | add        | fabric                   | 0       |
|   + p_anonymous_namespace_conv_process_Pipeline_VITIS_LOOP_586_1                      | 0   |        |                 |            |                          |         |
|     icmp_ln586_fu_249_p2                                                              |     |        | icmp_ln586      | seteq      | auto                     | 0       |
|     add_ln586_fu_255_p2                                                               |     |        | add_ln586       | add        | fabric                   | 0       |
|     add_ln588_fu_270_p2                                                               |     |        | add_ln588       | add        | fabric                   | 0       |
|     t0_fu_344_p3                                                                      |     | yes    | t0              | select     | auto_sel                 | 0       |
|     t1_fu_352_p3                                                                      |     | yes    | t1              | select     | auto_sel                 | 0       |
|     t2_fu_360_p3                                                                      |     | yes    | t2              | select     | auto_sel                 | 0       |
|   + p_anonymous_namespace_conv_process_Pipeline_VITIS_LOOP_327_149                    | 0   |        |                 |            |                          |         |
|     icmp_ln327_fu_67_p2                                                               |     |        | icmp_ln327      | seteq      | auto                     | 0       |
|     add_ln327_fu_73_p2                                                                |     |        | add_ln327       | add        | fabric                   | 0       |
|   + p_anonymous_namespace_conv_process_Pipeline_VITIS_LOOP_601_2                      | 0   |        |                 |            |                          |         |
|     icmp_ln601_fu_109_p2                                                              |     |        | icmp_ln601      | seteq      | auto                     | 0       |
|     add_ln601_fu_115_p2                                                               |     |        | add_ln601       | add        | fabric                   | 0       |
|     xor_ln192_fu_143_p2                                                               |     |        | xor_ln192       | xor        | auto                     | 0       |
|   + p_anonymous_namespace_conv_process_Pipeline_VITIS_LOOP_586_151                    | 0   |        |                 |            |                          |         |
|     icmp_ln586_fu_253_p2                                                              |     |        | icmp_ln586      | seteq      | auto                     | 0       |
|     add_ln586_fu_259_p2                                                               |     |        | add_ln586       | add        | fabric                   | 0       |
|     add_ln588_fu_274_p2                                                               |     |        | add_ln588       | add        | fabric                   | 0       |
|     t0_fu_356_p3                                                                      |     | yes    | t0              | select     | auto_sel                 | 0       |
|     t1_fu_364_p3                                                                      |     | yes    | t1              | select     | auto_sel                 | 0       |
|     t2_fu_372_p3                                                                      |     | yes    | t2              | select     | auto_sel                 | 0       |
|   + p_anonymous_namespace_conv_process_Pipeline_VITIS_LOOP_327_150                    | 0   |        |                 |            |                          |         |
|     icmp_ln327_fu_67_p2                                                               |     |        | icmp_ln327      | seteq      | auto                     | 0       |
|     add_ln327_fu_73_p2                                                                |     |        | add_ln327       | add        | fabric                   | 0       |
|   + p_anonymous_namespace_conv_process_Pipeline_VITIS_LOOP_601_252                    | 0   |        |                 |            |                          |         |
|     icmp_ln601_fu_109_p2                                                              |     |        | icmp_ln601      | seteq      | auto                     | 0       |
|     add_ln601_fu_115_p2                                                               |     |        | add_ln601       | add        | fabric                   | 0       |
|     xor_ln192_fu_143_p2                                                               |     |        | xor_ln192       | xor        | auto                     | 0       |
|   + p_anonymous_namespace_conv_process_Pipeline_VITIS_LOOP_586_153                    | 0   |        |                 |            |                          |         |
|     icmp_ln586_fu_253_p2                                                              |     |        | icmp_ln586      | seteq      | auto                     | 0       |
|     add_ln586_fu_259_p2                                                               |     |        | add_ln586       | add        | fabric                   | 0       |
|     add_ln588_fu_274_p2                                                               |     |        | add_ln588       | add        | fabric                   | 0       |
|     t0_fu_360_p3                                                                      |     | yes    | t0              | select     | auto_sel                 | 0       |
|     t1_fu_368_p3                                                                      |     | yes    | t1              | select     | auto_sel                 | 0       |
|     t2_fu_376_p3                                                                      |     | yes    | t2              | select     | auto_sel                 | 0       |
|   + p_anonymous_namespace_conv_process_Pipeline_VITIS_LOOP_614_2                      | 3   |        |                 |            |                          |         |
|     icmp_ln614_fu_257_p2                                                              |     |        | icmp_ln614      | seteq      | auto                     | 0       |
|     add_ln614_fu_263_p2                                                               |     |        | add_ln614       | add        | fabric                   | 0       |
|     sparsemux_17_3_32_1_1_U523                                                        |     | yes    | a_assign        | sparsemux  | compactencoding_dontcare | 0       |
|     fmul_32ns_32ns_32_5_max_dsp_1_U522                                                | 3   | yes    | y               | fmul       | maxdsp                   | 4       |
|   + p_anonymous_namespace_conv_process_Pipeline_VITIS_LOOP_601_254                    | 0   |        |                 |            |                          |         |
|     icmp_ln601_fu_109_p2                                                              |     |        | icmp_ln601      | seteq      | auto                     | 0       |
|     add_ln601_fu_115_p2                                                               |     |        | add_ln601       | add        | fabric                   | 0       |
|     xor_ln192_fu_143_p2                                                               |     |        | xor_ln192       | xor        | auto                     | 0       |
|   + p_anonymous_namespace_conv_process_Pipeline_VITIS_LOOP_621_3                      | 0   |        |                 |            |                          |         |
|     icmp_ln621_fu_93_p2                                                               |     |        | icmp_ln621      | seteq      | auto                     | 0       |
|     add_ln621_fu_99_p2                                                                |     |        | add_ln621       | add        | fabric                   | 0       |
|   + p_anonymous_namespace_conv_process_Pipeline_VITIS_LOOP_614_255                    | 0   |        |                 |            |                          |         |
|     icmp_ln614_fu_257_p2                                                              |     |        | icmp_ln614      | seteq      | auto                     | 0       |
|     add_ln614_fu_263_p2                                                               |     |        | add_ln614       | add        | fabric                   | 0       |
|     sparsemux_17_3_32_1_1_U538                                                        |     | yes    | a_assign_s      | sparsemux  | compactencoding_dontcare | 0       |
|   + p_anonymous_namespace_conv_process_Pipeline_VITIS_LOOP_621_356                    | 0   |        |                 |            |                          |         |
|     icmp_ln621_fu_93_p2                                                               |     |        | icmp_ln621      | seteq      | auto                     | 0       |
|     add_ln621_fu_99_p2                                                                |     |        | add_ln621       | add        | fabric                   | 0       |
|   + p_anonymous_namespace_conv_process_Pipeline_VITIS_LOOP_319_1                      | 0   |        |                 |            |                          |         |
|     icmp_ln319_fu_68_p2                                                               |     |        | icmp_ln319      | seteq      | auto                     | 0       |
|     add_ln319_fu_74_p2                                                                |     |        | add_ln319       | add        | fabric                   | 0       |
|   + p_anonymous_namespace_conv_process_Pipeline_VITIS_LOOP_319_157                    | 0   |        |                 |            |                          |         |
|     icmp_ln319_fu_68_p2                                                               |     |        | icmp_ln319      | seteq      | auto                     | 0       |
|     add_ln319_fu_74_p2                                                                |     |        | add_ln319       | add        | fabric                   | 0       |
|   + p_anonymous_namespace_conv_process_Pipeline_VITIS_LOOP_319_158                    | 0   |        |                 |            |                          |         |
|     icmp_ln319_fu_68_p2                                                               |     |        | icmp_ln319      | seteq      | auto                     | 0       |
|     add_ln319_fu_74_p2                                                                |     |        | add_ln319       | add        | fabric                   | 0       |
|   + p_anonymous_namespace_conv_process_Pipeline_VITIS_LOOP_319_159                    | 0   |        |                 |            |                          |         |
|     icmp_ln319_fu_68_p2                                                               |     |        | icmp_ln319      | seteq      | auto                     | 0       |
|     add_ln319_fu_74_p2                                                                |     |        | add_ln319       | add        | fabric                   | 0       |
|  + p_anonymous_namespace_rec_process                                                  | 121 |        |                 |            |                          |         |
|    icmp_ln1096_fu_1541_p2                                                             |     |        | icmp_ln1096     | seteq      | auto                     | 0       |
|    icmp_ln1105_fu_1555_p2                                                             |     |        | icmp_ln1105     | seteq      | auto                     | 0       |
|    add_ln1105_fu_1561_p2                                                              |     |        | add_ln1105      | add        | fabric                   | 0       |
|    icmp_ln1109_fu_1587_p2                                                             |     |        | icmp_ln1109     | seteq      | auto                     | 0       |
|    add_ln1109_fu_1593_p2                                                              |     |        | add_ln1109      | add        | fabric                   | 0       |
|    sparsemux_17_3_1_1_1_U1171                                                         |     |        | tmp             | sparsemux  | compactencoding_dontcare | 0       |
|    sparsemux_17_3_1_1_1_U1172                                                         |     |        | tmp_s           | sparsemux  | compactencoding_dontcare | 0       |
|    sparsemux_17_3_1_1_1_U1173                                                         |     |        | tmp_14          | sparsemux  | compactencoding_dontcare | 0       |
|    sparsemux_17_3_1_1_1_U1174                                                         |     |        | tmp_15          | sparsemux  | compactencoding_dontcare | 0       |
|    sparsemux_17_3_1_1_1_U1175                                                         |     |        | tmp_16          | sparsemux  | compactencoding_dontcare | 0       |
|    sparsemux_17_3_1_1_1_U1176                                                         |     |        | tmp_17          | sparsemux  | compactencoding_dontcare | 0       |
|    sparsemux_17_3_1_1_1_U1177                                                         |     |        | tmp_18          | sparsemux  | compactencoding_dontcare | 0       |
|    sparsemux_17_3_1_1_1_U1178                                                         |     |        | tmp_19          | sparsemux  | compactencoding_dontcare | 0       |
|    sparsemux_17_3_1_1_1_U1179                                                         |     |        | valid_assign    | sparsemux  | compactencoding_dontcare | 0       |
|    fadd_32ns_32ns_32_7_full_dsp_1_U1164                                               | 2   | yes    | y_225           | fadd       | fulldsp                  | 6       |
|    fadd_32ns_32ns_32_7_full_dsp_1_U1163                                               | 2   | yes    | y_226           | fadd       | fulldsp                  | 6       |
|    fadd_32ns_32ns_32_7_full_dsp_1_U1162                                               | 2   | yes    | y_227           | fadd       | fulldsp                  | 6       |
|    fadd_32ns_32ns_32_7_full_dsp_1_U1167                                               | 2   | yes    | y_228           | fadd       | fulldsp                  | 6       |
|    fadd_32ns_32ns_32_7_full_dsp_1_U1166                                               | 2   | yes    | y               | fadd       | fulldsp                  | 6       |
|    fadd_32ns_32ns_32_7_full_dsp_1_U1165                                               | 2   | yes    | y_221           | fadd       | fulldsp                  | 6       |
|    fadd_32ns_32ns_32_7_full_dsp_1_U1161                                               | 2   | yes    | y_222           | fsub       | fulldsp                  | 6       |
|    fmul_32ns_32ns_32_5_max_dsp_1_U1168                                                | 3   | yes    | y_223           | fmul       | maxdsp                   | 4       |
|    fadd_32ns_32ns_32_7_full_dsp_1_U1163                                               | 2   | yes    | y_224           | fadd       | fulldsp                  | 6       |
|    fsqrt_32ns_32ns_32_12_no_dsp_1_U1170                                               |     |        | x_assign_2      | fsqrt      | fabric                   | 11      |
|    fdiv_32ns_32ns_32_12_no_dsp_1_U1169                                                |     | yes    | inv             | fdiv       | fabric                   | 11      |
|   + p_anonymous_namespace_rec_process_Pipeline_VITIS_LOOP_1097_1                      | 0   |        |                 |            |                          |         |
|     icmp_ln1097_fu_180_p2                                                             |     |        | icmp_ln1097     | seteq      | auto                     | 0       |
|     add_ln1097_fu_186_p2                                                              |     |        | add_ln1097      | add        | fabric                   | 0       |
|   + p_anonymous_namespace_rec_process_Pipeline_VITIS_LOOP_327_1                       | 0   |        |                 |            |                          |         |
|     icmp_ln327_fu_67_p2                                                               |     |        | icmp_ln327      | seteq      | auto                     | 0       |
|     add_ln327_fu_73_p2                                                                |     |        | add_ln327       | add        | fabric                   | 0       |
|   + p_anonymous_namespace_rec_process_Pipeline_VITIS_LOOP_327_11                      | 0   |        |                 |            |                          |         |
|     icmp_ln327_fu_67_p2                                                               |     |        | icmp_ln327      | seteq      | auto                     | 0       |
|     add_ln327_fu_73_p2                                                                |     |        | add_ln327       | add        | fabric                   | 0       |
|   + p_anonymous_namespace_rec_process_Pipeline_VITIS_LOOP_327_12                      | 0   |        |                 |            |                          |         |
|     icmp_ln327_fu_67_p2                                                               |     |        | icmp_ln327      | seteq      | auto                     | 0       |
|     add_ln327_fu_73_p2                                                                |     |        | add_ln327       | add        | fabric                   | 0       |
|   + p_anonymous_namespace_rec_process_Pipeline_VITIS_LOOP_327_13                      | 0   |        |                 |            |                          |         |
|     icmp_ln327_fu_67_p2                                                               |     |        | icmp_ln327      | seteq      | auto                     | 0       |
|     add_ln327_fu_73_p2                                                                |     |        | add_ln327       | add        | fabric                   | 0       |
|   + p_anonymous_namespace_rec_process_Pipeline_VITIS_LOOP_327_14                      | 0   |        |                 |            |                          |         |
|     icmp_ln327_fu_67_p2                                                               |     |        | icmp_ln327      | seteq      | auto                     | 0       |
|     add_ln327_fu_73_p2                                                                |     |        | add_ln327       | add        | fabric                   | 0       |
|   + p_anonymous_namespace_rec_process_Outline_VITIS_LOOP_636_1                        | 32  |        |                 |            |                          |         |
|     icmp_ln636_fu_1071_p2                                                             |     |        | icmp_ln636      | seteq      | auto                     | 0       |
|     add_ln636_fu_1077_p2                                                              |     |        | add_ln636       | add        | fabric                   | 0       |
|     fadd_32ns_32ns_32_7_full_dsp_1_U789                                               | 2   | yes    | sum01_17        | fadd       | fulldsp                  | 6       |
|     fadd_32ns_32ns_32_7_full_dsp_1_U790                                               | 2   | yes    | sum23_17        | fadd       | fulldsp                  | 6       |
|     fadd_32ns_32ns_32_7_full_dsp_1_U791                                               | 2   | yes    | sum45_17        | fadd       | fulldsp                  | 6       |
|     fadd_32ns_32ns_32_7_full_dsp_1_U792                                               | 2   | yes    | sum67_17        | fadd       | fulldsp                  | 6       |
|     fadd_32ns_32ns_32_7_full_dsp_1_U793                                               | 2   | yes    | sum01_18        | fadd       | fulldsp                  | 6       |
|     fadd_32ns_32ns_32_7_full_dsp_1_U794                                               | 2   | yes    | sum23_18        | fadd       | fulldsp                  | 6       |
|     fadd_32ns_32ns_32_7_full_dsp_1_U795                                               | 2   | yes    | sum45_18        | fadd       | fulldsp                  | 6       |
|     fadd_32ns_32ns_32_7_full_dsp_1_U796                                               | 2   | yes    | sum67_18        | fadd       | fulldsp                  | 6       |
|     fadd_32ns_32ns_32_7_full_dsp_1_U797                                               | 2   | yes    | sum01_19        | fadd       | fulldsp                  | 6       |
|     fadd_32ns_32ns_32_7_full_dsp_1_U798                                               | 2   | yes    | sum23_19        | fadd       | fulldsp                  | 6       |
|     fadd_32ns_32ns_32_7_full_dsp_1_U799                                               | 2   | yes    | sum45_19        | fadd       | fulldsp                  | 6       |
|     fadd_32ns_32ns_32_7_full_dsp_1_U800                                               | 2   | yes    | sum67_19        | fadd       | fulldsp                  | 6       |
|     fadd_32ns_32ns_32_7_full_dsp_1_U801                                               | 2   | yes    | sum01_20        | fadd       | fulldsp                  | 6       |
|     fadd_32ns_32ns_32_7_full_dsp_1_U802                                               | 2   | yes    | sum23_20        | fadd       | fulldsp                  | 6       |
|     fadd_32ns_32ns_32_7_full_dsp_1_U803                                               | 2   | yes    | sum45_20        | fadd       | fulldsp                  | 6       |
|     fadd_32ns_32ns_32_7_full_dsp_1_U804                                               | 2   | yes    | y_219           | fadd       | fulldsp                  | 6       |
|    + p_anonymous_namespace_rec_process_Pipeline_VITIS_LOOP_640_2                      | 0   |        |                 |            |                          |         |
|      icmp_ln640_fu_1499_p2                                                            |     |        | icmp_ln640      | seteq      | auto                     | 0       |
|      add_ln640_fu_1505_p2                                                             |     |        | add_ln640       | add        | fabric                   | 0       |
|      select_ln650_fu_1620_p3                                                          |     | yes    | select_ln650    | select     | auto_sel                 | 0       |
|      sparsemux_17_3_32_1_1_U691                                                       |     | yes    | a_assign_s      | sparsemux  | compactencoding_dontcare | 0       |
|      select_ln650_1_fu_1628_p3                                                        |     | yes    | select_ln650_1  | select     | auto_sel                 | 0       |
|      select_ln650_2_fu_1636_p3                                                        |     | yes    | select_ln650_2  | select     | auto_sel                 | 0       |
|      select_ln650_3_fu_1644_p3                                                        |     | yes    | select_ln650_3  | select     | auto_sel                 | 0       |
|      select_ln650_4_fu_1652_p3                                                        |     | yes    | select_ln650_4  | select     | auto_sel                 | 0       |
|      select_ln650_5_fu_1660_p3                                                        |     | yes    | select_ln650_5  | select     | auto_sel                 | 0       |
|      select_ln650_6_fu_1668_p3                                                        |     | yes    | select_ln650_6  | select     | auto_sel                 | 0       |
|      select_ln650_7_fu_1676_p3                                                        |     | yes    | select_ln650_7  | select     | auto_sel                 | 0       |
|      sparsemux_17_3_32_1_1_U692                                                       |     | yes    | a_assign_1      | sparsemux  | compactencoding_dontcare | 0       |
|      sparsemux_17_3_32_1_1_U693                                                       |     | yes    | a_assign_2      | sparsemux  | compactencoding_dontcare | 0       |
|      sparsemux_17_3_32_1_1_U694                                                       |     | yes    | a_assign_3      | sparsemux  | compactencoding_dontcare | 0       |
|      sparsemux_17_3_32_1_1_U695                                                       |     | yes    | a_assign_4      | sparsemux  | compactencoding_dontcare | 0       |
|      sparsemux_17_3_32_1_1_U696                                                       |     | yes    | a_assign_5      | sparsemux  | compactencoding_dontcare | 0       |
|      sparsemux_17_3_32_1_1_U697                                                       |     | yes    | a_assign_6      | sparsemux  | compactencoding_dontcare | 0       |
|      sparsemux_17_3_32_1_1_U698                                                       |     | yes    | a_assign_7      | sparsemux  | compactencoding_dontcare | 0       |
|   + p_anonymous_namespace_rec_process_Pipeline_VITIS_LOOP_662_5                       | 0   |        |                 |            |                          |         |
|     icmp_ln662_fu_835_p2                                                              |     |        | icmp_ln662      | seteq      | auto                     | 0       |
|     add_ln662_fu_841_p2                                                               |     |        | add_ln662       | add        | fabric                   | 0       |
|     sparsemux_65_5_32_1_1_U864                                                        |     |        | b_assign        | sparsemux  | compactencoding_dontcare | 0       |
|   + p_anonymous_namespace_rec_process_Outline_VITIS_LOOP_667_6                        | 0   |        |                 |            |                          |         |
|     icmp_ln667_fu_902_p2                                                              |     |        | icmp_ln667      | seteq      | auto                     | 0       |
|     add_ln667_fu_908_p2                                                               |     |        | add_ln667       | add        | fabric                   | 0       |
|     sparsemux_9_2_32_1_1_x_U1061                                                      |     | yes    | b_assign_s      | sparsemux  | compactencoding_dontcare | 0       |
|     sparsemux_9_2_32_1_1_x_U1062                                                      |     | yes    | b_assign_1      | sparsemux  | compactencoding_dontcare | 0       |
|     sparsemux_9_2_32_1_1_x_U1063                                                      |     | yes    | b_assign_2      | sparsemux  | compactencoding_dontcare | 0       |
|     sparsemux_9_2_32_1_1_x_U1064                                                      |     | yes    | b_assign_3      | sparsemux  | compactencoding_dontcare | 0       |
|     sparsemux_9_2_32_1_1_x_U1065                                                      |     | yes    | b_assign_4      | sparsemux  | compactencoding_dontcare | 0       |
|     sparsemux_9_2_32_1_1_x_U1066                                                      |     | yes    | b_assign_5      | sparsemux  | compactencoding_dontcare | 0       |
|     sparsemux_9_2_32_1_1_x_U1067                                                      |     | yes    | b_assign_6      | sparsemux  | compactencoding_dontcare | 0       |
|     sparsemux_9_2_32_1_1_x_U1068                                                      |     | yes    | b_assign_7      | sparsemux  | compactencoding_dontcare | 0       |
|    + p_anonymous_namespace_rec_process_Pipeline_VITIS_LOOP_671_7                      | 0   |        |                 |            |                          |         |
|      icmp_ln671_fu_1599_p2                                                            |     |        | icmp_ln671      | seteq      | auto                     | 0       |
|      add_ln671_fu_1605_p2                                                             |     |        | add_ln671       | add        | fabric                   | 0       |
|      sparsemux_17_3_32_1_1_U964                                                       |     | yes    | a_assign_9      | sparsemux  | compactencoding_dontcare | 0       |
|      sparsemux_17_3_32_1_1_U965                                                       |     | yes    | a_assign_s      | sparsemux  | compactencoding_dontcare | 0       |
|      sparsemux_17_3_32_1_1_U966                                                       |     | yes    | a_assign_1      | sparsemux  | compactencoding_dontcare | 0       |
|      sparsemux_17_3_32_1_1_U967                                                       |     | yes    | a_assign_2      | sparsemux  | compactencoding_dontcare | 0       |
|      sparsemux_17_3_32_1_1_U968                                                       |     | yes    | a_assign_3      | sparsemux  | compactencoding_dontcare | 0       |
|      sparsemux_17_3_32_1_1_U969                                                       |     | yes    | a_assign_4      | sparsemux  | compactencoding_dontcare | 0       |
|      sparsemux_17_3_32_1_1_U970                                                       |     | yes    | a_assign_5      | sparsemux  | compactencoding_dontcare | 0       |
|      sparsemux_17_3_32_1_1_U971                                                       |     | yes    | a_assign_6      | sparsemux  | compactencoding_dontcare | 0       |
|   + p_anonymous_namespace_rec_process_Pipeline_VITIS_LOOP_703_2                       | 0   |        |                 |            |                          |         |
|     icmp_ln703_fu_257_p2                                                              |     |        | icmp_ln703      | seteq      | auto                     | 0       |
|     add_ln703_fu_263_p2                                                               |     |        | add_ln703       | add        | fabric                   | 0       |
|     sparsemux_17_3_32_1_1_U1137                                                       |     | yes    | a_assign_8      | sparsemux  | compactencoding_dontcare | 0       |
|   + p_anonymous_namespace_rec_process_Pipeline_VITIS_LOOP_712_3                       | 9   |        |                 |            |                          |         |
|     icmp_ln712_fu_161_p2                                                              |     |        | icmp_ln712      | seteq      | auto                     | 0       |
|     add_ln712_fu_167_p2                                                               |     |        | add_ln712       | add        | fabric                   | 0       |
|     xor_ln192_fu_197_p2                                                               |     |        | xor_ln192       | xor        | auto                     | 0       |
|     fexp_32ns_32ns_32_9_full_dsp_1_U1153                                              | 7   |        | tmp_s           | fexp       | fulldsp                  | 8       |
|     fadd_32ns_32ns_32_6_full_dsp_1_U1147                                              | 2   |        | x_assign_5      | fadd       | fulldsp                  | 5       |
|   + p_anonymous_namespace_rec_process_Pipeline_VITIS_LOOP_319_1                       | 0   |        |                 |            |                          |         |
|     icmp_ln319_fu_68_p2                                                               |     |        | icmp_ln319      | seteq      | auto                     | 0       |
|     add_ln319_fu_74_p2                                                                |     |        | add_ln319       | add        | fabric                   | 0       |
|  + p_anonymous_namespace_post_process                                                 | 45  |        |                 |            |                          |         |
|    icmp_ln1150_fu_1872_p2                                                             |     |        | icmp_ln1150     | seteq      | auto                     | 0       |
|    layer_3_fu_1878_p2                                                                 |     |        | layer_3         | add        | fabric                   | 0       |
|    fadd_32ns_32ns_32_7_full_dsp_1_U1652                                               | 2   | yes    | y_261           | fadd       | fulldsp                  | 6       |
|    fadd_32ns_32ns_32_7_full_dsp_1_U1651                                               | 2   | yes    | y_262           | fadd       | fulldsp                  | 6       |
|    fadd_32ns_32ns_32_7_full_dsp_1_U1646                                               | 2   | yes    | y_263           | fadd       | fulldsp                  | 6       |
|    fadd_32ns_32ns_32_7_full_dsp_1_U1657                                               | 2   | yes    | y_264           | fadd       | fulldsp                  | 6       |
|    fadd_32ns_32ns_32_7_full_dsp_1_U1656                                               | 2   | yes    | y_243           | fadd       | fulldsp                  | 6       |
|    fadd_32ns_32ns_32_7_full_dsp_1_U1653                                               | 2   | yes    | y_244           | fadd       | fulldsp                  | 6       |
|    fadd_32ns_32ns_32_7_full_dsp_1_U1644                                               | 2   | yes    | y_245           | fadd       | fulldsp                  | 6       |
|    fmul_32ns_32ns_32_5_max_dsp_1_U1658                                                | 3   | yes    | y_246           | fmul       | maxdsp                   | 4       |
|    fadd_32ns_32ns_32_7_full_dsp_1_U1643                                               | 2   | yes    | y_247           | fadd       | fulldsp                  | 6       |
|    fsqrt_32ns_32ns_32_12_no_dsp_1_U1661                                               |     |        | x_assign_8      | fsqrt      | fabric                   | 11      |
|    fdiv_32ns_32ns_32_12_no_dsp_1_U1659                                                |     |        | inv             | fdiv       | fabric                   | 11      |
|    fadd_32ns_32ns_32_7_full_dsp_1_U1654                                               | 2   | yes    | y_265           | fadd       | fulldsp                  | 6       |
|    fadd_32ns_32ns_32_7_full_dsp_1_U1655                                               | 2   | yes    | y_266           | fadd       | fulldsp                  | 6       |
|    fadd_32ns_32ns_32_7_full_dsp_1_U1648                                               | 2   | yes    | y_267           | fadd       | fulldsp                  | 6       |
|    fadd_32ns_32ns_32_7_full_dsp_1_U1649                                               | 2   | yes    | y_268           | fadd       | fulldsp                  | 6       |
|    fadd_32ns_32ns_32_7_full_dsp_1_U1647                                               | 2   | yes    | y_252           | fadd       | fulldsp                  | 6       |
|    fadd_32ns_32ns_32_7_full_dsp_1_U1645                                               | 2   | yes    | y_253           | fadd       | fulldsp                  | 6       |
|    fadd_32ns_32ns_32_7_full_dsp_1_U1650                                               | 2   | yes    | y_254           | fadd       | fulldsp                  | 6       |
|    fmul_32ns_32ns_32_5_max_dsp_1_U1658                                                | 3   | yes    | y_255           | fmul       | maxdsp                   | 4       |
|    fadd_32ns_32ns_32_7_full_dsp_1_U1643                                               | 2   | yes    | y_256           | fadd       | fulldsp                  | 6       |
|    fsqrt_32ns_32ns_32_12_no_dsp_1_U1661                                               |     |        | x_assign_s      | fsqrt      | fabric                   | 11      |
|    fdiv_32ns_32ns_32_12_no_dsp_1_U1659                                                |     |        | inv_2           | fdiv       | fabric                   | 11      |
|    fadd_32ns_32ns_32_7_full_dsp_1_U1652                                               | 2   | yes    | y_257           | fadd       | fulldsp                  | 6       |
|    fadd_32ns_32ns_32_7_full_dsp_1_U1651                                               | 2   | yes    | y_258           | fadd       | fulldsp                  | 6       |
|    fadd_32ns_32ns_32_7_full_dsp_1_U1646                                               | 2   | yes    | y_259           | fadd       | fulldsp                  | 6       |
|    fadd_32ns_32ns_32_7_full_dsp_1_U1657                                               | 2   | yes    | y_260           | fadd       | fulldsp                  | 6       |
|    fadd_32ns_32ns_32_7_full_dsp_1_U1656                                               | 2   | yes    | y               | fadd       | fulldsp                  | 6       |
|    fadd_32ns_32ns_32_7_full_dsp_1_U1653                                               | 2   | yes    | y_235           | fadd       | fulldsp                  | 6       |
|    fadd_32ns_32ns_32_7_full_dsp_1_U1644                                               | 2   | yes    | y_236           | fadd       | fulldsp                  | 6       |
|    fmul_32ns_32ns_32_5_max_dsp_1_U1658                                                | 3   | yes    | y_237           | fmul       | maxdsp                   | 4       |
|    fadd_32ns_32ns_32_7_full_dsp_1_U1643                                               | 2   | yes    | y_238           | fadd       | fulldsp                  | 6       |
|    fsqrt_32ns_32ns_32_12_no_dsp_1_U1661                                               |     |        | x_assign_6      | fsqrt      | fabric                   | 11      |
|    fdiv_32ns_32ns_32_12_no_dsp_1_U1659                                                |     |        | inv_1           | fdiv       | fabric                   | 11      |
|    icmp_ln538_fu_2745_p2                                                              |     |        | icmp_ln538      | seteq      | auto                     | 0       |
|    add_ln538_fu_2751_p2                                                               |     |        | add_ln538       | add        | fabric                   | 0       |
|    icmp_ln515_fu_2840_p2                                                              |     |        | icmp_ln515      | setne      | auto                     | 0       |
|    icmp_ln515_1_fu_2846_p2                                                            |     |        | icmp_ln515_1    | seteq      | auto                     | 0       |
|    or_ln515_fu_2852_p2                                                                |     |        | or_ln515        | or         | auto                     | 0       |
|    fcmp_32ns_32ns_1_2_no_dsp_1_U1660                                                  |     |        | tmp_20          | fcmp       | auto                     | 1       |
|    and_ln515_fu_2858_p2                                                               |     |        | and_ln515       | and        | auto                     | 0       |
|    fdiv_32ns_32ns_32_12_no_dsp_1_U1659                                                |     |        | scale           | fdiv       | fabric                   | 11      |
|    fdiv_32ns_32ns_32_12_no_dsp_1_U1659                                                |     |        | inv_scale       | fdiv       | fabric                   | 11      |
|   + p_anonymous_namespace_post_process_Pipeline_VITIS_LOOP_327_1                      | 0   |        |                 |            |                          |         |
|     icmp_ln327_fu_67_p2                                                               |     |        | icmp_ln327      | seteq      | auto                     | 0       |
|     add_ln327_fu_73_p2                                                                |     |        | add_ln327       | add        | fabric                   | 0       |
|   + p_anonymous_namespace_post_process_Pipeline_VITIS_LOOP_327_18                     | 0   |        |                 |            |                          |         |
|     icmp_ln327_fu_67_p2                                                               |     |        | icmp_ln327      | seteq      | auto                     | 0       |
|     add_ln327_fu_73_p2                                                                |     |        | add_ln327       | add        | fabric                   | 0       |
|   + p_anonymous_namespace_post_process_Pipeline_VITIS_LOOP_475_2                      | 0   |        |                 |            |                          |         |
|     icmp_ln475_fu_255_p2                                                              |     |        | icmp_ln475      | seteq      | auto                     | 0       |
|     add_ln475_fu_261_p2                                                               |     |        | add_ln475       | add        | fabric                   | 0       |
|     sparsemux_17_3_32_1_1_U1218                                                       |     | yes    | a_assign_s      | sparsemux  | compactencoding_dontcare | 0       |
|   + p_anonymous_namespace_post_process_Pipeline_VITIS_LOOP_327_132                    | 0   |        |                 |            |                          |         |
|     icmp_ln327_fu_67_p2                                                               |     |        | icmp_ln327      | seteq      | auto                     | 0       |
|     add_ln327_fu_73_p2                                                                |     |        | add_ln327       | add        | fabric                   | 0       |
|   + p_anonymous_namespace_post_process_Pipeline_VITIS_LOOP_475_233                    | 0   |        |                 |            |                          |         |
|     icmp_ln475_fu_255_p2                                                              |     |        | icmp_ln475      | seteq      | auto                     | 0       |
|     add_ln475_fu_261_p2                                                               |     |        | add_ln475       | add        | fabric                   | 0       |
|     sparsemux_17_3_32_1_1_U1562                                                       |     | yes    | a_assign_s      | sparsemux  | compactencoding_dontcare | 0       |
|   + p_anonymous_namespace_post_process_Pipeline_VITIS_LOOP_484_3                      | 0   |        |                 |            |                          |         |
|     icmp_ln484_fu_120_p2                                                              |     |        | icmp_ln484      | seteq      | auto                     | 0       |
|     add_ln484_fu_126_p2                                                               |     |        | add_ln484       | add        | fabric                   | 0       |
|   + p_anonymous_namespace_post_process_Outline_VITIS_LOOP_538_1                       | 0   |        |                 |            |                          |         |
|     icmp_ln538_fu_370_p2                                                              |     |        | icmp_ln538      | seteq      | auto                     | 0       |
|     add_ln538_fu_376_p2                                                               |     |        | add_ln538       | add        | fabric                   | 0       |
|     icmp_ln515_2_fu_453_p2                                                            |     |        | icmp_ln515_2    | setne      | auto                     | 0       |
|     icmp_ln515_3_fu_459_p2                                                            |     |        | icmp_ln515_3    | seteq      | auto                     | 0       |
|     or_ln515_fu_465_p2                                                                |     |        | or_ln515        | or         | auto                     | 0       |
|     and_ln515_fu_471_p2                                                               |     |        | and_ln515       | and        | auto                     | 0       |
|    + p_anonymous_namespace_post_process_Pipeline_VITIS_LOOP_498_2                     | 0   |        |                 |            |                          |         |
|      icmp_ln498_fu_247_p2                                                             |     |        | icmp_ln498      | seteq      | auto                     | 0       |
|      add_ln498_fu_253_p2                                                              |     |        | add_ln498       | add        | fabric                   | 0       |
|      add_ln501_fu_263_p2                                                              |     |        | add_ln501       | add        | fabric                   | 0       |
|      sparsemux_17_3_32_1_1_U1235                                                      |     |        | tmp_s           | sparsemux  | compactencoding_dontcare | 0       |
|      icmp_ln503_4_fu_396_p2                                                           |     |        | icmp_ln503_4    | setne      | auto                     | 0       |
|      icmp_ln503_5_fu_402_p2                                                           |     |        | icmp_ln503_5    | seteq      | auto                     | 0       |
|      or_ln503_2_fu_420_p2                                                             |     |        | or_ln503_2      | or         | auto                     | 0       |
|      icmp_ln503_6_fu_408_p2                                                           |     |        | icmp_ln503_6    | setne      | auto                     | 0       |
|      icmp_ln503_7_fu_414_p2                                                           |     |        | icmp_ln503_7    | seteq      | auto                     | 0       |
|      or_ln503_3_fu_424_p2                                                             |     |        | or_ln503_3      | or         | auto                     | 0       |
|      and_ln503_2_fu_428_p2                                                            |     |        | and_ln503_2     | and        | auto                     | 0       |
|      and_ln503_3_fu_434_p2                                                            |     |        | and_ln503_3     | and        | auto                     | 0       |
|    + p_anonymous_namespace_post_process_Pipeline_VITIS_LOOP_508_3                     | 0   |        |                 |            |                          |         |
|      icmp_ln508_fu_152_p2                                                             |     |        | icmp_ln508      | seteq      | auto                     | 0       |
|      sparsemux_15_3_32_1_1_U1247                                                      |     |        | wmax_6          | sparsemux  | compactencoding_dontcare | 0       |
|      icmp_ln509_4_fu_241_p2                                                           |     |        | icmp_ln509_4    | setne      | auto                     | 0       |
|      icmp_ln509_5_fu_247_p2                                                           |     |        | icmp_ln509_5    | seteq      | auto                     | 0       |
|      or_ln509_2_fu_253_p2                                                             |     |        | or_ln509_2      | or         | auto                     | 0       |
|      icmp_ln509_6_fu_259_p2                                                           |     |        | icmp_ln509_6    | setne      | auto                     | 0       |
|      icmp_ln509_7_fu_265_p2                                                           |     |        | icmp_ln509_7    | seteq      | auto                     | 0       |
|      or_ln509_3_fu_271_p2                                                             |     |        | or_ln509_3      | or         | auto                     | 0       |
|      and_ln509_2_fu_277_p2                                                            |     |        | and_ln509_2     | and        | auto                     | 0       |
|      and_ln509_3_fu_283_p2                                                            |     |        | and_ln509_3     | and        | auto                     | 0       |
|      wmax_fu_289_p3                                                                   |     |        | wmax            | select     | auto_sel                 | 0       |
|      add_ln508_fu_196_p2                                                              |     |        | add_ln508       | add        | fabric                   | 0       |
|    + p_anonymous_namespace_post_process_Pipeline_VITIS_LOOP_524_5                     | 0   |        |                 |            |                          |         |
|      icmp_ln524_fu_670_p2                                                             |     |        | icmp_ln524      | seteq      | auto                     | 0       |
|      add_ln524_fu_676_p2                                                              |     |        | add_ln524       | add        | fabric                   | 0       |
|      add_ln526_fu_690_p2                                                              |     |        | add_ln526       | add        | fabric                   | 0       |
|      icmp_ln167_fu_784_p2                                                             |     |        | icmp_ln167      | setlt      | auto                     | 0       |
|      icmp_ln170_fu_798_p2                                                             |     |        | icmp_ln170      | setgt      | auto                     | 0       |
|      data_fu_835_p2                                                                   |     |        | data            | add        | fabric                   | 0       |
|      xor_ln184_fu_844_p2                                                              |     |        | xor_ln184       | xor        | auto                     | 0       |
|      xs_sig_fu_850_p2                                                                 |     |        | xs_sig          | and        | auto                     | 0       |
|      xor_ln167_fu_878_p2                                                              |     |        | xor_ln167       | xor        | auto                     | 0       |
|      and_ln170_fu_883_p2                                                              |     |        | and_ln170       | and        | auto                     | 0       |
|      sparsemux_7_2_32_1_1_U1258                                                       |     |        | dc_5            | sparsemux  | onehotencoding_realdef   | 0       |
|      add_ln317_fu_955_p2                                                              |     |        | add_ln317       | add        | fabric                   | 0       |
|      sub_ln18_fu_969_p2                                                               |     |        | sub_ln18        | sub        | fabric                   | 0       |
|      select_ln18_2_fu_979_p3                                                          |     |        | select_ln18_2   | select     | auto_sel                 | 0       |
|      lshr_ln18_fu_995_p2                                                              |     |        | lshr_ln18       | lshr       | auto_pipe                | 0       |
|      shl_ln18_fu_1001_p2                                                              |     |        | shl_ln18        | shl        | auto_pipe                | 0       |
|      val_fu_1027_p3                                                                   |     |        | val             | select     | auto_sel                 | 0       |
|      result_10_fu_1035_p2                                                             |     |        | result_10       | sub        | fabric                   | 0       |
|      result_fu_1040_p3                                                                |     |        | result          | select     | auto_sel                 | 0       |
|      icmp_ln527_fu_1056_p2                                                            |     |        | icmp_ln527      | setgt      | auto                     | 0       |
|      quantized_5_fu_1062_p3                                                           |     |        | quantized_5     | select     | auto_sel                 | 0       |
|      icmp_ln528_fu_1070_p2                                                            |     |        | icmp_ln528      | setlt      | auto                     | 0       |
|      lanes_fu_1080_p3                                                                 |     |        | lanes           | select     | auto_sel                 | 0       |
|   + p_anonymous_namespace_post_process_Pipeline_VITIS_LOOP_545_1                      | 0   |        |                 |            |                          |         |
|     icmp_ln545_fu_85_p2                                                               |     |        | icmp_ln545      | seteq      | auto                     | 0       |
|     add_ln545_fu_91_p2                                                                |     |        | add_ln545       | add        | fabric                   | 0       |
|   + p_anonymous_namespace_post_process_Pipeline_VITIS_LOOP_319_1                      | 0   |        |                 |            |                          |         |
|     icmp_ln319_fu_68_p2                                                               |     |        | icmp_ln319      | seteq      | auto                     | 0       |
|     add_ln319_fu_74_p2                                                                |     |        | add_ln319       | add        | fabric                   | 0       |
|   + p_anonymous_namespace_post_process_Pipeline_VITIS_LOOP_1158_2_VITIS_LOOP_327_1    | 0   |        |                 |            |                          |         |
|     icmp_ln1158_fu_99_p2                                                              |     |        | icmp_ln1158     | seteq      | auto                     | 0       |
|     add_ln1158_1_fu_105_p2                                                            |     |        | add_ln1158_1    | add        | fabric                   | 0       |
|     add_ln1158_fu_122_p2                                                              |     |        | add_ln1158      | add        | fabric                   | 0       |
|     icmp_ln327_fu_128_p2                                                              |     |        | icmp_ln327      | seteq      | auto                     | 0       |
|     select_ln1158_fu_134_p3                                                           |     |        | select_ln1158   | select     | auto_sel                 | 0       |
|     select_ln1158_1_fu_142_p3                                                         |     |        | select_ln1158_1 | select     | auto_sel                 | 0       |
|     add_ln329_fu_171_p2                                                               |     |        | add_ln329       | add        | fabric                   | 0       |
|     add_ln327_fu_182_p2                                                               |     |        | add_ln327       | add        | fabric                   | 0       |
|   + p_anonymous_namespace_post_process_Outline_VITIS_LOOP_538_19                      | 0   |        |                 |            |                          |         |
|     icmp_ln538_fu_370_p2                                                              |     |        | icmp_ln538      | seteq      | auto                     | 0       |
|     add_ln538_fu_376_p2                                                               |     |        | add_ln538       | add        | fabric                   | 0       |
|     icmp_ln515_fu_453_p2                                                              |     |        | icmp_ln515      | setne      | auto                     | 0       |
|     icmp_ln515_1_fu_459_p2                                                            |     |        | icmp_ln515_1    | seteq      | auto                     | 0       |
|     or_ln515_fu_465_p2                                                                |     |        | or_ln515        | or         | auto                     | 0       |
|     and_ln515_fu_471_p2                                                               |     |        | and_ln515       | and        | auto                     | 0       |
|    + p_anonymous_namespace_post_process_Pipeline_VITIS_LOOP_498_210                   | 0   |        |                 |            |                          |         |
|      icmp_ln498_fu_247_p2                                                             |     |        | icmp_ln498      | seteq      | auto                     | 0       |
|      add_ln498_fu_253_p2                                                              |     |        | add_ln498       | add        | fabric                   | 0       |
|      add_ln501_fu_263_p2                                                              |     |        | add_ln501       | add        | fabric                   | 0       |
|      sparsemux_17_3_32_1_1_U1310                                                      |     |        | tmp_s           | sparsemux  | compactencoding_dontcare | 0       |
|      icmp_ln503_8_fu_396_p2                                                           |     |        | icmp_ln503_8    | setne      | auto                     | 0       |
|      icmp_ln503_9_fu_402_p2                                                           |     |        | icmp_ln503_9    | seteq      | auto                     | 0       |
|      or_ln503_fu_420_p2                                                               |     |        | or_ln503        | or         | auto                     | 0       |
|      icmp_ln503_fu_408_p2                                                             |     |        | icmp_ln503      | setne      | auto                     | 0       |
|      icmp_ln503_10_fu_414_p2                                                          |     |        | icmp_ln503_10   | seteq      | auto                     | 0       |
|      or_ln503_4_fu_424_p2                                                             |     |        | or_ln503_4      | or         | auto                     | 0       |
|      and_ln503_fu_428_p2                                                              |     |        | and_ln503       | and        | auto                     | 0       |
|      and_ln503_4_fu_434_p2                                                            |     |        | and_ln503_4     | and        | auto                     | 0       |
|    + p_anonymous_namespace_post_process_Pipeline_VITIS_LOOP_508_311                   | 0   |        |                 |            |                          |         |
|      icmp_ln508_fu_152_p2                                                             |     |        | icmp_ln508      | seteq      | auto                     | 0       |
|      sparsemux_15_3_32_1_1_U1322                                                      |     |        | wmax_7          | sparsemux  | compactencoding_dontcare | 0       |
|      icmp_ln509_8_fu_241_p2                                                           |     |        | icmp_ln509_8    | setne      | auto                     | 0       |
|      icmp_ln509_9_fu_247_p2                                                           |     |        | icmp_ln509_9    | seteq      | auto                     | 0       |
|      or_ln509_fu_253_p2                                                               |     |        | or_ln509        | or         | auto                     | 0       |
|      icmp_ln509_fu_259_p2                                                             |     |        | icmp_ln509      | setne      | auto                     | 0       |
|      icmp_ln509_10_fu_265_p2                                                          |     |        | icmp_ln509_10   | seteq      | auto                     | 0       |
|      or_ln509_4_fu_271_p2                                                             |     |        | or_ln509_4      | or         | auto                     | 0       |
|      and_ln509_fu_277_p2                                                              |     |        | and_ln509       | and        | auto                     | 0       |
|      and_ln509_4_fu_283_p2                                                            |     |        | and_ln509_4     | and        | auto                     | 0       |
|      wmax_8_fu_289_p3                                                                 |     |        | wmax_8          | select     | auto_sel                 | 0       |
|      add_ln508_fu_196_p2                                                              |     |        | add_ln508       | add        | fabric                   | 0       |
|    + p_anonymous_namespace_post_process_Pipeline_VITIS_LOOP_524_512                   | 0   |        |                 |            |                          |         |
|      icmp_ln524_fu_670_p2                                                             |     |        | icmp_ln524      | seteq      | auto                     | 0       |
|      add_ln524_fu_676_p2                                                              |     |        | add_ln524       | add        | fabric                   | 0       |
|      add_ln526_fu_690_p2                                                              |     |        | add_ln526       | add        | fabric                   | 0       |
|      icmp_ln167_fu_784_p2                                                             |     |        | icmp_ln167      | setlt      | auto                     | 0       |
|      icmp_ln170_fu_798_p2                                                             |     |        | icmp_ln170      | setgt      | auto                     | 0       |
|      data_fu_835_p2                                                                   |     |        | data            | add        | fabric                   | 0       |
|      xor_ln184_fu_844_p2                                                              |     |        | xor_ln184       | xor        | auto                     | 0       |
|      xs_sig_fu_850_p2                                                                 |     |        | xs_sig          | and        | auto                     | 0       |
|      xor_ln167_fu_878_p2                                                              |     |        | xor_ln167       | xor        | auto                     | 0       |
|      and_ln170_fu_883_p2                                                              |     |        | and_ln170       | and        | auto                     | 0       |
|      sparsemux_7_2_32_1_1_U1333                                                       |     |        | dc_4            | sparsemux  | onehotencoding_realdef   | 0       |
|      add_ln317_fu_955_p2                                                              |     |        | add_ln317       | add        | fabric                   | 0       |
|      sub_ln18_fu_969_p2                                                               |     |        | sub_ln18        | sub        | fabric                   | 0       |
|      select_ln18_fu_979_p3                                                            |     |        | select_ln18     | select     | auto_sel                 | 0       |
|      lshr_ln18_fu_995_p2                                                              |     |        | lshr_ln18       | lshr       | auto_pipe                | 0       |
|      shl_ln18_fu_1001_p2                                                              |     |        | shl_ln18        | shl        | auto_pipe                | 0       |
|      val_fu_1027_p3                                                                   |     |        | val             | select     | auto_sel                 | 0       |
|      result_9_fu_1035_p2                                                              |     |        | result_9        | sub        | fabric                   | 0       |
|      result_fu_1040_p3                                                                |     |        | result          | select     | auto_sel                 | 0       |
|      icmp_ln527_fu_1056_p2                                                            |     |        | icmp_ln527      | setgt      | auto                     | 0       |
|      quantized_4_fu_1062_p3                                                           |     |        | quantized_4     | select     | auto_sel                 | 0       |
|      icmp_ln528_fu_1070_p2                                                            |     |        | icmp_ln528      | setlt      | auto                     | 0       |
|      lanes_128_fu_1080_p3                                                             |     |        | lanes_128       | select     | auto_sel                 | 0       |
|   + p_anonymous_namespace_post_process_Pipeline_VITIS_LOOP_545_113                    | 0   |        |                 |            |                          |         |
|     icmp_ln545_fu_85_p2                                                               |     |        | icmp_ln545      | seteq      | auto                     | 0       |
|     add_ln545_fu_91_p2                                                                |     |        | add_ln545       | add        | fabric                   | 0       |
|   + p_anonymous_namespace_post_process_Pipeline_VITIS_LOOP_327_114                    | 0   |        |                 |            |                          |         |
|     icmp_ln327_fu_67_p2                                                               |     |        | icmp_ln327      | seteq      | auto                     | 0       |
|     add_ln327_fu_73_p2                                                                |     |        | add_ln327       | add        | fabric                   | 0       |
|   + p_anonymous_namespace_post_process_Pipeline_VITIS_LOOP_726_1                      | 0   |        |                 |            |                          |         |
|     icmp_ln726_fu_96_p2                                                               |     |        | icmp_ln726      | seteq      | auto                     | 0       |
|     add_ln726_fu_102_p2                                                               |     |        | add_ln726       | add        | fabric                   | 0       |
|   + p_anonymous_namespace_post_process_Pipeline_VITIS_LOOP_327_115                    | 0   |        |                 |            |                          |         |
|     icmp_ln327_fu_67_p2                                                               |     |        | icmp_ln327      | seteq      | auto                     | 0       |
|     add_ln327_fu_73_p2                                                                |     |        | add_ln327       | add        | fabric                   | 0       |
|   + p_anonymous_namespace_post_process_Pipeline_VITIS_LOOP_475_216                    | 0   |        |                 |            |                          |         |
|     icmp_ln475_fu_255_p2                                                              |     |        | icmp_ln475      | seteq      | auto                     | 0       |
|     add_ln475_fu_261_p2                                                               |     |        | add_ln475       | add        | fabric                   | 0       |
|     sparsemux_17_3_32_1_1_U1387                                                       |     | yes    | a_assign_s      | sparsemux  | compactencoding_dontcare | 0       |
|   + p_anonymous_namespace_post_process_Pipeline_VITIS_LOOP_484_317                    | 0   |        |                 |            |                          |         |
|     icmp_ln484_fu_120_p2                                                              |     |        | icmp_ln484      | seteq      | auto                     | 0       |
|     add_ln484_fu_126_p2                                                               |     |        | add_ln484       | add        | fabric                   | 0       |
|   + p_anonymous_namespace_post_process_Outline_VITIS_LOOP_538_118                     | 0   |        |                 |            |                          |         |
|     icmp_ln538_fu_370_p2                                                              |     |        | icmp_ln538      | seteq      | auto                     | 0       |
|     add_ln538_fu_376_p2                                                               |     |        | add_ln538       | add        | fabric                   | 0       |
|     icmp_ln515_fu_453_p2                                                              |     |        | icmp_ln515      | setne      | auto                     | 0       |
|     icmp_ln515_3_fu_459_p2                                                            |     |        | icmp_ln515_3    | seteq      | auto                     | 0       |
|     or_ln515_fu_465_p2                                                                |     |        | or_ln515        | or         | auto                     | 0       |
|     and_ln515_fu_471_p2                                                               |     |        | and_ln515       | and        | auto                     | 0       |
|    + p_anonymous_namespace_post_process_Pipeline_VITIS_LOOP_498_219                   | 0   |        |                 |            |                          |         |
|      icmp_ln498_fu_247_p2                                                             |     |        | icmp_ln498      | seteq      | auto                     | 0       |
|      add_ln498_fu_253_p2                                                              |     |        | add_ln498       | add        | fabric                   | 0       |
|      add_ln501_fu_263_p2                                                              |     |        | add_ln501       | add        | fabric                   | 0       |
|      sparsemux_17_3_32_1_1_U1404                                                      |     |        | tmp_s           | sparsemux  | compactencoding_dontcare | 0       |
|      icmp_ln503_fu_396_p2                                                             |     |        | icmp_ln503      | setne      | auto                     | 0       |
|      icmp_ln503_7_fu_402_p2                                                           |     |        | icmp_ln503_7    | seteq      | auto                     | 0       |
|      or_ln503_fu_420_p2                                                               |     |        | or_ln503        | or         | auto                     | 0       |
|      icmp_ln503_8_fu_408_p2                                                           |     |        | icmp_ln503_8    | setne      | auto                     | 0       |
|      icmp_ln503_9_fu_414_p2                                                           |     |        | icmp_ln503_9    | seteq      | auto                     | 0       |
|      or_ln503_3_fu_424_p2                                                             |     |        | or_ln503_3      | or         | auto                     | 0       |
|      and_ln503_fu_428_p2                                                              |     |        | and_ln503       | and        | auto                     | 0       |
|      and_ln503_3_fu_434_p2                                                            |     |        | and_ln503_3     | and        | auto                     | 0       |
|    + p_anonymous_namespace_post_process_Pipeline_VITIS_LOOP_508_320                   | 0   |        |                 |            |                          |         |
|      icmp_ln508_fu_152_p2                                                             |     |        | icmp_ln508      | seteq      | auto                     | 0       |
|      sparsemux_15_3_32_1_1_U1416                                                      |     |        | wmax_5          | sparsemux  | compactencoding_dontcare | 0       |
|      icmp_ln509_fu_241_p2                                                             |     |        | icmp_ln509      | setne      | auto                     | 0       |
|      icmp_ln509_7_fu_247_p2                                                           |     |        | icmp_ln509_7    | seteq      | auto                     | 0       |
|      or_ln509_fu_253_p2                                                               |     |        | or_ln509        | or         | auto                     | 0       |
|      icmp_ln509_8_fu_259_p2                                                           |     |        | icmp_ln509_8    | setne      | auto                     | 0       |
|      icmp_ln509_9_fu_265_p2                                                           |     |        | icmp_ln509_9    | seteq      | auto                     | 0       |
|      or_ln509_3_fu_271_p2                                                             |     |        | or_ln509_3      | or         | auto                     | 0       |
|      and_ln509_fu_277_p2                                                              |     |        | and_ln509       | and        | auto                     | 0       |
|      and_ln509_3_fu_283_p2                                                            |     |        | and_ln509_3     | and        | auto                     | 0       |
|      wmax_6_fu_289_p3                                                                 |     |        | wmax_6          | select     | auto_sel                 | 0       |
|      add_ln508_fu_196_p2                                                              |     |        | add_ln508       | add        | fabric                   | 0       |
|    + p_anonymous_namespace_post_process_Pipeline_VITIS_LOOP_524_521                   | 0   |        |                 |            |                          |         |
|      icmp_ln524_fu_670_p2                                                             |     |        | icmp_ln524      | seteq      | auto                     | 0       |
|      add_ln524_fu_676_p2                                                              |     |        | add_ln524       | add        | fabric                   | 0       |
|      add_ln526_fu_690_p2                                                              |     |        | add_ln526       | add        | fabric                   | 0       |
|      icmp_ln167_fu_784_p2                                                             |     |        | icmp_ln167      | setlt      | auto                     | 0       |
|      icmp_ln170_fu_798_p2                                                             |     |        | icmp_ln170      | setgt      | auto                     | 0       |
|      data_fu_835_p2                                                                   |     |        | data            | add        | fabric                   | 0       |
|      xor_ln184_fu_844_p2                                                              |     |        | xor_ln184       | xor        | auto                     | 0       |
|      xs_sig_fu_850_p2                                                                 |     |        | xs_sig          | and        | auto                     | 0       |
|      xor_ln167_fu_878_p2                                                              |     |        | xor_ln167       | xor        | auto                     | 0       |
|      and_ln170_fu_883_p2                                                              |     |        | and_ln170       | and        | auto                     | 0       |
|      sparsemux_7_2_32_1_1_U1427                                                       |     |        | dc_3            | sparsemux  | onehotencoding_realdef   | 0       |
|      add_ln317_fu_955_p2                                                              |     |        | add_ln317       | add        | fabric                   | 0       |
|      sub_ln18_fu_969_p2                                                               |     |        | sub_ln18        | sub        | fabric                   | 0       |
|      select_ln18_fu_979_p3                                                            |     |        | select_ln18     | select     | auto_sel                 | 0       |
|      lshr_ln18_fu_995_p2                                                              |     |        | lshr_ln18       | lshr       | auto_pipe                | 0       |
|      shl_ln18_fu_1001_p2                                                              |     |        | shl_ln18        | shl        | auto_pipe                | 0       |
|      val_fu_1027_p3                                                                   |     |        | val             | select     | auto_sel                 | 0       |
|      result_5_fu_1035_p2                                                              |     |        | result_5        | sub        | fabric                   | 0       |
|      result_fu_1040_p3                                                                |     |        | result          | select     | auto_sel                 | 0       |
|      icmp_ln527_fu_1056_p2                                                            |     |        | icmp_ln527      | setgt      | auto                     | 0       |
|      quantized_3_fu_1062_p3                                                           |     |        | quantized_3     | select     | auto_sel                 | 0       |
|      icmp_ln528_fu_1070_p2                                                            |     |        | icmp_ln528      | setlt      | auto                     | 0       |
|      lanes_96_fu_1080_p3                                                              |     |        | lanes_96        | select     | auto_sel                 | 0       |
|   + p_anonymous_namespace_post_process_Pipeline_VITIS_LOOP_545_122                    | 0   |        |                 |            |                          |         |
|     icmp_ln545_fu_85_p2                                                               |     |        | icmp_ln545      | seteq      | auto                     | 0       |
|     add_ln545_fu_91_p2                                                                |     |        | add_ln545       | add        | fabric                   | 0       |
|   + p_anonymous_namespace_post_process_Pipeline_VITIS_LOOP_327_123                    | 0   |        |                 |            |                          |         |
|     icmp_ln327_fu_67_p2                                                               |     |        | icmp_ln327      | seteq      | auto                     | 0       |
|     add_ln327_fu_73_p2                                                                |     |        | add_ln327       | add        | fabric                   | 0       |
|   + p_anonymous_namespace_post_process_Pipeline_VITIS_LOOP_327_124                    | 0   |        |                 |            |                          |         |
|     icmp_ln327_fu_67_p2                                                               |     |        | icmp_ln327      | seteq      | auto                     | 0       |
|     add_ln327_fu_73_p2                                                                |     |        | add_ln327       | add        | fabric                   | 0       |
|   + p_anonymous_namespace_post_process_Pipeline_VITIS_LOOP_719_1                      | 9   |        |                 |            |                          |         |
|     icmp_ln719_fu_136_p2                                                              |     |        | icmp_ln719      | seteq      | auto                     | 0       |
|     add_ln719_fu_142_p2                                                               |     |        | add_ln719       | add        | fabric                   | 0       |
|     xor_ln192_fu_170_p2                                                               |     |        | xor_ln192       | xor        | auto                     | 0       |
|     fexp_32ns_32ns_32_9_full_dsp_1_U1480                                              | 7   |        | tmp_s           | fexp       | fulldsp                  | 8       |
|     fadd_32ns_32ns_32_6_full_dsp_1_U1476                                              | 2   |        | x_assign_2      | fadd       | fulldsp                  | 5       |
|   + p_anonymous_namespace_post_process_Outline_VITIS_LOOP_538_125                     | 0   |        |                 |            |                          |         |
|     icmp_ln538_fu_368_p2                                                              |     |        | icmp_ln538      | seteq      | auto                     | 0       |
|     add_ln538_fu_374_p2                                                               |     |        | add_ln538       | add        | fabric                   | 0       |
|     icmp_ln515_fu_447_p2                                                              |     |        | icmp_ln515      | setne      | auto                     | 0       |
|     icmp_ln515_2_fu_453_p2                                                            |     |        | icmp_ln515_2    | seteq      | auto                     | 0       |
|     or_ln515_fu_459_p2                                                                |     |        | or_ln515        | or         | auto                     | 0       |
|     and_ln515_fu_465_p2                                                               |     |        | and_ln515       | and        | auto                     | 0       |
|    + p_anonymous_namespace_post_process_Pipeline_VITIS_LOOP_498_226                   | 0   |        |                 |            |                          |         |
|      icmp_ln498_fu_247_p2                                                             |     |        | icmp_ln498      | seteq      | auto                     | 0       |
|      add_ln498_fu_253_p2                                                              |     |        | add_ln498       | add        | fabric                   | 0       |
|      add_ln501_fu_263_p2                                                              |     |        | add_ln501       | add        | fabric                   | 0       |
|      sparsemux_17_3_32_1_1_U1485                                                      |     |        | tmp_s           | sparsemux  | compactencoding_dontcare | 0       |
|      icmp_ln503_fu_396_p2                                                             |     |        | icmp_ln503      | setne      | auto                     | 0       |
|      icmp_ln503_4_fu_402_p2                                                           |     |        | icmp_ln503_4    | seteq      | auto                     | 0       |
|      or_ln503_fu_420_p2                                                               |     |        | or_ln503        | or         | auto                     | 0       |
|      icmp_ln503_5_fu_408_p2                                                           |     |        | icmp_ln503_5    | setne      | auto                     | 0       |
|      icmp_ln503_6_fu_414_p2                                                           |     |        | icmp_ln503_6    | seteq      | auto                     | 0       |
|      or_ln503_2_fu_424_p2                                                             |     |        | or_ln503_2      | or         | auto                     | 0       |
|      and_ln503_fu_428_p2                                                              |     |        | and_ln503       | and        | auto                     | 0       |
|      and_ln503_2_fu_434_p2                                                            |     |        | and_ln503_2     | and        | auto                     | 0       |
|    + p_anonymous_namespace_post_process_Pipeline_VITIS_LOOP_508_327                   | 0   |        |                 |            |                          |         |
|      icmp_ln508_fu_152_p2                                                             |     |        | icmp_ln508      | seteq      | auto                     | 0       |
|      sparsemux_15_3_32_1_1_U1497                                                      |     |        | wmax_3          | sparsemux  | compactencoding_dontcare | 0       |
|      icmp_ln509_fu_241_p2                                                             |     |        | icmp_ln509      | setne      | auto                     | 0       |
|      icmp_ln509_4_fu_247_p2                                                           |     |        | icmp_ln509_4    | seteq      | auto                     | 0       |
|      or_ln509_fu_253_p2                                                               |     |        | or_ln509        | or         | auto                     | 0       |
|      icmp_ln509_5_fu_259_p2                                                           |     |        | icmp_ln509_5    | setne      | auto                     | 0       |
|      icmp_ln509_6_fu_265_p2                                                           |     |        | icmp_ln509_6    | seteq      | auto                     | 0       |
|      or_ln509_2_fu_271_p2                                                             |     |        | or_ln509_2      | or         | auto                     | 0       |
|      and_ln509_fu_277_p2                                                              |     |        | and_ln509       | and        | auto                     | 0       |
|      and_ln509_2_fu_283_p2                                                            |     |        | and_ln509_2     | and        | auto                     | 0       |
|      wmax_4_fu_289_p3                                                                 |     |        | wmax_4          | select     | auto_sel                 | 0       |
|      add_ln508_fu_196_p2                                                              |     |        | add_ln508       | add        | fabric                   | 0       |
|    + p_anonymous_namespace_post_process_Pipeline_VITIS_LOOP_524_528                   | 0   |        |                 |            |                          |         |
|      icmp_ln524_fu_670_p2                                                             |     |        | icmp_ln524      | seteq      | auto                     | 0       |
|      add_ln524_fu_676_p2                                                              |     |        | add_ln524       | add        | fabric                   | 0       |
|      add_ln526_fu_690_p2                                                              |     |        | add_ln526       | add        | fabric                   | 0       |
|      icmp_ln167_fu_784_p2                                                             |     |        | icmp_ln167      | setlt      | auto                     | 0       |
|      icmp_ln170_fu_798_p2                                                             |     |        | icmp_ln170      | setgt      | auto                     | 0       |
|      data_fu_835_p2                                                                   |     |        | data            | add        | fabric                   | 0       |
|      xor_ln184_fu_844_p2                                                              |     |        | xor_ln184       | xor        | auto                     | 0       |
|      xs_sig_fu_850_p2                                                                 |     |        | xs_sig          | and        | auto                     | 0       |
|      xor_ln167_fu_878_p2                                                              |     |        | xor_ln167       | xor        | auto                     | 0       |
|      and_ln170_fu_883_p2                                                              |     |        | and_ln170       | and        | auto                     | 0       |
|      sparsemux_7_2_32_1_1_U1508                                                       |     |        | dc_2            | sparsemux  | onehotencoding_realdef   | 0       |
|      add_ln317_fu_955_p2                                                              |     |        | add_ln317       | add        | fabric                   | 0       |
|      sub_ln18_fu_969_p2                                                               |     |        | sub_ln18        | sub        | fabric                   | 0       |
|      select_ln18_fu_979_p3                                                            |     |        | select_ln18     | select     | auto_sel                 | 0       |
|      lshr_ln18_fu_995_p2                                                              |     |        | lshr_ln18       | lshr       | auto_pipe                | 0       |
|      shl_ln18_fu_1001_p2                                                              |     |        | shl_ln18        | shl        | auto_pipe                | 0       |
|      val_fu_1027_p3                                                                   |     |        | val             | select     | auto_sel                 | 0       |
|      result_3_fu_1035_p2                                                              |     |        | result_3        | sub        | fabric                   | 0       |
|      result_fu_1040_p3                                                                |     |        | result          | select     | auto_sel                 | 0       |
|      icmp_ln527_fu_1056_p2                                                            |     |        | icmp_ln527      | setgt      | auto                     | 0       |
|      quantized_2_fu_1062_p3                                                           |     |        | quantized_2     | select     | auto_sel                 | 0       |
|      icmp_ln528_fu_1070_p2                                                            |     |        | icmp_ln528      | setlt      | auto                     | 0       |
|      lanes_64_fu_1080_p3                                                              |     |        | lanes_64        | select     | auto_sel                 | 0       |
|   + p_anonymous_namespace_post_process_Pipeline_VITIS_LOOP_545_129                    | 0   |        |                 |            |                          |         |
|     icmp_ln545_fu_85_p2                                                               |     |        | icmp_ln545      | seteq      | auto                     | 0       |
|     add_ln545_fu_91_p2                                                                |     |        | add_ln545       | add        | fabric                   | 0       |
|   + p_anonymous_namespace_post_process_Pipeline_VITIS_LOOP_327_130                    | 0   |        |                 |            |                          |         |
|     icmp_ln327_fu_67_p2                                                               |     |        | icmp_ln327      | seteq      | auto                     | 0       |
|     add_ln327_fu_73_p2                                                                |     |        | add_ln327       | add        | fabric                   | 0       |
|   + p_anonymous_namespace_post_process_Pipeline_VITIS_LOOP_726_131                    | 0   |        |                 |            |                          |         |
|     icmp_ln726_fu_96_p2                                                               |     |        | icmp_ln726      | seteq      | auto                     | 0       |
|     add_ln726_fu_102_p2                                                               |     |        | add_ln726       | add        | fabric                   | 0       |
|   + p_anonymous_namespace_post_process_Pipeline_VITIS_LOOP_484_334                    | 0   |        |                 |            |                          |         |
|     icmp_ln484_fu_120_p2                                                              |     |        | icmp_ln484      | seteq      | auto                     | 0       |
|     add_ln484_fu_126_p2                                                               |     |        | add_ln484       | add        | fabric                   | 0       |
|   + p_anonymous_namespace_post_process_Pipeline_VITIS_LOOP_498_235                    | 0   |        |                 |            |                          |         |
|     icmp_ln498_fu_247_p2                                                              |     |        | icmp_ln498      | seteq      | auto                     | 0       |
|     add_ln498_fu_253_p2                                                               |     |        | add_ln498       | add        | fabric                   | 0       |
|     add_ln501_fu_263_p2                                                               |     |        | add_ln501       | add        | fabric                   | 0       |
|     sparsemux_17_3_32_1_1_U1579                                                       |     |        | tmp_s           | sparsemux  | compactencoding_dontcare | 0       |
|     icmp_ln503_fu_396_p2                                                              |     |        | icmp_ln503      | setne      | auto                     | 0       |
|     icmp_ln503_1_fu_402_p2                                                            |     |        | icmp_ln503_1    | seteq      | auto                     | 0       |
|     or_ln503_fu_420_p2                                                                |     |        | or_ln503        | or         | auto                     | 0       |
|     icmp_ln503_2_fu_408_p2                                                            |     |        | icmp_ln503_2    | setne      | auto                     | 0       |
|     icmp_ln503_3_fu_414_p2                                                            |     |        | icmp_ln503_3    | seteq      | auto                     | 0       |
|     or_ln503_1_fu_424_p2                                                              |     |        | or_ln503_1      | or         | auto                     | 0       |
|     and_ln503_fu_428_p2                                                               |     |        | and_ln503       | and        | auto                     | 0       |
|     and_ln503_1_fu_434_p2                                                             |     |        | and_ln503_1     | and        | auto                     | 0       |
|   + p_anonymous_namespace_post_process_Pipeline_VITIS_LOOP_545_138                    | 0   |        |                 |            |                          |         |
|     icmp_ln545_fu_85_p2                                                               |     |        | icmp_ln545      | seteq      | auto                     | 0       |
|     add_ln545_fu_91_p2                                                                |     |        | add_ln545       | add        | fabric                   | 0       |
|   + p_anonymous_namespace_post_process_Pipeline_VITIS_LOOP_508_336                    | 0   |        |                 |            |                          |         |
|     icmp_ln508_fu_152_p2                                                              |     |        | icmp_ln508      | seteq      | auto                     | 0       |
|     sparsemux_15_3_32_1_1_U1591                                                       |     |        | wmax_1          | sparsemux  | compactencoding_dontcare | 0       |
|     icmp_ln509_fu_241_p2                                                              |     |        | icmp_ln509      | setne      | auto                     | 0       |
|     icmp_ln509_1_fu_247_p2                                                            |     |        | icmp_ln509_1    | seteq      | auto                     | 0       |
|     or_ln509_fu_253_p2                                                                |     |        | or_ln509        | or         | auto                     | 0       |
|     icmp_ln509_2_fu_259_p2                                                            |     |        | icmp_ln509_2    | setne      | auto                     | 0       |
|     icmp_ln509_3_fu_265_p2                                                            |     |        | icmp_ln509_3    | seteq      | auto                     | 0       |
|     or_ln509_1_fu_271_p2                                                              |     |        | or_ln509_1      | or         | auto                     | 0       |
|     and_ln509_fu_277_p2                                                               |     |        | and_ln509       | and        | auto                     | 0       |
|     and_ln509_1_fu_283_p2                                                             |     |        | and_ln509_1     | and        | auto                     | 0       |
|     wmax_2_fu_289_p3                                                                  |     |        | wmax_2          | select     | auto_sel                 | 0       |
|     add_ln508_fu_196_p2                                                               |     |        | add_ln508       | add        | fabric                   | 0       |
|   + p_anonymous_namespace_post_process_Pipeline_VITIS_LOOP_524_537                    | 0   |        |                 |            |                          |         |
|     icmp_ln524_fu_670_p2                                                              |     |        | icmp_ln524      | seteq      | auto                     | 0       |
|     add_ln524_fu_676_p2                                                               |     |        | add_ln524       | add        | fabric                   | 0       |
|     add_ln526_fu_690_p2                                                               |     |        | add_ln526       | add        | fabric                   | 0       |
|     icmp_ln167_fu_784_p2                                                              |     |        | icmp_ln167      | setlt      | auto                     | 0       |
|     icmp_ln170_fu_798_p2                                                              |     |        | icmp_ln170      | setgt      | auto                     | 0       |
|     data_fu_835_p2                                                                    |     |        | data            | add        | fabric                   | 0       |
|     xor_ln184_fu_844_p2                                                               |     |        | xor_ln184       | xor        | auto                     | 0       |
|     xs_sig_fu_850_p2                                                                  |     |        | xs_sig          | and        | auto                     | 0       |
|     xor_ln167_fu_878_p2                                                               |     |        | xor_ln167       | xor        | auto                     | 0       |
|     and_ln170_fu_883_p2                                                               |     |        | and_ln170       | and        | auto                     | 0       |
|     sparsemux_7_2_32_1_1_U1602                                                        |     |        | dc_1            | sparsemux  | onehotencoding_realdef   | 0       |
|     add_ln317_fu_955_p2                                                               |     |        | add_ln317       | add        | fabric                   | 0       |
|     sub_ln18_fu_969_p2                                                                |     |        | sub_ln18        | sub        | fabric                   | 0       |
|     select_ln18_fu_979_p3                                                             |     |        | select_ln18     | select     | auto_sel                 | 0       |
|     lshr_ln18_fu_995_p2                                                               |     |        | lshr_ln18       | lshr       | auto_pipe                | 0       |
|     shl_ln18_fu_1001_p2                                                               |     |        | shl_ln18        | shl        | auto_pipe                | 0       |
|     val_fu_1027_p3                                                                    |     |        | val             | select     | auto_sel                 | 0       |
|     result_1_fu_1035_p2                                                               |     |        | result_1        | sub        | fabric                   | 0       |
|     result_fu_1040_p3                                                                 |     |        | result          | select     | auto_sel                 | 0       |
|     icmp_ln527_fu_1056_p2                                                             |     |        | icmp_ln527      | setgt      | auto                     | 0       |
|     quantized_1_fu_1062_p3                                                            |     |        | quantized_1     | select     | auto_sel                 | 0       |
|     icmp_ln528_fu_1070_p2                                                             |     |        | icmp_ln528      | setlt      | auto                     | 0       |
|     lanes_32_fu_1080_p3                                                               |     |        | lanes_32        | select     | auto_sel                 | 0       |
+---------------------------------------------------------------------------------------+-----+--------+-----------------+------------+--------------------------+---------+


================================================================
== Storage Report
================================================================
+-------------------------------------------------------------------------------+---------------+-----------+------+------+--------+--------------------------------------------------------------------------+--------+---------+------------------+
| Name                                                                          | Usage         | Type      | BRAM | URAM | Pragma | Variable                                                                 | Impl   | Latency | Bitwidth, Depth, |
|                                                                               |               |           |      |      |        |                                                                          |        |         | Banks            |
+-------------------------------------------------------------------------------+---------------+-----------+------+------+--------+--------------------------------------------------------------------------+--------+---------+------------------+
| + decode                                                                      |               |           | 178  | 32   |        |                                                                          |        |         |                  |
|   control_s_axi_U                                                             | interface     | s_axilite |      |      |        |                                                                          |        |         |                  |
|   gmem_m_axi_U                                                                | interface     | m_axi     | 8    |      |        |                                                                          |        |         |                  |
|   params0_m_axi_U                                                             | interface     | m_axi     | 30   |      |        |                                                                          |        |         |                  |
|   mem_cmds_U                                                                  | fifo channel  | stream    |      |      |        | mem_cmds                                                                 | srl    | 0       | 48, 8, 1         |
|   scratch_cmds_U                                                              | fifo channel  | stream    |      |      |        | scratch_cmds                                                             | srl    | 0       | 72, 8, 1         |
|   route_cmds_U                                                                | fifo channel  | stream    |      |      |        | route_cmds                                                               | srl    | 0       | 40, 8, 1         |
|   q8_cmds_U                                                                   | fifo channel  | stream    |      |      |        | q8_cmds                                                                  | srl    | 0       | 32, 8, 1         |
|   conv_reset_U                                                                | fifo channel  | stream    |      |      |        | conv_reset                                                               | srl    | 0       | 32, 2, 1         |
|   rec_reset_U                                                                 | fifo channel  | stream    |      |      |        | rec_reset                                                                | srl    | 0       | 32, 2, 1         |
|   embed_U                                                                     | fifo channel  | stream    | 2    |      |        | embed                                                                    | memory | 0       | 32, 256, 1       |
|   rms_final_U                                                                 | fifo channel  | stream    | 2    |      |        | rms_final                                                                | memory | 0       | 32, 256, 1       |
|   rms_att_U                                                                   | fifo channel  | stream    | 2    |      |        | rms_att                                                                  | memory | 0       | 32, 256, 1       |
|   rms_ffn_U                                                                   | fifo channel  | stream    | 2    |      |        | rms_ffn                                                                  | memory | 0       | 32, 256, 1       |
|   beta_side_U                                                                 | fifo channel  | stream    |      |      |        | beta_side                                                                | srl    | 0       | 32, 32, 1        |
|   conv_w_U                                                                    | fifo channel  | stream    |      |      |        | conv_w                                                                   | srl    | 0       | 32, 32, 1        |
|   o_norm_U                                                                    | fifo channel  | stream    |      |      |        | o_norm                                                                   | srl    | 0       | 32, 32, 1        |
|   fill_words_U                                                                | fifo channel  | stream    |      |      |        | fill_words                                                               | srl    | 0       | 512, 2, 1        |
|   axi_words_s_U                                                               | fifo channel  | stream    |      |      |        | axi_words_s                                                              | srl    | 0       | 512, 2, 1        |
|   lm_token_U                                                                  | fifo channel  | stream    |      |      |        | lm_token                                                                 | srl    | 0       | 32, 2, 1         |
|   sram_words_U                                                                | fifo channel  | stream    |      |      |        | sram_words                                                               | srl    | 0       | 512, 2, 1        |
|   weights_U                                                                   | fifo channel  | stream    |      |      |        | weights                                                                  | srl    | 0       | 512, 2, 1        |
|   acts_U                                                                      | fifo channel  | stream    | 16   |      |        | acts                                                                     | memory | 0       | 288, 24, 1       |
|   qkvg_U                                                                      | fifo channel  | stream    | 2    |      |        | qkvg                                                                     | memory | 0       | 32, 256, 1       |
|   o_vec_U                                                                     | fifo channel  | stream    | 2    |      |        | o_vec                                                                    | memory | 0       | 32, 256, 1       |
|   w13_vec_U                                                                   | fifo channel  | stream    | 2    |      |        | w13_vec                                                                  | memory | 0       | 32, 256, 1       |
|   w2_vec_U                                                                    | fifo channel  | stream    | 2    |      |        | w2_vec                                                                   | memory | 0       | 32, 256, 1       |
|   attn_norm_U                                                                 | fifo channel  | stream    | 2    |      |        | attn_norm                                                                | memory | 0       | 32, 256, 1       |
|   betas_U                                                                     | fifo channel  | stream    |      |      |        | betas                                                                    | srl    | 0       | 32, 16, 1        |
|   q_scale_U                                                                   | fifo channel  | stream    |      |      |        | q_scale                                                                  | srl    | 0       | 32, 2, 1         |
|   convd_U                                                                     | fifo channel  | stream    | 2    |      |        | convd                                                                    | memory | 0       | 32, 256, 1       |
|   rec_heads_U                                                                 | fifo channel  | stream    | 2    |      |        | rec_heads                                                                | memory | 0       | 32, 64, 1        |
|  + p_anonymous_namespace_scratch_process                                      |               |           | 0    | 24   |        |                                                                          |        |         |                  |
|    p_anonymous_namespace_scratch_process_stream_stream_stream_scratch_7_U     | ram_s2p       |           |      | 3    | pragma | p_anonymous_namespace_scratch_process_stream_stream_stream_scratch_7     | uram   | 1       | 64, 12288, 1     |
|    p_anonymous_namespace_scratch_process_stream_stream_stream_scratch_5_U     | ram_s2p       |           |      | 3    | pragma | p_anonymous_namespace_scratch_process_stream_stream_stream_scratch_5     | uram   | 1       | 64, 12288, 1     |
|    p_anonymous_namespace_scratch_process_stream_stream_stream_scratch_4_U     | ram_s2p       |           |      | 3    | pragma | p_anonymous_namespace_scratch_process_stream_stream_stream_scratch_4     | uram   | 1       | 64, 12288, 1     |
|    p_anonymous_namespace_scratch_process_stream_stream_stream_scratch_3_U     | ram_s2p       |           |      | 3    | pragma | p_anonymous_namespace_scratch_process_stream_stream_stream_scratch_3     | uram   | 1       | 64, 12288, 1     |
|    p_anonymous_namespace_scratch_process_stream_stream_stream_scratch_2_U     | ram_s2p       |           |      | 3    | pragma | p_anonymous_namespace_scratch_process_stream_stream_stream_scratch_2     | uram   | 1       | 64, 12288, 1     |
|    p_anonymous_namespace_scratch_process_stream_stream_stream_scratch_1_U     | ram_s2p       |           |      | 3    | pragma | p_anonymous_namespace_scratch_process_stream_stream_stream_scratch_1     | uram   | 1       | 64, 12288, 1     |
|    p_anonymous_namespace_scratch_process_stream_stream_stream_scratch_U       | ram_s2p       |           |      | 3    | pragma | p_anonymous_namespace_scratch_process_stream_stream_stream_scratch       | uram   | 1       | 64, 12288, 1     |
|    p_anonymous_namespace_scratch_process_stream_stream_stream_scratch_6_U     | ram_s2p       |           |      | 3    | pragma | p_anonymous_namespace_scratch_process_stream_stream_stream_scratch_6     | uram   | 1       | 64, 12288, 1     |
|  + p_anonymous_namespace_beta_process                                         |               |           | 15   | 0    |        |                                                                          |        |         |                  |
|    a_proj_U                                                                   | ram_1p array  |           | 4    |      |        | a_proj                                                                   | auto   | 1       | 32, 2048, 1      |
|    b_proj_U                                                                   | ram_1p array  |           | 4    |      |        | b_proj                                                                   | auto   | 1       | 32, 2048, 1      |
|    a_decay_U                                                                  | ram_1p array  |           |      |      |        | a_decay                                                                  | auto   | 1       | 32, 8, 1         |
|    dt_bias_U                                                                  | ram_1p array  |           |      |      |        | dt_bias                                                                  | auto   | 1       | 32, 8, 1         |
|    norm_U                                                                     | ram_1p array  |           | 2    |      |        | norm                                                                     | auto   | 1       | 32, 256, 1       |
|   + log_generic_float_s                                                       |               |           | 6    | 0    |        |                                                                          |        |         |                  |
|     log_inverse_lut_table_0_5_64_array_U                                      | rom_1p        |           |      |      |        | log_inverse_lut_table_0_5_64_array                                       | auto   | 1       | 6, 64, 1         |
|     log0_lut_table_ap_fixed_float_0_5_64_array_U                              | rom_1p        |           | 2    |      |        | log0_lut_table_ap_fixed_float_0_5_64_array                               | auto   | 1       | 49, 64, 1        |
|     log_lut_table_ap_fixed_58_9_ap_q_mode_5_ap_o_mode_3_0_4_4_16_array_U      | rom_1p        |           |      |      |        | log_lut_table_ap_fixed_58_9_ap_q_mode_5_ap_o_mode_3_0_4_4_16_array       | auto   | 1       | 45, 16, 1        |
|     log_lut_table_ap_fixed_58_9_ap_q_mode_5_ap_o_mode_3_0_7_6_64_array_U      | rom_1p        |           | 2    |      |        | log_lut_table_ap_fixed_58_9_ap_q_mode_5_ap_o_mode_3_0_7_6_64_array       | auto   | 1       | 42, 64, 1        |
|     log_lut_table_ap_fixed_58_9_ap_q_mode_5_ap_o_mode_3_0_12_6_64_array_U     | rom_1p        |           | 2    |      |        | log_lut_table_ap_fixed_58_9_ap_q_mode_5_ap_o_mode_3_0_12_6_64_array      | auto   | 1       | 37, 64, 1        |
|  + p_anonymous_namespace_q8_process                                           |               |           | 12   | 0    |        |                                                                          |        |         |                  |
|    buf_U                                                                      | ram_1p array  |           | 2    |      |        | buf                                                                      | auto   | 1       | 32, 768, 1       |
|    buf_2_U                                                                    | ram_1p array  |           | 2    |      |        | buf_2                                                                    | auto   | 1       | 32, 768, 1       |
|    act_group_U                                                                | ram_1p array  |           | 15   |      |        | act_group                                                                | auto   | 1       | 256, 24, 1       |
|    act_scale_U                                                                | ram_1p array  |           |      |      |        | act_scale                                                                | auto   | 1       | 32, 24, 1        |
|  + p_anonymous_namespace_conv_process                                         |               |           | 49   | 0    |        |                                                                          |        |         |                  |
|    fadd_32ns_32ns_32_7_full_dsp_1_U561                                        | ram_1p array  |           | 2    |      | yes    | conv_w_5                                                                 | auto   | 1       | 32, 768, 1       |
|    fadd_32ns_32ns_32_7_full_dsp_1_U561                                        | ram_1p array  |           | 2    |      | yes    | conv_w_6                                                                 | auto   | 1       | 32, 768, 1       |
|    fadd_32ns_32ns_32_7_full_dsp_1_U561                                        | ram_1p array  |           | 2    |      | yes    | conv_w_7                                                                 | auto   | 1       | 32, 768, 1       |
|    conv_w_8_U                                                                 | ram_1p array  |           | 2    |      | yes    | conv_w_8                                                                 | auto   | 1       | 32, 768, 1       |
|    q_U                                                                        | ram_2p array  |           | 2    |      | yes    | q                                                                        | auto   | 1       | 32, 32, 1        |
|    k_U                                                                        | ram_2p array  |           | 2    |      | yes    | k                                                                        | auto   | 1       | 32, 32, 1        |
|    v_U                                                                        | ram_2p array  |           | 2    |      | yes    | v                                                                        | auto   | 1       | 32, 32, 1        |
|    g_U                                                                        | ram_1p array  |           | 2    |      |        | g                                                                        | auto   | 1       | 32, 32, 1        |
|    hist_U                                                                     | ram_2p        |           | 34   |      | pragma | hist                                                                     | bram   | 1       | 96, 6144, 1      |
|  + p_anonymous_namespace_rec_process                                          |               |           | 7    | 8    |        |                                                                          |        |         |                  |
|    o_norm_1_U                                                                 | ram_1p array  |           | 2    |      | yes    | o_norm_1                                                                 | auto   | 1       | 32, 32, 1        |
|    q_U                                                                        | ram_1p array  |           | 2    |      | yes    | q                                                                        | auto   | 1       | 32, 32, 1        |
|    k_U                                                                        | ram_1p array  |           | 2    |      | yes    | k                                                                        | auto   | 1       | 32, 32, 1        |
|    fmul_32ns_32ns_32_5_max_dsp_1_U1168                                        | ram_1p array  |           | 2    |      |        | v                                                                        | auto   | 1       | 32, 32, 1        |
|    g_U                                                                        | ram_1p array  |           | 2    |      | yes    | g                                                                        | auto   | 1       | 32, 32, 1        |
|    out_U                                                                      | ram_t2p array |           | 2    |      | yes    | out                                                                      | auto   | 1       | 32, 32, 1        |
|    p_anonymous_namespace_rec_process_stream_stream_stream_stream_stream_S_3_U | ram_s2p       |           |      | 2    | pragma | p_anonymous_namespace_rec_process_stream_stream_stream_stream_stream_S_3 | uram   | 1       | 64, 8192, 1      |
|    p_anonymous_namespace_rec_process_stream_stream_stream_stream_stream_S_2_U | ram_s2p       |           |      | 2    | pragma | p_anonymous_namespace_rec_process_stream_stream_stream_stream_stream_S_2 | uram   | 1       | 64, 8192, 1      |
|    p_anonymous_namespace_rec_process_stream_stream_stream_stream_stream_S_1_U | ram_s2p       |           |      | 2    | pragma | p_anonymous_namespace_rec_process_stream_stream_stream_stream_stream_S_1 | uram   | 1       | 64, 8192, 1      |
|    p_anonymous_namespace_rec_process_stream_stream_stream_stream_stream_S_U   | ram_s2p       |           |      | 2    | pragma | p_anonymous_namespace_rec_process_stream_stream_stream_stream_stream_S   | uram   | 1       | 64, 8192, 1      |
|  + p_anonymous_namespace_post_process                                         |               |           | 19   | 0    |        |                                                                          |        |         |                  |
|    x_U                                                                        | ram_2p array  |           | 2    |      | yes    | x                                                                        | auto   | 1       | 32, 768, 1       |
|    tmp_56_U                                                                   | ram_1p array  |           | 2    |      | yes    | tmp_56                                                                   | auto   | 1       | 32, 768, 1       |
|    fused_U                                                                    | ram_1p array  |           | 2    |      |        | fused                                                                    | auto   | 1       | 32, 768, 1       |
|    w1_U                                                                       | ram_1p array  |           | 2    |      |        | w1                                                                       | auto   | 1       | 32, 768, 1       |
|    w3_U                                                                       | ram_1p array  |           | 2    |      |        | w3                                                                       | auto   | 1       | 32, 768, 1       |
|    weight_U                                                                   | ram_1p array  |           | 2    |      |        | weight                                                                   | auto   | 1       | 32, 256, 1       |
|    act_group_U                                                                | ram_1p array  |           | 8    |      |        | act_group                                                                | auto   | 1       | 256, 24, 1       |
|    act_scale_U                                                                | ram_1p array  |           |      |      |        | act_scale                                                                | auto   | 1       | 32, 24, 1        |
|    mask_table_U                                                               | rom_1p        |           |      |      |        | mask_table                                                               | auto   | 1       | 23, 32, 1        |
|    one_half_table_U                                                           | rom_1p        |           |      |      |        | one_half_table                                                           | auto   | 1       | 24, 32, 1        |
|   + p_anonymous_namespace_post_process_Outline_VITIS_LOOP_538_1               |               |           | 0    | 0    |        |                                                                          |        |         |                  |
|    + p_anonymous_namespace_post_process_Pipeline_VITIS_LOOP_524_5             |               |           | 0    | 0    |        |                                                                          |        |         |                  |
|      mask_table_U                                                             | rom_1p        |           |      |      |        | mask_table                                                               | auto   | 1       | 23, 32, 1        |
|      one_half_table_U                                                         | rom_1p        |           |      |      |        | one_half_table                                                           | auto   | 1       | 24, 32, 1        |
|   + p_anonymous_namespace_post_process_Outline_VITIS_LOOP_538_19              |               |           | 0    | 0    |        |                                                                          |        |         |                  |
|    + p_anonymous_namespace_post_process_Pipeline_VITIS_LOOP_524_512           |               |           | 0    | 0    |        |                                                                          |        |         |                  |
|      mask_table_U                                                             | rom_1p        |           |      |      |        | mask_table                                                               | auto   | 1       | 23, 32, 1        |
|      one_half_table_U                                                         | rom_1p        |           |      |      |        | one_half_table                                                           | auto   | 1       | 24, 32, 1        |
|   + p_anonymous_namespace_post_process_Outline_VITIS_LOOP_538_118             |               |           | 0    | 0    |        |                                                                          |        |         |                  |
|    + p_anonymous_namespace_post_process_Pipeline_VITIS_LOOP_524_521           |               |           | 0    | 0    |        |                                                                          |        |         |                  |
|      mask_table_U                                                             | rom_1p        |           |      |      |        | mask_table                                                               | auto   | 1       | 23, 32, 1        |
|      one_half_table_U                                                         | rom_1p        |           |      |      |        | one_half_table                                                           | auto   | 1       | 24, 32, 1        |
|   + p_anonymous_namespace_post_process_Outline_VITIS_LOOP_538_125             |               |           | 0    | 0    |        |                                                                          |        |         |                  |
|    + p_anonymous_namespace_post_process_Pipeline_VITIS_LOOP_524_528           |               |           | 0    | 0    |        |                                                                          |        |         |                  |
|      mask_table_U                                                             | rom_1p        |           |      |      |        | mask_table                                                               | auto   | 1       | 23, 32, 1        |
|      one_half_table_U                                                         | rom_1p        |           |      |      |        | one_half_table                                                           | auto   | 1       | 24, 32, 1        |
+-------------------------------------------------------------------------------+---------------+-----------+------+------+--------+--------------------------------------------------------------------------+--------+---------+------------------+


================================================================
== Pragma Report
================================================================
* Inferred Pragmas
+----------+---------+-------------------------------------------------------------------------------------------------------------------+-------------------------------+
| Type     | Options | Location                                                                                                          | Inferred From                 |
+----------+---------+-------------------------------------------------------------------------------------------------------------------+-------------------------------+
| PIPELINE |         | loop VITIS_LOOP_508_3 (src/decode.cpp:508:21) in gdn::(anonymous namespace)::post_process (src/decode.cpp:508)    | syn.compile.pipeline_loops=64 |
| PIPELINE |         | loop VITIS_LOOP_719_1 (src/decode.cpp:719:21) in gdn::(anonymous namespace)::post_process (src/decode.cpp:719)    | syn.compile.pipeline_loops=64 |
| PIPELINE |         | loop VITIS_LOOP_1097_1 (src/decode.cpp:1097:24) in gdn::(anonymous namespace)::rec_process (src/decode.cpp:1097)  | syn.compile.pipeline_loops=64 |
| PIPELINE |         | loop VITIS_LOOP_712_3 (src/decode.cpp:712:21) in gdn::(anonymous namespace)::rec_process (src/decode.cpp:712)     | syn.compile.pipeline_loops=64 |
| PIPELINE |         | loop VITIS_LOOP_1037_1 (src/decode.cpp:1037:24) in gdn::(anonymous namespace)::conv_process (src/decode.cpp:1037) | syn.compile.pipeline_loops=64 |
| PIPELINE |         | loop VITIS_LOOP_601_2 (src/decode.cpp:601:21) in gdn::(anonymous namespace)::conv_process (src/decode.cpp:601)    | syn.compile.pipeline_loops=64 |
| PIPELINE |         | loop VITIS_LOOP_452_4 (src/decode.cpp:452:21) in gdn::(anonymous namespace)::q8_process (src/decode.cpp:452)      | syn.compile.pipeline_loops=64 |
| PIPELINE |         | loop VITIS_LOOP_756_1 (src/decode.cpp:756:21) in gdn::(anonymous namespace)::controller (src/decode.cpp:756)      | syn.compile.pipeline_loops=64 |
+----------+---------+-------------------------------------------------------------------------------------------------------------------+-------------------------------+

* Valid Pragma Syntax
+-----------------+---------------------------------------------------------------------------------------------------+-----------------------------------------------------+
| Type            | Options                                                                                           | Location                                            |
+-----------------+---------------------------------------------------------------------------------------------------+-----------------------------------------------------+
| BIND_OP         | variable = y op = fadd impl = fulldsp latency = 6                                                 | in fadd (../../../src/decode.cpp:122)               |
| BIND_OP         | variable = y op = fsub impl = fulldsp latency = 6                                                 | in fsub (../../../src/decode.cpp:128)               |
| BIND_OP         | variable = y op = fmul impl = maxdsp latency = 4                                                  | in fmul (../../../src/decode.cpp:134)               |
| INLINE          |                                                                                                   | in vec_clear (../../../src/decode.cpp:139)          |
| UNROLL          |                                                                                                   | in vec_clear (../../../src/decode.cpp:141)          |
| UNROLL          |                                                                                                   | in vec_clear (../../../src/decode.cpp:143)          |
| INLINE          |                                                                                                   | in reduce8 (../../../src/decode.cpp:150)            |
| INLINE          |                                                                                                   | in sfu (../../../src/decode.cpp:161)                |
| INLINE          |                                                                                                   | in sfu_exp (../../../src/decode.cpp:175)            |
| INLINE          |                                                                                                   | in sfu_log1p (../../../src/decode.cpp:179)          |
| INLINE          |                                                                                                   | in sfu_sqrt (../../../src/decode.cpp:183)           |
| INLINE          |                                                                                                   | in sfu_recip (../../../src/decode.cpp:187)          |
| INLINE          |                                                                                                   | in sfu_sigmoid (../../../src/decode.cpp:191)        |
| INLINE          |                                                                                                   | in sfu_silu (../../../src/decode.cpp:195)           |
| INLINE          |                                                                                                   | in sfu_softplus (../../../src/decode.cpp:199)       |
| INLINE          |                                                                                                   | in sfu_rsqrt (../../../src/decode.cpp:203)          |
| INLINE          |                                                                                                   | in state_addr (../../../src/decode.cpp:208)         |
| INLINE          |                                                                                                   | in pack2 (../../../src/decode.cpp:213)              |
| INLINE          |                                                                                                   | in unpack2 (../../../src/decode.cpp:221)            |
| INLINE          |                                                                                                   | in s_load (../../../src/decode.cpp:227)             |
| UNROLL          |                                                                                                   | in s_load (../../../src/decode.cpp:229)             |
| INLINE          |                                                                                                   | in s_store (../../../src/decode.cpp:235)            |
| UNROLL          |                                                                                                   | in s_store (../../../src/decode.cpp:237)            |
| INLINE          |                                                                                                   | in pack3 (../../../src/decode.cpp:243)              |
| INLINE          |                                                                                                   | in unpack3 (../../../src/decode.cpp:252)            |
| INLINE          |                                                                                                   | in read_word (../../../src/decode.cpp:259)          |
| INLINE          |                                                                                                   | in pack_act_group (../../../src/decode.cpp:271)     |
| UNROLL          |                                                                                                   | in pack_act_group (../../../src/decode.cpp:274)     |
| INLINE          |                                                                                                   | in unpack_act_group (../../../src/decode.cpp:284)   |
| UNROLL          |                                                                                                   | in unpack_act_group (../../../src/decode.cpp:288)   |
| INLINE          |                                                                                                   | in q8_word_count (../../../src/decode.cpp:295)      |
| INLINE          |                                                                                                   | in scratch_read (../../../src/decode.cpp:300)       |
| UNROLL          |                                                                                                   | in scratch_read (../../../src/decode.cpp:303)       |
| INLINE          |                                                                                                   | in scratch_write (../../../src/decode.cpp:310)      |
| UNROLL          |                                                                                                   | in scratch_write (../../../src/decode.cpp:312)      |
| INLINE          |                                                                                                   | in stream_write_vec (../../../src/decode.cpp:318)   |
| PIPELINE        | II = 1                                                                                            | in stream_write_vec (../../../src/decode.cpp:320)   |
| INLINE          |                                                                                                   | in stream_read_vec (../../../src/decode.cpp:326)    |
| PIPELINE        | II = 1                                                                                            | in stream_read_vec (../../../src/decode.cpp:328)    |
| INLINE          |                                                                                                   | in stream_copy_floats (../../../src/decode.cpp:334) |
| INLINE          |                                                                                                   | in q8_consume (../../../src/decode.cpp:341)         |
| ARRAY_PARTITION | variable = acc0 complete dim = 1                                                                  | in q8_consume (../../../src/decode.cpp:348)         |
| ARRAY_PARTITION | variable = acc1 complete dim = 1                                                                  | in q8_consume (../../../src/decode.cpp:349)         |
| ARRAY_PARTITION | variable = input_group complete dim = 1                                                           | in q8_consume (../../../src/decode.cpp:350)         |
| ARRAY_PARTITION | variable = best_score complete dim = 1                                                            | in q8_consume (../../../src/decode.cpp:354)         |
| ARRAY_PARTITION | variable = best_row complete dim = 1                                                              | in q8_consume (../../../src/decode.cpp:355)         |
| UNROLL          |                                                                                                   | in q8_consume (../../../src/decode.cpp:357)         |
| PIPELINE        | II = 1                                                                                            | in q8_consume (../../../src/decode.cpp:369)         |
| DEPENDENCE      | variable = acc0 inter false                                                                       | in q8_consume (../../../src/decode.cpp:370)         |
| DEPENDENCE      | variable = acc1 inter false                                                                       | in q8_consume (../../../src/decode.cpp:371)         |
| DEPENDENCE      | variable = best_score inter false                                                                 | in q8_consume (../../../src/decode.cpp:372)         |
| DEPENDENCE      | variable = best_row inter false                                                                   | in q8_consume (../../../src/decode.cpp:373)         |
| UNROLL          |                                                                                                   | in q8_consume (../../../src/decode.cpp:386)         |
| INLINE          |                                                                                                   | in fp8_rmsnorm (../../../src/decode.cpp:468)        |
| ARRAY_PARTITION | variable = acc complete dim = 1                                                                   | in fp8_rmsnorm (../../../src/decode.cpp:470)        |
| UNROLL          |                                                                                                   | in fp8_rmsnorm (../../../src/decode.cpp:472)        |
| PIPELINE        | II = 1                                                                                            | in fp8_rmsnorm (../../../src/decode.cpp:476)        |
| DEPENDENCE      | variable = acc inter false                                                                        | in fp8_rmsnorm (../../../src/decode.cpp:477)        |
| PIPELINE        | II = 1                                                                                            | in fp8_rmsnorm (../../../src/decode.cpp:485)        |
| INLINE          |                                                                                                   | in fp8_quantize_group (../../../src/decode.cpp:491) |
| ARRAY_PARTITION | variable = lane_max complete dim = 1                                                              | in fp8_quantize_group (../../../src/decode.cpp:493) |
| UNROLL          |                                                                                                   | in fp8_quantize_group (../../../src/decode.cpp:495) |
| PIPELINE        | II = 1                                                                                            | in fp8_quantize_group (../../../src/decode.cpp:499) |
| DEPENDENCE      | variable = lane_max inter false                                                                   | in fp8_quantize_group (../../../src/decode.cpp:500) |
| ARRAY_PARTITION | variable = lanes complete dim = 1                                                                 | in fp8_quantize_group (../../../src/decode.cpp:514) |
| UNROLL          |                                                                                                   | in fp8_quantize_group (../../../src/decode.cpp:517) |
| PIPELINE        | II = 1                                                                                            | in fp8_quantize_group (../../../src/decode.cpp:525) |
| INLINE          |                                                                                                   | in fp8_quantize (../../../src/decode.cpp:536)       |
| INLINE          |                                                                                                   | in emit_act (../../../src/decode.cpp:544)           |
| PIPELINE        | II = 1                                                                                            | in emit_act (../../../src/decode.cpp:546)           |
| INLINE          |                                                                                                   | in load_act (../../../src/decode.cpp:555)           |
| PIPELINE        | II = 1                                                                                            | in load_act (../../../src/decode.cpp:557)           |
| INLINE          |                                                                                                   | in fp8_dot (../../../src/decode.cpp:565)            |
| ARRAY_PARTITION | variable = acc complete dim = 1                                                                   | in fp8_dot (../../../src/decode.cpp:567)            |
| UNROLL          |                                                                                                   | in fp8_dot (../../../src/decode.cpp:569)            |
| PIPELINE        | II = 1                                                                                            | in fp8_dot (../../../src/decode.cpp:573)            |
| DEPENDENCE      | variable = acc inter false                                                                        | in fp8_dot (../../../src/decode.cpp:574)            |
| INLINE          |                                                                                                   | in fp8_conv (../../../src/decode.cpp:585)           |
| PIPELINE        | II = 1                                                                                            | in fp8_conv (../../../src/decode.cpp:587)           |
| INLINE          |                                                                                                   | in fp8_l2scale (../../../src/decode.cpp:607)        |
| ARRAY_PARTITION | variable = acc complete dim = 1                                                                   | in fp8_l2scale (../../../src/decode.cpp:609)        |
| UNROLL          |                                                                                                   | in fp8_l2scale (../../../src/decode.cpp:611)        |
| PIPELINE        | II = 1                                                                                            | in fp8_l2scale (../../../src/decode.cpp:615)        |
| DEPENDENCE      | variable = acc inter false                                                                        | in fp8_l2scale (../../../src/decode.cpp:616)        |
| PIPELINE        | II = 1                                                                                            | in fp8_l2scale (../../../src/decode.cpp:622)        |
| INLINE          |                                                                                                   | in fp8_recurrence (../../../src/decode.cpp:630)     |
| ARRAY_PARTITION | variable = prediction complete dim = 1                                                            | in fp8_recurrence (../../../src/decode.cpp:633)     |
| ARRAY_PARTITION | variable = delta complete dim = 1                                                                 | in fp8_recurrence (../../../src/decode.cpp:634)     |
| ARRAY_PARTITION | variable = acc complete dim = 0                                                                   | in fp8_recurrence (../../../src/decode.cpp:638)     |
| PIPELINE        | II = 1                                                                                            | in fp8_recurrence (../../../src/decode.cpp:641)     |
| DEPENDENCE      | variable = acc inter false                                                                        | in fp8_recurrence (../../../src/decode.cpp:642)     |
| ARRAY_PARTITION | variable = lane complete dim = 1                                                                  | in fp8_recurrence (../../../src/decode.cpp:646)     |
| UNROLL          |                                                                                                   | in fp8_recurrence (../../../src/decode.cpp:649)     |
| UNROLL          |                                                                                                   | in fp8_recurrence (../../../src/decode.cpp:657)     |
| PIPELINE        | II = 1                                                                                            | in fp8_recurrence (../../../src/decode.cpp:663)     |
| ARRAY_PARTITION | variable = acc complete dim = 0                                                                   | in fp8_recurrence (../../../src/decode.cpp:669)     |
| PIPELINE        | II = 1                                                                                            | in fp8_recurrence (../../../src/decode.cpp:672)     |
| DEPENDENCE      | variable = acc inter false                                                                        | in fp8_recurrence (../../../src/decode.cpp:673)     |
| ARRAY_PARTITION | variable = lane complete dim = 1                                                                  | in fp8_recurrence (../../../src/decode.cpp:677)     |
| UNROLL          |                                                                                                   | in fp8_recurrence (../../../src/decode.cpp:680)     |
| UNROLL          |                                                                                                   | in fp8_recurrence (../../../src/decode.cpp:689)     |
| INLINE          |                                                                                                   | in fp8_head_norm_gate (../../../src/decode.cpp:696) |
| ARRAY_PARTITION | variable = acc complete dim = 1                                                                   | in fp8_head_norm_gate (../../../src/decode.cpp:698) |
| UNROLL          |                                                                                                   | in fp8_head_norm_gate (../../../src/decode.cpp:700) |
| PIPELINE        | II = 1                                                                                            | in fp8_head_norm_gate (../../../src/decode.cpp:704) |
| DEPENDENCE      | variable = acc inter false                                                                        | in fp8_head_norm_gate (../../../src/decode.cpp:705) |
| INLINE          |                                                                                                   | in fp8_w13_fuse (../../../src/decode.cpp:718)       |
| INLINE          |                                                                                                   | in fp8_residual (../../../src/decode.cpp:725)       |
| PIPELINE        | II = 1                                                                                            | in fp8_residual (../../../src/decode.cpp:727)       |
| INLINE          |                                                                                                   | in fp8_beta_decay (../../../src/decode.cpp:735)     |
| INLINE          | off                                                                                               | in controller (../../../src/decode.cpp:746)         |
| LOOP_TRIPCOUNT  | min = 8 max = 8                                                                                   | in controller (../../../src/decode.cpp:757)         |
| INLINE          |                                                                                                   | in axi_words (../../../src/decode.cpp:835)          |
| PIPELINE        | II = 4                                                                                            | in axi_words (../../../src/decode.cpp:837)          |
| INLINE          |                                                                                                   | in load_embedding (../../../src/decode.cpp:844)     |
| PIPELINE        | II = 1                                                                                            | in load_embedding (../../../src/decode.cpp:857)     |
| INLINE          | off                                                                                               | in memory_process (../../../src/decode.cpp:874)     |
| LOOP_TRIPCOUNT  | min = 35 max = 35                                                                                 | in memory_process (../../../src/decode.cpp:876)     |
| INLINE          | off                                                                                               | in scratch_process (../../../src/decode.cpp:908)    |
| BIND_STORAGE    | variable = scratch type = ram_s2p impl = uram                                                     | in scratch_process (../../../src/decode.cpp:910)    |
| ARRAY_PARTITION | variable = scratch complete dim = 1                                                               | in scratch_process (../../../src/decode.cpp:911)    |
| LOOP_TRIPCOUNT  | min = 24 max = 24                                                                                 | in scratch_process (../../../src/decode.cpp:914)    |
| PIPELINE        | II = 1                                                                                            | in scratch_process (../../../src/decode.cpp:918)    |
| PIPELINE        | II = 1                                                                                            | in scratch_process (../../../src/decode.cpp:923)    |
| INLINE          | off                                                                                               | in weight_router (../../../src/decode.cpp:934)      |
| LOOP_TRIPCOUNT  | min = 33 max = 33                                                                                 | in weight_router (../../../src/decode.cpp:936)      |
| PIPELINE        | II = 1                                                                                            | in weight_router (../../../src/decode.cpp:940)      |
| PIPELINE        | II = 1                                                                                            | in weight_router (../../../src/decode.cpp:945)      |
| INLINE          | off                                                                                               | in q8_process (../../../src/decode.cpp:956)         |
| ARRAY_PARTITION | variable = buf cyclic factor = 2 dim = 1                                                          | in q8_process (../../../src/decode.cpp:958)         |
| LOOP_TRIPCOUNT  | min = 33 max = 33                                                                                 | in q8_process (../../../src/decode.cpp:961)         |
| LOOP_TRIPCOUNT  | min = 1 max = 8                                                                                   | in q8_process (../../../src/decode.cpp:970)         |
| INLINE          | off                                                                                               | in beta_process (../../../src/decode.cpp:991)       |
| LOOP_TRIPCOUNT  | min = 8 max = 8                                                                                   | in beta_process (../../../src/decode.cpp:993)       |
| PIPELINE        | II = 1                                                                                            | in beta_process (../../../src/decode.cpp:1006)      |
| PIPELINE        | II = 1                                                                                            | in beta_process (../../../src/decode.cpp:1010)      |
| LOOP_TRIPCOUNT  | min = 8 max = 8                                                                                   | in beta_process (../../../src/decode.cpp:1015)      |
| INLINE          | off                                                                                               | in conv_process (../../../src/decode.cpp:1029)      |
| BIND_STORAGE    | variable = hist type = ram_2p impl = bram                                                         | in conv_process (../../../src/decode.cpp:1032)      |
| ARRAY_PARTITION | variable = valid complete dim = 0                                                                 | in conv_process (../../../src/decode.cpp:1033)      |
| UNROLL          |                                                                                                   | in conv_process (../../../src/decode.cpp:1039)      |
| LOOP_TRIPCOUNT  | min = 8 max = 8                                                                                   | in conv_process (../../../src/decode.cpp:1047)      |
| PIPELINE        | II = 1                                                                                            | in conv_process (../../../src/decode.cpp:1052)      |
| LOOP_TRIPCOUNT  | min = 8 max = 8                                                                                   | in conv_process (../../../src/decode.cpp:1058)      |
| INLINE          | off                                                                                               | in rec_process (../../../src/decode.cpp:1086)       |
| ALLOCATION      | operation instances = fmul limit = 16                                                             | in rec_process (../../../src/decode.cpp:1087)       |
| ALLOCATION      | operation instances = fadd limit = 16                                                             | in rec_process (../../../src/decode.cpp:1088)       |
| BIND_STORAGE    | variable = S type = ram_s2p impl = uram                                                           | in rec_process (../../../src/decode.cpp:1091)       |
| ARRAY_PARTITION | variable = S complete dim = 1                                                                     | in rec_process (../../../src/decode.cpp:1092)       |
| ARRAY_PARTITION | variable = valid complete dim = 0                                                                 | in rec_process (../../../src/decode.cpp:1093)       |
| UNROLL          |                                                                                                   | in rec_process (../../../src/decode.cpp:1099)       |
| LOOP_TRIPCOUNT  | min = 8 max = 8                                                                                   | in rec_process (../../../src/decode.cpp:1106)       |
| LOOP_TRIPCOUNT  | min = 8 max = 8                                                                                   | in rec_process (../../../src/decode.cpp:1110)       |
| INLINE          | off                                                                                               | in post_process (../../../src/decode.cpp:1136)      |
| ALLOCATION      | operation instances = fmul limit = 16                                                             | in post_process (../../../src/decode.cpp:1137)      |
| ALLOCATION      | operation instances = fadd limit = 16                                                             | in post_process (../../../src/decode.cpp:1138)      |
| LOOP_TRIPCOUNT  | min = 8 max = 8                                                                                   | in post_process (../../../src/decode.cpp:1151)      |
| INTERFACE       | m_axi port = packed_params bundle = params0 max_read_burst_length = 256 num_read_outstanding = 16 | in decode (../../../src/decode.cpp:1198)            |
| INTERFACE       | m_axi port = side bundle = gmem max_read_burst_length = 64 num_read_outstanding = 4               | in decode (../../../src/decode.cpp:1200)            |
| INTERFACE       | m_axi port = next_token bundle = gmem num_write_outstanding = 2                                   | in decode (../../../src/decode.cpp:1202)            |
| INTERFACE       | s_axilite port = token bundle = control                                                           | in decode (../../../src/decode.cpp:1204)            |
| INTERFACE       | s_axilite port = reset_state bundle = control                                                     | in decode (../../../src/decode.cpp:1205)            |
| INTERFACE       | s_axilite port = packed_params bundle = control                                                   | in decode (../../../src/decode.cpp:1206)            |
| INTERFACE       | s_axilite port = side bundle = control                                                            | in decode (../../../src/decode.cpp:1207)            |
| INTERFACE       | s_axilite port = next_token bundle = control                                                      | in decode (../../../src/decode.cpp:1208)            |
| INTERFACE       | s_axilite port = return bundle = control                                                          | in decode (../../../src/decode.cpp:1209)            |
| STREAM          | variable = mem_cmds depth = 8                                                                     | in decode (../../../src/decode.cpp:1239)            |
| STREAM          | variable = scratch_cmds depth = 8                                                                 | in decode (../../../src/decode.cpp:1240)            |
| STREAM          | variable = route_cmds depth = 8                                                                   | in decode (../../../src/decode.cpp:1241)            |
| STREAM          | variable = q8_cmds depth = 8                                                                      | in decode (../../../src/decode.cpp:1242)            |
| STREAM          | variable = conv_reset depth = 2                                                                   | in decode (../../../src/decode.cpp:1243)            |
| STREAM          | variable = rec_reset depth = 2                                                                    | in decode (../../../src/decode.cpp:1244)            |
| STREAM          | variable = embed depth = 256                                                                      | in decode (../../../src/decode.cpp:1245)            |
| STREAM          | variable = rms_final depth = 256                                                                  | in decode (../../../src/decode.cpp:1246)            |
| STREAM          | variable = rms_att depth = 256                                                                    | in decode (../../../src/decode.cpp:1247)            |
| STREAM          | variable = rms_ffn depth = 256                                                                    | in decode (../../../src/decode.cpp:1248)            |
| STREAM          | variable = beta_side depth = 32                                                                   | in decode (../../../src/decode.cpp:1249)            |
| STREAM          | variable = conv_w depth = 32                                                                      | in decode (../../../src/decode.cpp:1250)            |
| STREAM          | variable = o_norm depth = 32                                                                      | in decode (../../../src/decode.cpp:1251)            |
| STREAM          | variable = fill_words depth = 2                                                                   | in decode (../../../src/decode.cpp:1252)            |
| STREAM          | variable = axi_words_s depth = 2                                                                  | in decode (../../../src/decode.cpp:1253)            |
| STREAM          | variable = sram_words depth = 2                                                                   | in decode (../../../src/decode.cpp:1254)            |
| STREAM          | variable = weights depth = 2                                                                      | in decode (../../../src/decode.cpp:1255)            |
| BIND_STORAGE    | variable = fill_words type = fifo impl = srl                                                      | in decode (../../../src/decode.cpp:1256)            |
| BIND_STORAGE    | variable = axi_words_s type = fifo impl = srl                                                     | in decode (../../../src/decode.cpp:1257)            |
| BIND_STORAGE    | variable = sram_words type = fifo impl = srl                                                      | in decode (../../../src/decode.cpp:1258)            |
| BIND_STORAGE    | variable = weights type = fifo impl = srl                                                         | in decode (../../../src/decode.cpp:1259)            |
| STREAM          | variable = acts depth = 24                                                                        | in decode (../../../src/decode.cpp:1260)            |
| STREAM          | variable = q_scale depth = 2                                                                      | in decode (../../../src/decode.cpp:1261)            |
| STREAM          | variable = attn_norm depth = 256                                                                  | in decode (../../../src/decode.cpp:1262)            |
| STREAM          | variable = qkvg depth = 256                                                                       | in decode (../../../src/decode.cpp:1263)            |
| STREAM          | variable = convd depth = 256                                                                      | in decode (../../../src/decode.cpp:1264)            |
| STREAM          | variable = betas depth = 16                                                                       | in decode (../../../src/decode.cpp:1265)            |
| STREAM          | variable = rec_heads depth = 64                                                                   | in decode (../../../src/decode.cpp:1266)            |
| STREAM          | variable = o_vec depth = 256                                                                      | in decode (../../../src/decode.cpp:1267)            |
| STREAM          | variable = w13_vec depth = 256                                                                    | in decode (../../../src/decode.cpp:1268)            |
| STREAM          | variable = w2_vec depth = 256                                                                     | in decode (../../../src/decode.cpp:1269)            |
| STREAM          | variable = lm_token depth = 2                                                                     | in decode (../../../src/decode.cpp:1270)            |
| DATAFLOW        | disable_start_propagation                                                                         | in decode (../../../src/decode.cpp:1273)            |
+-----------------+---------------------------------------------------------------------------------------------------+-----------------------------------------------------+


