step,tokens_B_from_draft,GDN,MixerLoop,FullLoop
1,0.000131072,10.409219741821289,10.409294128417969,10.881979942321777
20,0.00262144,10.348523139953613,10.328802108764648,10.871479988098145
40,0.00524288,10.230384826660156,10.192987442016602,10.84006404876709
60,0.00786432,10.07343578338623,10.033016204833984,10.789093017578125
80,0.01048576,9.815502166748047,9.780797004699707,10.707987785339355
100,0.0131072,9.389588356018066,9.362281799316406,10.547038078308105
120,0.01572864,9.043708801269531,9.017831802368164,10.064538955688477
140,0.01835008,8.685002326965332,8.654716491699219,9.360821723937988
160,0.02097152,8.306962013244629,8.272350311279297,8.93185806274414
180,0.02359296,7.936384677886963,7.906764507293701,8.546708106994629
200,0.0262144,7.555515289306641,7.524972915649414,8.134027481079102
220,0.02883584,7.2591094970703125,7.22932243347168,7.800562858581543
240,0.03145728,6.98043155670166,6.939695358276367,7.5556488037109375
260,0.03407872,6.7876458168029785,6.747610092163086,7.414995193481445
280,0.03670016,6.550502300262451,6.507368087768555,7.244119167327881
300,0.0393216,6.389347553253174,6.349752426147461,7.123390197753906
320,0.04194304,6.179069519042969,6.1382622718811035,6.981778144836426
340,0.04456448,6.088738441467285,6.051946640014648,6.910515785217285
360,0.04718592,6.014603614807129,5.981236457824707,6.8623366355896
380,0.04980736,5.8447370529174805,5.8101983070373535,6.686817169189453
400,0.0524288,5.771290302276611,5.7406158447265625,6.5660200119018555
420,0.05505024,5.713990688323975,5.681213855743408,6.499448299407959
440,0.05767168,5.60846471786499,5.5748114585876465,6.339630126953125
460,0.06029312,5.5800299644470215,5.546654224395752,6.271407604217529
480,0.06291456,5.524257183074951,5.489496231079102,6.176325798034668
500,0.065536,5.471006870269775,5.435567855834961,6.091010570526123
520,0.06815744,5.398860931396484,5.366324424743652,5.972156524658203
540,0.07077888,5.352043151855469,5.319391250610352,5.9123945236206055
560,0.07340032,5.281883239746094,5.249231815338135,5.819705009460449
580,0.07602176,5.238080978393555,5.201492786407471,5.737660884857178
600,0.0786432,5.182616710662842,5.144877910614014,5.668995380401611
620,0.08126464,5.184630870819092,5.150149345397949,5.637643814086914
640,0.08388608,5.030449867248535,4.9935126304626465,5.4798407554626465
660,0.08650752,5.076611518859863,5.0435919761657715,5.507813453674316
680,0.08912896,5.078092575073242,5.044843673706055,5.480776786804199
700,0.0917504,4.950399875640869,4.914987564086914,5.360647678375244
720,0.09437184,4.964241027832031,4.929250717163086,5.368677139282227
740,0.09699328,4.911935806274414,4.882979869842529,5.3115434646606445
760,0.09961472,4.92331600189209,4.89525842666626,5.314430236816406
780,0.10223616,4.79040002822876,4.758126735687256,5.181540489196777
800,0.1048576,4.786401748657227,4.758572578430176,5.165639877319336
820,0.10747904,4.787603855133057,4.761051654815674,5.177759170532227
840,0.11010048,4.748348236083984,4.718715190887451,5.134787559509277
860,0.11272192,4.739780426025391,4.712364196777344,5.132258892059326
880,0.11534336,4.6097822189331055,4.581374168395996,4.991382122039795
900,0.1179648,4.675187110900879,4.651768684387207,5.058862686157227
920,0.12058624,4.683682441711426,4.655299663543701,5.08034610748291
940,0.12320768,4.630255699157715,4.606493949890137,5.01090145111084
960,0.12582912,4.557486534118652,4.531896591186523,4.9499053955078125
980,0.12845056,4.539916515350342,4.517995834350586,4.929609775543213
1000,0.131072,4.538322448730469,4.5117878913879395,4.924511909484863
1020,0.13369344,4.522902011871338,4.499014377593994,4.9001054763793945
1040,0.13631488,4.52189826965332,4.504144668579102,4.90498161315918
1060,0.13893632,4.4879560470581055,4.4696197509765625,4.90010929107666
1080,0.14155776,4.502553939819336,4.485568046569824,4.9010491371154785
1100,0.1441792,4.358969211578369,4.33666467666626,4.750930309295654
1120,0.14680064,4.436580657958984,4.417620658874512,4.823755741119385
1140,0.14942208,4.313376426696777,4.293979167938232,4.7033233642578125
1160,0.15204352,4.369479656219482,4.3556413650512695,4.76558256149292
1180,0.15466496,4.415563106536865,4.403972625732422,4.8190016746521
1200,0.1572864,4.277479648590088,4.269227027893066,4.688803195953369
1220,0.15990784,4.258331298828125,4.24605655670166,4.667238235473633
1240,0.16252928,4.36857271194458,4.356557846069336,4.797610759735107
1260,0.16515072,4.284610271453857,4.273612976074219,4.706258773803711
1280,0.16777216,4.212564468383789,4.199311256408691,4.633637428283691
1300,0.1703936,4.282763481140137,4.265363693237305,4.701367378234863
1320,0.17301504,4.198539733886719,4.191539287567139,4.6602559089660645
1340,0.17563648,4.138158798217773,4.124017715454102,4.578482151031494
1360,0.17825792,4.202224254608154,4.188907623291016,4.645682334899902
1380,0.18087936,4.1584696769714355,4.141564846038818,4.587920188903809
1400,0.1835008,4.156196594238281,4.143049240112305,4.60693359375
1420,0.18612224,4.17645263671875,4.1637749671936035,4.617115497589111
1440,0.18874368,4.157480716705322,4.1411824226379395,4.5932698249816895
1460,0.19136512,4.133261203765869,4.112212657928467,4.565423488616943
1480,0.19398656,4.141520977020264,4.12031364440918,4.58346700668335
1500,0.196608,4.112042427062988,4.095005035400391,4.556073188781738
1520,0.19922944,4.114947319030762,4.099636077880859,4.557908535003662
1540,0.20185088,4.005755424499512,3.977926731109619,4.455528259277344
1560,0.20447232,4.048402786254883,4.024576187133789,4.515960693359375
1580,0.20709376,4.0213398933410645,4.000453948974609,4.478787422180176
1600,0.2097152,4.05576229095459,4.034214019775391,4.509579658508301
1620,0.21233664,4.0227437019348145,3.997039794921875,4.46912145614624
1640,0.21495808,4.014520645141602,3.9933831691741943,4.459873199462891
1660,0.21757952,4.036827564239502,4.016193866729736,4.497392654418945
1680,0.22020096,3.946807861328125,3.9211015701293945,4.398510932922363
1700,0.2228224,3.8901476860046387,3.866673469543457,4.337320327758789
1720,0.22544384,4.008595943450928,3.983011484146118,4.470746994018555
1740,0.22806528,3.911576986312866,3.8825173377990723,4.38104248046875
1760,0.23068672,3.9846649169921875,3.960660457611084,4.439784049987793
1780,0.23330816,3.929745674133301,3.8995282649993896,4.399749755859375
1800,0.2359296,3.8699686527252197,3.844641923904419,4.316344261169434
1820,0.23855104,3.8824191093444824,3.8531196117401123,4.329294681549072
1840,0.24117248,3.9903452396392822,3.9669928550720215,4.4355645179748535
1860,0.24379392,3.8686084747314453,3.835318088531494,4.320398330688477
1880,0.24641536,3.9150009155273438,3.8834140300750732,4.364603042602539
1900,0.2490368,3.8667097091674805,3.840546131134033,4.323207378387451
1920,0.25165824,3.8811166286468506,3.8483142852783203,4.343937873840332
1940,0.25427968,3.9552905559539795,3.929149627685547,4.407972812652588
1960,0.25690112,3.861891984939575,3.8359534740448,4.318731307983398
1980,0.25952256,3.908010244369507,3.877854347229004,4.366731643676758
2000,0.262144,3.876173257827759,3.8522732257843018,4.314779758453369
2020,0.26476544,3.9208321571350098,3.8882927894592285,4.361088752746582
2040,0.26738688,3.881392478942871,3.853231430053711,4.324432849884033
2060,0.27000832,3.820977210998535,3.7873001098632812,4.265928268432617
2080,0.27262976,3.8584938049316406,3.8342108726501465,4.296928882598877
2100,0.2752512,3.8242602348327637,3.7942330837249756,4.268911838531494
2120,0.27787264,3.827765464782715,3.799100875854492,4.251865863800049
2140,0.28049408,3.8112311363220215,3.7906761169433594,4.2751665115356445
2160,0.28311552,3.8315582275390625,3.801678419113159,4.272069454193115
2180,0.28573696,3.803898811340332,3.77569842338562,4.249730110168457
2200,0.2883584,3.9091176986694336,3.8852901458740234,4.337803840637207
2220,0.29097984,3.8488733768463135,3.8205113410949707,4.306336402893066
2240,0.29360128,3.853389263153076,3.820312738418579,4.292092323303223
2260,0.29622272,3.776135206222534,3.7496466636657715,4.224248886108398
2280,0.29884416,3.790576934814453,3.7601141929626465,4.2498321533203125
2300,0.3014656,3.7754693031311035,3.751920223236084,4.21061897277832
2320,0.30408704,3.7071642875671387,3.682262420654297,4.164883136749268
2340,0.30670848,3.7510664463043213,3.7223432064056396,4.1924333572387695
2360,0.30932992,3.717240810394287,3.6862752437591553,4.181635856628418
2380,0.31195136,3.721065044403076,3.693985939025879,4.146094799041748
2400,0.3145728,3.802367687225342,3.7740373611450195,4.230127334594727
2420,0.31719424,3.800992965698242,3.7737622261047363,4.241114139556885
2440,0.31981568,3.8292388916015625,3.802499294281006,4.257277011871338
2460,0.32243712,3.726132392883301,3.7065277099609375,4.1767706871032715
2480,0.32505856,3.736372709274292,3.7059693336486816,4.178117752075195
2500,0.32768,3.7804837226867676,3.752833127975464,4.2266621589660645
2520,0.33030144,3.8253397941589355,3.7933411598205566,4.243805408477783
2540,0.33292288,3.7561726570129395,3.7274866104125977,4.204366207122803
2560,0.33554432,3.7944960594177246,3.7652688026428223,4.229010581970215
2580,0.33816576,3.7060012817382812,3.6772212982177734,4.126714706420898
2600,0.3407872,3.7592625617980957,3.733811855316162,4.181632041931152
2620,0.34340864,3.7458882331848145,3.7166147232055664,4.1897149085998535
2640,0.34603008,3.7262253761291504,3.697936534881592,4.161622524261475
2660,0.34865152,3.6864373683929443,3.6555981636047363,4.1287665367126465
2680,0.35127296,3.691850423812866,3.6685545444488525,4.114668369293213
2700,0.3538944,3.717994451522827,3.686607837677002,4.140998363494873
2720,0.35651584,3.722886085510254,3.6895477771759033,4.13008975982666
2740,0.35913728,3.6950600147247314,3.6704533100128174,4.119602203369141
2760,0.36175872,3.704583168029785,3.681178092956543,4.121769905090332
2780,0.36438016,3.695091724395752,3.6724140644073486,4.113071918487549
2800,0.3670016,3.7074575424194336,3.6802356243133545,4.105463027954102
2820,0.36962304,3.6272599697113037,3.600503444671631,4.054495811462402
2840,0.37224448,3.6478302478790283,3.617267608642578,4.061402320861816
2860,0.37486592,3.673708438873291,3.648782730102539,4.10916805267334
2880,0.37748736,3.7284116744995117,3.6998915672302246,4.150400638580322
2900,0.3801088,3.684298038482666,3.657625913619995,4.123865127563477
2920,0.38273024,3.635018825531006,3.6088130474090576,4.065769195556641
2940,0.38535168,3.6712121963500977,3.6443941593170166,4.089568138122559
2960,0.38797312,3.723085641860962,3.696430206298828,4.123934268951416
2980,0.39059456,3.6383845806121826,3.612973213195801,4.030684471130371
3000,0.393216,3.672649383544922,3.647794723510742,4.098134517669678
3020,0.39583744,3.648700714111328,3.6208319664001465,4.047774314880371
3040,0.39845888,3.6741883754730225,3.645231008529663,4.077065944671631
3060,0.40108032,3.6620545387268066,3.6334750652313232,4.060845851898193
3080,0.40370176,3.640104055404663,3.6154074668884277,4.082437038421631
3100,0.4063232,3.694685459136963,3.668560028076172,4.1014180183410645
3120,0.40894464,3.6450483798980713,3.6183431148529053,4.052355766296387
3140,0.41156608,3.6266932487487793,3.5979714393615723,4.006677627563477
3160,0.41418752,3.628377914428711,3.6109375953674316,4.020265579223633
3180,0.41680896,3.6580662727355957,3.6309895515441895,4.066501617431641
3200,0.4194304,3.646543025970459,3.6189589500427246,4.02869176864624
3220,0.42205184,3.605574131011963,3.5794126987457275,3.9997401237487793
3240,0.42467328,3.641477108001709,3.6167192459106445,4.046652793884277
3260,0.42729472,3.5918989181518555,3.570667028427124,3.9820592403411865
3280,0.42991616,3.72141432762146,3.696103572845459,4.093238830566406
3300,0.4325376,3.681332588195801,3.6552696228027344,4.062550067901611
3320,0.43515904,3.642214059829712,3.617825984954834,4.05255651473999
3340,0.43778048,3.6672260761260986,3.6396303176879883,4.072978496551514
3360,0.44040192,3.639237403869629,3.615807056427002,4.020379543304443
3380,0.44302336,3.6406869888305664,3.6185498237609863,4.048192024230957
3400,0.4456448,3.6373584270477295,3.6062755584716797,4.021384239196777
3420,0.44826624,3.6454246044158936,3.6203255653381348,4.051900386810303
3440,0.45088768,3.644045352935791,3.61928129196167,4.0436625480651855
3460,0.45350912,3.6431961059570312,3.617621898651123,4.044258117675781
3480,0.45613056,3.591831922531128,3.5761241912841797,3.988708734512329
3500,0.458752,3.6011641025543213,3.5756497383117676,3.9861035346984863
3520,0.46137344,3.5472984313964844,3.522909164428711,3.9127120971679688
3540,0.46399488,3.584632396697998,3.5641274452209473,3.9576401710510254
3560,0.46661632,3.6239733695983887,3.598572254180908,4.005201816558838
3580,0.46923776,3.5503268241882324,3.5261433124542236,3.9385526180267334
3600,0.4718592,3.546597480773926,3.519094228744507,3.9143035411834717
3620,0.47448064,3.5857391357421875,3.5565388202667236,3.9552204608917236
3640,0.47710208,3.571796417236328,3.5439250469207764,3.9381277561187744
3660,0.47972352,3.618312120437622,3.5969882011413574,4.002563953399658
3680,0.48234496,3.611370086669922,3.5955100059509277,3.983949899673462
3700,0.4849664,3.5650806427001953,3.5437960624694824,3.940373659133911
3720,0.48758784,3.601830244064331,3.5686004161834717,3.9636616706848145
3740,0.49020928,3.5211844444274902,3.496758460998535,3.902083396911621
3760,0.49283072,3.5388526916503906,3.5154688358306885,3.920656442642212
3780,0.49545216,3.5458319187164307,3.5232367515563965,3.9012954235076904
3800,0.4980736,3.5600719451904297,3.5323758125305176,3.9527008533477783
3820,0.50069504,3.502009153366089,3.475609302520752,3.876420259475708
3840,0.50331648,3.5544753074645996,3.5284230709075928,3.897393226623535
3860,0.50593792,3.5788819789886475,3.5573408603668213,3.93084716796875
3880,0.50855936,3.5845961570739746,3.5538153648376465,3.942819356918335
3900,0.5111808,3.5837759971618652,3.555001735687256,3.948718547821045
3920,0.51380224,3.5889596939086914,3.563425302505493,3.9340105056762695
3940,0.51642368,3.565506935119629,3.5430448055267334,3.917980670928955
3960,0.51904512,3.5857064723968506,3.5620481967926025,3.9315080642700195
3980,0.52166656,3.563612937927246,3.5379526615142822,3.900341510772705
4000,0.524288,3.5592544078826904,3.535288095474243,3.9122912883758545
4020,0.52690944,3.6126632690429688,3.591031789779663,3.9539530277252197
4040,0.52953088,3.577932834625244,3.550585985183716,3.9118854999542236
4060,0.53215232,3.565404176712036,3.538174629211426,3.9283337593078613
4080,0.53477376,3.5154151916503906,3.490377902984619,3.865840435028076
4100,0.5373952,3.511110544204712,3.4906721115112305,3.862250328063965
4120,0.54001664,3.541074275970459,3.5202748775482178,3.875943183898926
4140,0.54263808,3.6036272048950195,3.580190658569336,3.933779716491699
4160,0.54525952,3.623420238494873,3.6028642654418945,3.9541220664978027
4180,0.54788096,3.6056647300720215,3.5828843116760254,3.9387810230255127
4200,0.5505024,3.540713310241699,3.515674114227295,3.867034673690796
4220,0.55312384,3.60526180267334,3.579481601715088,3.947139263153076
4240,0.55574528,3.4857120513916016,3.4643139839172363,3.806140422821045
4260,0.55836672,3.496504545211792,3.4705872535705566,3.813260316848755
4280,0.56098816,3.5498719215393066,3.5308570861816406,3.8805320262908936
4300,0.5636096,3.5199806690216064,3.4930810928344727,3.8258004188537598
4320,0.56623104,3.527327299118042,3.4976205825805664,3.860658645629883
4340,0.56885248,3.55613374710083,3.5326499938964844,3.9059414863586426
4360,0.57147392,3.4796957969665527,3.4605765342712402,3.7960455417633057
4380,0.57409536,3.531564712524414,3.505500316619873,3.8658595085144043
4400,0.5767168,3.497722625732422,3.4787089824676514,3.8163857460021973
4420,0.57933824,3.491039752960205,3.4659712314605713,3.8230273723602295
4440,0.58195968,3.499596357345581,3.4734749794006348,3.8207204341888428
4460,0.58458112,3.561283588409424,3.5409798622131348,3.8775932788848877
4480,0.58720256,3.586327075958252,3.5585885047912598,3.896472454071045
4500,0.589824,3.5311734676361084,3.510468006134033,3.8366312980651855
4520,0.59244544,3.5860440731048584,3.560351610183716,3.883981943130493
4540,0.59506688,3.5600903034210205,3.5317420959472656,3.8752129077911377
4560,0.59768832,3.5952792167663574,3.5745632648468018,3.894563674926758
4580,0.60030976,3.4705467224121094,3.4493396282196045,3.7740814685821533
4600,0.6029312,3.541201114654541,3.5194411277770996,3.858870029449463
4620,0.60555264,3.4934535026550293,3.469148874282837,3.7966084480285645
4640,0.60817408,3.471346616744995,3.444711446762085,3.783933162689209
4660,0.61079552,3.576256275177002,3.553866386413574,3.876617193222046
4680,0.61341696,3.551192283630371,3.5320382118225098,3.8373453617095947
4700,0.6160384,3.5619583129882812,3.5442733764648438,3.8387258052825928
4720,0.61865984,3.4438540935516357,3.4202942848205566,3.7334423065185547
4740,0.62128128,3.4654898643493652,3.4379358291625977,3.7597954273223877
4760,0.62390272,3.5148279666900635,3.491842031478882,3.7917680740356445
4780,0.62652416,3.506211519241333,3.4834184646606445,3.801703929901123
4800,0.6291456,3.54144287109375,3.5212624073028564,3.834923505783081
4820,0.63176704,3.587278127670288,3.5677006244659424,3.8732199668884277
4840,0.63438848,3.5383307933807373,3.521106243133545,3.8181264400482178
4860,0.63700992,3.5103251934051514,3.490767240524292,3.7972493171691895
4880,0.63963136,3.528362274169922,3.5063583850860596,3.8106565475463867
4900,0.6422528,3.522055149078369,3.5027832984924316,3.803288698196411
4920,0.64487424,3.530783176422119,3.5012876987457275,3.8131206035614014
4940,0.64749568,3.5388259887695312,3.5134360790252686,3.8268041610717773
4960,0.65011712,3.558983087539673,3.5278773307800293,3.8311448097229004
4980,0.65273856,3.573575258255005,3.551239490509033,3.843402147293091
5000,0.65536,3.515103578567505,3.4875636100769043,3.795624256134033
5020,0.65798144,3.525702476501465,3.505844831466675,3.792802333831787
5040,0.66060288,3.55572509765625,3.530508041381836,3.8311023712158203
5060,0.66322432,3.5613486766815186,3.5347979068756104,3.824233293533325
5080,0.66584576,3.466538429260254,3.4463093280792236,3.7339165210723877
5100,0.6684672,3.573772430419922,3.5565857887268066,3.8448569774627686
5120,0.67108864,3.5230860710144043,3.4996957778930664,3.7904233932495117
5140,0.67371008,3.4736390113830566,3.4512648582458496,3.736056327819824
5160,0.67633152,3.5302579402923584,3.5083043575286865,3.8068184852600098
5180,0.67895296,3.527371644973755,3.5036027431488037,3.7951414585113525
5200,0.6815744,3.481184482574463,3.457751750946045,3.723464250564575
5220,0.68419584,3.4713151454925537,3.4446656703948975,3.7234723567962646
5240,0.68681728,3.517897605895996,3.4966440200805664,3.7751834392547607
5260,0.68943872,3.489487409591675,3.467228412628174,3.7504868507385254
5280,0.69206016,3.5214438438415527,3.5006566047668457,3.776401996612549
5300,0.6946816,3.4017398357391357,3.378333568572998,3.656809091567993
5320,0.69730304,3.5041518211364746,3.481924057006836,3.7681031227111816
5340,0.69992448,3.4861063957214355,3.465733528137207,3.7305569648742676
5360,0.70254592,3.526503086090088,3.5018863677978516,3.7824289798736572
5380,0.70516736,3.4476044178009033,3.422344207763672,3.701018810272217
5400,0.7077888,3.5208752155303955,3.4969987869262695,3.7674598693847656
5420,0.71041024,3.492194652557373,3.4690089225769043,3.7279465198516846
5440,0.71303168,3.554487705230713,3.5220720767974854,3.798184871673584
5460,0.71565312,3.502340316772461,3.4817943572998047,3.746633291244507
5480,0.71827456,3.5442326068878174,3.5281729698181152,3.802302598953247
5500,0.720896,3.568777084350586,3.542222499847412,3.8166520595550537
5520,0.72351744,3.4641427993774414,3.4400105476379395,3.69822359085083
5540,0.72613888,3.480266809463501,3.460061550140381,3.7158212661743164
5560,0.72876032,3.4786596298217773,3.455967426300049,3.727349281311035
5580,0.73138176,3.4990944862365723,3.4751980304718018,3.7416882514953613
5600,0.7340032,3.4531707763671875,3.4316062927246094,3.69773006439209
5620,0.73662464,3.4903953075408936,3.4624180793762207,3.7252073287963867
5640,0.73924608,3.4235682487487793,3.4026546478271484,3.6564033031463623
5660,0.74186752,3.512643814086914,3.490626335144043,3.7447845935821533
5680,0.74448896,3.4199750423431396,3.3940212726593018,3.6591551303863525
5700,0.7471104,3.532226085662842,3.507843494415283,3.765138626098633
5720,0.74973184,3.4414024353027344,3.4140005111694336,3.6732583045959473
5740,0.75235328,3.461930751800537,3.4429898262023926,3.693439245223999
5760,0.75497472,3.5275583267211914,3.5069124698638916,3.7509565353393555
5780,0.75759616,3.4739861488342285,3.4505772590637207,3.7019689083099365
5800,0.7602176,3.458662509918213,3.4339444637298584,3.6901378631591797
5820,0.76283904,3.486759901046753,3.4641530513763428,3.707155704498291
5840,0.76546048,3.514657974243164,3.491535186767578,3.7315733432769775
5860,0.76808192,3.4865448474884033,3.4623708724975586,3.7044548988342285
5880,0.77070336,3.4939980506896973,3.473985195159912,3.719662666320801
5900,0.7733248,3.485945701599121,3.455623149871826,3.7055556774139404
5920,0.77594624,3.387434959411621,3.36586856842041,3.613403081893921
5940,0.77856768,3.475914239883423,3.4555230140686035,3.6999223232269287
5960,0.78118912,3.4833590984344482,3.458836793899536,3.70263671875
5980,0.78381056,3.4427666664123535,3.4181814193725586,3.66668438911438
6000,0.786432,3.4655280113220215,3.4401073455810547,3.6764369010925293
6020,0.78905344,3.4520862102508545,3.4278554916381836,3.670436143875122
6040,0.79167488,3.4336657524108887,3.407604455947876,3.644801378250122
6060,0.79429632,3.4658308029174805,3.443127393722534,3.676337242126465
6080,0.79691776,3.4566450119018555,3.4388833045959473,3.668046236038208
6100,0.7995392,3.4854211807250977,3.465426445007324,3.6853840351104736
6120,0.80216064,3.482558488845825,3.459627151489258,3.6934103965759277
6140,0.80478208,3.4880597591400146,3.462007522583008,3.6962766647338867
6160,0.80740352,3.5158851146698,3.493525505065918,3.7222983837127686
6180,0.81002496,3.4286296367645264,3.4066410064697266,3.6329615116119385
6200,0.8126464,3.5122289657592773,3.488727569580078,3.717585802078247
6220,0.81526784,3.448221206665039,3.428711175918579,3.655062198638916
6240,0.81788928,3.467381000518799,3.44932222366333,3.6694295406341553
6260,0.82051072,3.3717665672302246,3.344971179962158,3.5739543437957764
6280,0.82313216,3.5145716667175293,3.491598129272461,3.7111287117004395
6300,0.8257536,3.4458107948303223,3.42206072807312,3.641587734222412
6320,0.82837504,3.395803451538086,3.3728175163269043,3.5913922786712646
6340,0.83099648,3.461388349533081,3.437148094177246,3.658125638961792
6360,0.83361792,3.473862409591675,3.452723741531372,3.680248498916626
6380,0.83623936,3.419160842895508,3.3915462493896484,3.614349842071533
6400,0.8388608,3.4002444744110107,3.3776700496673584,3.6021413803100586
6420,0.84148224,3.4509711265563965,3.424569845199585,3.6502230167388916
6440,0.84410368,3.4639389514923096,3.442307472229004,3.6681413650512695
6460,0.84672512,3.477689027786255,3.4544317722320557,3.6753242015838623
6480,0.84934656,3.446485996246338,3.4216113090515137,3.6470847129821777
6500,0.851968,3.4848134517669678,3.4614875316619873,3.6716930866241455
6520,0.85458944,3.4561829566955566,3.4357662200927734,3.651060104370117
6540,0.85721088,3.471677780151367,3.444464921951294,3.660531997680664
6560,0.85983232,3.4576730728149414,3.4317569732666016,3.651083469390869
6580,0.86245376,3.426114559173584,3.4070076942443848,3.625236988067627
6600,0.8650752,3.4514293670654297,3.422959327697754,3.642430305480957
6620,0.86769664,3.4734411239624023,3.449321746826172,3.664313554763794
6640,0.87031808,3.4410367012023926,3.41483998298645,3.630451202392578
6660,0.87293952,3.406463146209717,3.38217830657959,3.6020708084106445
6680,0.87556096,3.4941980838775635,3.4716296195983887,3.67903995513916
6700,0.8781824,3.4510369300842285,3.4312713146209717,3.648097038269043
6720,0.88080384,3.487931251525879,3.4679765701293945,3.670693874359131
6740,0.88342528,3.4977874755859375,3.4732823371887207,3.6768524646759033
6760,0.88604672,3.3870067596435547,3.3623156547546387,3.573683500289917
6780,0.88866816,3.4840407371520996,3.4633946418762207,3.666106700897217
6800,0.8912896,3.409364700317383,3.382869243621826,3.5891051292419434
6820,0.89391104,3.471585273742676,3.448594808578491,3.6577863693237305
6840,0.89653248,3.479783535003662,3.4607431888580322,3.6616203784942627
6860,0.89915392,3.4095077514648438,3.3844106197357178,3.596419334411621
6880,0.90177536,3.3993048667907715,3.377467632293701,3.575014352798462
6900,0.9043968,3.512019395828247,3.486170768737793,3.696125030517578
6920,0.90701824,3.454537868499756,3.4256210327148438,3.6309826374053955
6940,0.90963968,3.4721436500549316,3.4448957443237305,3.6510939598083496
6960,0.91226112,3.401001214981079,3.3772318363189697,3.5779991149902344
6980,0.91488256,3.4621686935424805,3.440675735473633,3.6380786895751953
7000,0.917504,3.356055974960327,3.3335814476013184,3.5336976051330566
7020,0.92012544,3.4615628719329834,3.434598684310913,3.6310527324676514
7040,0.92274688,3.415408134460449,3.392608165740967,3.5803332328796387
7060,0.92536832,3.396047830581665,3.3752846717834473,3.567556858062744
7080,0.92798976,3.4298672676086426,3.4046764373779297,3.5962533950805664
7100,0.9306112,3.37381911277771,3.350419521331787,3.5380218029022217
7120,0.93323264,3.3803062438964844,3.3560523986816406,3.5544700622558594
7140,0.93585408,3.4516210556030273,3.4303131103515625,3.623703956604004
7160,0.93847552,3.4326276779174805,3.4081695079803467,3.605591058731079
7180,0.94109696,3.4755351543426514,3.447598934173584,3.638842821121216
7200,0.9437184,3.4203014373779297,3.399604320526123,3.59001088142395
7220,0.94633984,3.4405245780944824,3.4196581840515137,3.6036784648895264
7240,0.94896128,3.5098228454589844,3.486265182495117,3.6816914081573486
7260,0.95158272,3.3845131397247314,3.357269763946533,3.553323268890381
7280,0.95420416,3.4185359477996826,3.3930227756500244,3.5892481803894043
7300,0.9568256,3.4208474159240723,3.398710250854492,3.58827543258667
7320,0.95944704,3.389482259750366,3.3665542602539062,3.5519442558288574
7340,0.96206848,3.445873737335205,3.4267258644104004,3.613978385925293
7360,0.96468992,3.442121982574463,3.421685218811035,3.6055593490600586
7380,0.96731136,3.448263168334961,3.4260458946228027,3.6190669536590576
7400,0.9699328,3.475322961807251,3.458065986633301,3.6476035118103027
7420,0.97255424,3.4313013553619385,3.406290292739868,3.5999209880828857
7440,0.97517568,3.35459566116333,3.332259178161621,3.5204062461853027
7460,0.97779712,3.3811004161834717,3.359144687652588,3.538634777069092
7480,0.98041856,3.4330220222473145,3.4179835319519043,3.591980457305908
7500,0.98304,3.4308087825775146,3.406034469604492,3.5909502506256104
7520,0.98566144,3.3964710235595703,3.3712592124938965,3.5545308589935303
7540,0.98828288,3.430715560913086,3.411485195159912,3.5840301513671875
7560,0.99090432,3.4504475593566895,3.4337596893310547,3.6177144050598145
7580,0.99352576,3.4714999198913574,3.4504506587982178,3.6278631687164307
7600,0.9961472,3.438446283340454,3.4262239933013916,3.6031455993652344
7620,0.99876864,3.3924694061279297,3.37430477142334,3.5610897541046143
7640,1.00139008,3.492126941680908,3.466665029525757,3.6520848274230957
7660,1.00401152,3.3844268321990967,3.362872838973999,3.538705348968506
7680,1.00663296,3.368112087249756,3.346217155456543,3.527282953262329
7700,1.0092544,3.3724327087402344,3.3497161865234375,3.530961036682129
7720,1.01187584,3.4724371433258057,3.4478600025177,3.62300705909729
7740,1.01449728,3.3996517658233643,3.3798422813415527,3.553642988204956
7760,1.01711872,3.4571404457092285,3.4382269382476807,3.6085615158081055
7780,1.01974016,3.4018757343292236,3.378891944885254,3.548854351043701
7800,1.0223616,3.3565213680267334,3.3366806507110596,3.5115997791290283
7820,1.02498304,3.382615566253662,3.3564095497131348,3.534590005874634
7840,1.02760448,3.3859777450561523,3.36405873298645,3.544466972351074
7860,1.03022592,3.451918601989746,3.4307594299316406,3.6009361743927
7880,1.03284736,3.38533353805542,3.3621482849121094,3.5399789810180664
7900,1.0354688,3.3379266262054443,3.313955783843994,3.494320869445801
7920,1.03809024,3.3591115474700928,3.3384597301483154,3.5043270587921143
7940,1.04071168,3.4078094959259033,3.385350465774536,3.5563509464263916
7960,1.04333312,3.3691210746765137,3.342276096343994,3.523080587387085
7980,1.04595456,3.307631731033325,3.288329601287842,3.4597253799438477
8000,1.048576,3.356534242630005,3.334200859069824,3.5065975189208984
8020,1.05119744,3.3571345806121826,3.342095375061035,3.5087404251098633
8040,1.05381888,3.3655054569244385,3.343449115753174,3.513911724090576
8060,1.05644032,3.4289984703063965,3.4036428928375244,3.574918270111084
8080,1.05906176,3.422290325164795,3.396519422531128,3.573112964630127
8100,1.0616832,3.424879312515259,3.398555278778076,3.567439556121826
8120,1.06430464,3.386056423187256,3.3671717643737793,3.5301685333251953
8140,1.06692608,3.480358600616455,3.4605154991149902,3.6242904663085938
8160,1.06954752,3.418060779571533,3.398658514022827,3.561551570892334
8180,1.07216896,3.4307031631469727,3.405125141143799,3.5704519748687744
8200,1.0747904,3.443176507949829,3.421980381011963,3.589310884475708
8220,1.07741184,3.4428000450134277,3.420694589614868,3.581563949584961
8240,1.08003328,3.3202075958251953,3.2949395179748535,3.4621336460113525
8260,1.08265472,3.3884525299072266,3.366919755935669,3.5286507606506348
8280,1.08527616,3.396914005279541,3.3739147186279297,3.5439343452453613
8300,1.0878976,3.4172191619873047,3.395656108856201,3.558133840560913
8320,1.09051904,3.406245708465576,3.381338119506836,3.54097318649292
8340,1.09314048,3.3646111488342285,3.3440561294555664,3.5060477256774902
8360,1.09576192,3.3967456817626953,3.376438617706299,3.5423498153686523
8380,1.09838336,3.404885768890381,3.376992702484131,3.5391147136688232
8400,1.1010048,3.381014823913574,3.354835271835327,3.515774726867676
8420,1.10362624,3.38283109664917,3.3602895736694336,3.5199389457702637
8440,1.10624768,3.4171364307403564,3.391974449157715,3.546111583709717
8460,1.10886912,3.5061960220336914,3.4821290969848633,3.648667573928833
8480,1.11149056,3.4464449882507324,3.424788475036621,3.5862619876861572
8500,1.114112,3.403456687927246,3.3779098987579346,3.532623529434204
8520,1.11673344,3.389002799987793,3.367187023162842,3.5241854190826416
8540,1.11935488,3.4026575088500977,3.383204460144043,3.539668321609497
8560,1.12197632,3.3940420150756836,3.3752975463867188,3.5231637954711914
8580,1.12459776,3.437037944793701,3.4141297340393066,3.579909086227417
8600,1.1272192,3.384213924407959,3.357282876968384,3.5134973526000977
8620,1.12984064,3.3346095085144043,3.3136677742004395,3.475478410720825
8640,1.13246208,3.3199923038482666,3.29630708694458,3.449437379837036
8660,1.13508352,3.3957226276397705,3.3748369216918945,3.5271310806274414
8680,1.13770496,3.3967885971069336,3.37308931350708,3.5344932079315186
8700,1.1403264,3.409893035888672,3.389049530029297,3.5346362590789795
8720,1.14294784,3.410128355026245,3.385854482650757,3.5381879806518555
8740,1.14556928,3.376974582672119,3.3530712127685547,3.515510082244873
8760,1.14819072,3.410724639892578,3.3814516067504883,3.533519744873047
8780,1.15081216,3.3847289085388184,3.3645572662353516,3.5128049850463867
8800,1.1534336,3.3649258613586426,3.335848331451416,3.4978010654449463
8820,1.15605504,3.361847162246704,3.3418636322021484,3.49507999420166
8840,1.15867648,3.406327962875366,3.38169264793396,3.534907341003418
8860,1.16129792,3.405547857284546,3.3830208778381348,3.5274856090545654
8880,1.16391936,3.4461886882781982,3.4192352294921875,3.5709445476531982
8900,1.1665408,3.413675308227539,3.3938255310058594,3.5398693084716797
8920,1.16916224,3.4239370822906494,3.397810935974121,3.547821044921875
8940,1.17178368,3.4188132286071777,3.395540714263916,3.545315742492676
8960,1.17440512,3.3736014366149902,3.3472414016723633,3.4999871253967285
8980,1.17702656,3.376052141189575,3.3536481857299805,3.50293231010437
9000,1.179648,3.4116454124450684,3.393439769744873,3.5331268310546875
9020,1.18226944,3.312697172164917,3.296055793762207,3.4484682083129883
9040,1.18489088,3.374469518661499,3.3484764099121094,3.498049259185791
9060,1.18751232,3.3808107376098633,3.357625961303711,3.50313138961792
9080,1.19013376,3.3587400913238525,3.3374905586242676,3.4789395332336426
9100,1.1927552,3.3869924545288086,3.3616063594818115,3.511086940765381
9120,1.19537664,3.3832075595855713,3.3547303676605225,3.50363826751709
9140,1.19799808,3.420167922973633,3.392850637435913,3.5385217666625977
9160,1.20061952,3.3088841438293457,3.2871108055114746,3.427863121032715
9180,1.20324096,3.4406235218048096,3.42018461227417,3.563810348510742
9200,1.2058624,3.376389265060425,3.3534040451049805,3.4994425773620605
9220,1.20848384,3.3716330528259277,3.3428897857666016,3.4891293048858643
9240,1.21110528,3.449111223220825,3.4246387481689453,3.565044403076172
9260,1.21372672,3.482779026031494,3.453495502471924,3.596306324005127
9280,1.21634816,3.412536144256592,3.393343448638916,3.5332484245300293
9300,1.2189696,3.4006576538085938,3.3762547969818115,3.518099069595337
9320,1.22159104,3.3549628257751465,3.3293941020965576,3.4718244075775146
9340,1.22421248,3.3951234817504883,3.374049663543701,3.514338970184326
9360,1.22683392,3.4618868827819824,3.4317209720611572,3.5810251235961914
9380,1.22945536,3.2772185802459717,3.255091667175293,3.391789197921753
9400,1.2320768,3.3845109939575195,3.3664660453796387,3.503488063812256
9420,1.23469824,3.436485767364502,3.415417194366455,3.559206247329712
9440,1.23731968,3.4048831462860107,3.3822102546691895,3.5171473026275635
9460,1.23994112,3.362837791442871,3.3422529697418213,3.488553047180176
9480,1.24256256,3.3832969665527344,3.355597972869873,3.4974172115325928
9500,1.245184,3.401989459991455,3.381307601928711,3.5207300186157227
9520,1.24780544,3.298511505126953,3.275397539138794,3.4119720458984375
9540,1.25042688,3.3757686614990234,3.353499174118042,3.4945921897888184
9560,1.25304832,3.373818874359131,3.347606658935547,3.491441488265991
9580,1.25566976,3.4232425689697266,3.4000775814056396,3.5344431400299072
9600,1.2582912,3.419961452484131,3.395190954208374,3.5368568897247314
9620,1.26091264,3.401188611984253,3.377586841583252,3.5114450454711914
9640,1.26353408,3.3839008808135986,3.362266778945923,3.496229410171509
9660,1.26615552,3.4237325191497803,3.400634765625,3.5351967811584473
9680,1.26877696,3.351519823074341,3.3242580890655518,3.4615259170532227
9700,1.2713984,3.356452226638794,3.3398680686950684,3.4714784622192383
9720,1.27401984,3.3889315128326416,3.358582019805908,3.4967641830444336
9740,1.27664128,3.344125747680664,3.3269667625427246,3.45802903175354
9760,1.27926272,3.435288429260254,3.4133124351501465,3.544509172439575
9780,1.28188416,3.415580987930298,3.390840530395508,3.529351234436035
9800,1.2845056,3.425922393798828,3.404279947280884,3.541508197784424
9820,1.28712704,3.2913665771484375,3.264524459838867,3.403106927871704
9840,1.28974848,3.375889301300049,3.3487000465393066,3.4945733547210693
9860,1.29236992,3.37184739112854,3.3481013774871826,3.483797788619995
9880,1.29499136,3.3785624504089355,3.3556480407714844,3.49280047416687
9900,1.2976128,3.4290013313293457,3.399134397506714,3.5350654125213623
9920,1.30023424,3.3852012157440186,3.3642356395721436,3.493846893310547
9940,1.30285568,3.3811569213867188,3.346043825149536,3.4842708110809326
9960,1.30547712,3.4274377822875977,3.405266761779785,3.5362548828125
9980,1.30809856,3.2912917137145996,3.2669787406921387,3.3920602798461914
10000,1.31072,3.3345589637756348,3.3116092681884766,3.445692539215088
10020,1.31334144,3.4469070434570312,3.4164812564849854,3.549581289291382
10040,1.31596288,3.3120901584625244,3.2869200706481934,3.4110007286071777
10060,1.31858432,3.361809253692627,3.3333828449249268,3.468649387359619
10080,1.32120576,3.4421322345733643,3.425415515899658,3.547492742538452
10100,1.3238272,3.3851499557495117,3.362790584564209,3.4887166023254395
10120,1.32644864,3.368312358856201,3.3412370681762695,3.469926357269287
10140,1.32907008,3.328826904296875,3.299335241317749,3.430142879486084
10160,1.33169152,3.464430332183838,3.4419331550598145,3.5765902996063232
10180,1.33431296,3.3540539741516113,3.331376075744629,3.45733380317688
10200,1.3369344,3.4421868324279785,3.4176809787750244,3.5464932918548584
10220,1.33955584,3.438659191131592,3.41093111038208,3.532616138458252
10240,1.34217728,3.378176212310791,3.3573741912841797,3.4826841354370117
10260,1.34479872,3.3254334926605225,3.306227207183838,3.425516366958618
10280,1.34742016,3.3901219367980957,3.362948417663574,3.490502119064331
10300,1.3500416,3.4251537322998047,3.3998465538024902,3.5260050296783447
10320,1.35266304,3.3933157920837402,3.3728652000427246,3.4933104515075684
10340,1.35528448,3.3809797763824463,3.3570635318756104,3.4816231727600098
10360,1.35790592,3.4015209674835205,3.3796191215515137,3.507736921310425
10380,1.36052736,3.4316279888153076,3.4065732955932617,3.5306577682495117
10400,1.3631488,3.33386492729187,3.310494899749756,3.436368703842163
10420,1.36577024,3.3438448905944824,3.3150060176849365,3.4489402770996094
10440,1.36839168,3.2979977130889893,3.275209903717041,3.4017977714538574
10460,1.37101312,3.303067922592163,3.28403902053833,3.4064981937408447
10480,1.37363456,3.339449644088745,3.316096305847168,3.4387598037719727
10500,1.376256,3.297823667526245,3.2735953330993652,3.3980789184570312
10520,1.37887744,3.3995490074157715,3.3769078254699707,3.5001273155212402
10540,1.38149888,3.375919818878174,3.353586196899414,3.475818157196045
10560,1.38412032,3.4764039516448975,3.4590330123901367,3.5768940448760986
10580,1.38674176,3.362240791320801,3.340360164642334,3.4599733352661133
10600,1.3893632,3.3629398345947266,3.335050582885742,3.462527275085449
10620,1.39198464,3.368049383163452,3.343489170074463,3.4646425247192383
10640,1.39460608,3.359438180923462,3.3327860832214355,3.4535655975341797
10660,1.39722752,3.398582696914673,3.3697614669799805,3.4969730377197266
10680,1.39984896,3.341071367263794,3.3165249824523926,3.439836263656616
10700,1.4024704,3.3321971893310547,3.3105170726776123,3.4264512062072754
10720,1.40509184,3.3743093013763428,3.347465991973877,3.4676246643066406
10740,1.40771328,3.4206557273864746,3.3969931602478027,3.5103273391723633
10760,1.41033472,3.3589861392974854,3.334141731262207,3.457780361175537
10780,1.41295616,3.3705239295959473,3.338948965072632,3.4611473083496094
10800,1.4155776,3.353515148162842,3.327620029449463,3.4460463523864746
10820,1.41819904,3.397165060043335,3.3704018592834473,3.490234851837158
10840,1.42082048,3.4390015602111816,3.4128353595733643,3.5354483127593994
10860,1.42344192,3.3767571449279785,3.3446102142333984,3.4720959663391113
10880,1.42606336,3.3057799339294434,3.2808995246887207,3.408999443054199
10900,1.4286848,3.359771728515625,3.331027030944824,3.451090097427368
10920,1.43130624,3.3511600494384766,3.329094648361206,3.443279266357422
10940,1.43392768,3.3696491718292236,3.3457536697387695,3.465338945388794
10960,1.43654912,3.30320143699646,3.277677059173584,3.397573947906494
10980,1.43917056,3.326195240020752,3.297633171081543,3.425264358520508
11000,1.441792,3.3474011421203613,3.32320237159729,3.4441964626312256
11020,1.44441344,3.367905855178833,3.3399734497070312,3.4596309661865234
11040,1.44703488,3.3204593658447266,3.2962238788604736,3.417339563369751
11060,1.44965632,3.356194496154785,3.3278017044067383,3.4437832832336426
11080,1.45227776,3.338540554046631,3.314197063446045,3.4280335903167725
11100,1.4548992,3.3695836067199707,3.342771053314209,3.457618236541748
11120,1.45752064,3.4143006801605225,3.3862128257751465,3.5010035037994385
11140,1.46014208,3.3543214797973633,3.331817865371704,3.448228359222412
11160,1.46276352,3.3576765060424805,3.328956365585327,3.448237180709839
11180,1.46538496,3.420506477355957,3.393491268157959,3.5026087760925293
11200,1.4680064,3.354830741882324,3.3306148052215576,3.437124252319336
11220,1.47062784,3.3812994956970215,3.3560056686401367,3.4687886238098145
11240,1.47324928,3.321566104888916,3.2967469692230225,3.4155831336975098
11260,1.47587072,3.3579015731811523,3.3303399085998535,3.446046829223633
11280,1.47849216,3.3580620288848877,3.3306074142456055,3.4518356323242188
11300,1.4811136,3.386564254760742,3.3639378547668457,3.482358932495117
11320,1.48373504,3.4352807998657227,3.4143266677856445,3.5215706825256348
11340,1.48635648,3.3676271438598633,3.339885711669922,3.449709892272949
11360,1.48897792,3.3963992595672607,3.3734521865844727,3.4881463050842285
11380,1.49159936,3.3765363693237305,3.355799913406372,3.468074321746826
11400,1.4942208,3.3977415561676025,3.3692474365234375,3.481274366378784
11420,1.49684224,3.4481008052825928,3.422757148742676,3.5390913486480713
11440,1.49946368,3.352468252182007,3.328843593597412,3.4413414001464844
11460,1.50208512,3.3304052352905273,3.3043484687805176,3.4285995960235596
11480,1.50470656,3.3861796855926514,3.3563590049743652,3.4697718620300293
11500,1.507328,3.3852591514587402,3.358344078063965,3.465381622314453
11520,1.50994944,3.381425142288208,3.357379913330078,3.46933650970459
11540,1.51257088,3.3542559146881104,3.329212188720703,3.437105417251587
11560,1.51519232,3.3465185165405273,3.3216230869293213,3.432539939880371
11580,1.51781376,3.3127784729003906,3.2893970012664795,3.400745153427124
11600,1.5204352,3.413320302963257,3.3860201835632324,3.495633840560913
11620,1.52305664,3.398705005645752,3.3754639625549316,3.4815425872802734
11640,1.52567808,3.39298677444458,3.370415687561035,3.474405527114868
11660,1.52829952,3.3445188999176025,3.3162989616394043,3.4264345169067383
11680,1.53092096,3.4449665546417236,3.41263484954834,3.525380849838257
11700,1.5335424,3.3385682106018066,3.3173420429229736,3.420886754989624
11720,1.53616384,3.3090109825134277,3.2806222438812256,3.389432668685913
11740,1.53878528,3.337803840637207,3.311072587966919,3.4211244583129883
11760,1.54140672,3.386286497116089,3.3551406860351562,3.469029426574707
11780,1.54402816,3.342862606048584,3.3142611980438232,3.4288716316223145
11800,1.5466496,3.3072385787963867,3.2816553115844727,3.3895020484924316
11820,1.54927104,3.3561041355133057,3.3334875106811523,3.4499876499176025
11840,1.55189248,3.3464317321777344,3.3240857124328613,3.428314208984375
11860,1.55451392,3.376467704772949,3.3452324867248535,3.4660122394561768
11880,1.55713536,3.2818238735198975,3.262845039367676,3.3626885414123535
11900,1.5597568,3.3561508655548096,3.330258369445801,3.4432287216186523
11920,1.56237824,3.316934585571289,3.2928719520568848,3.396629810333252
11940,1.56499968,3.4847545623779297,3.449328660964966,3.5611281394958496
11960,1.56762112,3.3516077995300293,3.3284566402435303,3.4348342418670654
11980,1.57024256,3.370906114578247,3.3477115631103516,3.450996160507202
12000,1.572864,3.4127583503723145,3.387974262237549,3.4926917552948
12020,1.57548544,3.388059616088867,3.3599109649658203,3.4656128883361816
12040,1.57810688,3.379138469696045,3.352309465408325,3.4643702507019043
12060,1.58072832,3.348508596420288,3.321396827697754,3.422628879547119
12080,1.58334976,3.344223737716675,3.3169872760772705,3.4280431270599365
12100,1.5859712,3.378072500228882,3.348886728286743,3.457512140274048
12120,1.58859264,3.3818202018737793,3.354550361633301,3.456576347351074
12140,1.59121408,3.3482985496520996,3.322969913482666,3.4285552501678467
12160,1.59383552,3.3908376693725586,3.3596372604370117,3.4752678871154785
12180,1.59645696,3.3393800258636475,3.311692953109741,3.416515827178955
12200,1.5990784,3.438873529434204,3.4087233543395996,3.514732599258423
12220,1.60169984,3.30090069770813,3.275609254837036,3.3855724334716797
12240,1.60432128,3.343043804168701,3.316819667816162,3.4182703495025635
12260,1.60694272,3.2789859771728516,3.2480101585388184,3.3520126342773438
12280,1.60956416,3.317653179168701,3.291964054107666,3.395296096801758
12300,1.6121856,3.4108734130859375,3.3842248916625977,3.482510805130005
12320,1.61480704,3.375714063644409,3.344235897064209,3.4503836631774902
12340,1.61742848,3.339858293533325,3.316957950592041,3.4266304969787598
12360,1.62004992,3.386929988861084,3.3533778190612793,3.4604105949401855
12380,1.62267136,3.3405447006225586,3.3099942207336426,3.4123663902282715
12400,1.6252928,3.3783211708068848,3.356776237487793,3.4642834663391113
12420,1.62791424,3.353410243988037,3.3320388793945312,3.4313981533050537
12440,1.63053568,3.342381238937378,3.3189125061035156,3.4159984588623047
12460,1.63315712,3.3194327354431152,3.295866012573242,3.398268222808838
12480,1.63577856,3.3296194076538086,3.30175518989563,3.400723934173584
12500,1.6384,3.398871660232544,3.370562791824341,3.4751460552215576
12520,1.64102144,3.333791732788086,3.3013103008270264,3.4039466381073
12540,1.64364288,3.3538851737976074,3.3268868923187256,3.4241342544555664
12560,1.64626432,3.3925185203552246,3.363708257675171,3.465384006500244
12580,1.64888576,3.3554494380950928,3.33406925201416,3.425884962081909
12600,1.6515072,3.3378729820251465,3.312121868133545,3.4106369018554688
12620,1.65412864,3.3698768615722656,3.3414201736450195,3.4437646865844727
12640,1.65675008,3.3292360305786133,3.300717830657959,3.3999810218811035
12660,1.65937152,3.328533411026001,3.2987332344055176,3.3977532386779785
12680,1.66199296,3.2809038162231445,3.2519755363464355,3.3493785858154297
12700,1.6646144,3.3679208755493164,3.3371119499206543,3.433642864227295
12720,1.66723584,3.3802056312561035,3.351259708404541,3.4541101455688477
12740,1.66985728,3.2731051445007324,3.2487432956695557,3.346524953842163
12760,1.67247872,3.393761157989502,3.3699257373809814,3.4677562713623047
12780,1.67510016,3.3227834701538086,3.296947956085205,3.394599437713623
12800,1.6777216,3.39859676361084,3.3769614696502686,3.4695024490356445
12820,1.68034304,3.3294928073883057,3.303173542022705,3.399338960647583
12840,1.68296448,3.3291425704956055,3.30344820022583,3.402224063873291
12860,1.68558592,3.301530122756958,3.276275873184204,3.369915246963501
12880,1.68820736,3.275261878967285,3.249302864074707,3.3474695682525635
12900,1.6908288,3.3713135719299316,3.3437814712524414,3.4435341358184814
12920,1.69345024,3.3622121810913086,3.3377346992492676,3.428314208984375
12940,1.69607168,3.3493757247924805,3.3211116790771484,3.425750732421875
12960,1.69869312,3.3354296684265137,3.3061742782592773,3.4053683280944824
12980,1.70131456,3.340583324432373,3.3109378814697266,3.407048463821411
13000,1.703936,3.4009954929351807,3.3681182861328125,3.47000789642334
13020,1.70655744,3.3178954124450684,3.2879714965820312,3.3803083896636963
13040,1.70917888,3.345592498779297,3.322995185852051,3.4140186309814453
13060,1.71180032,3.337266445159912,3.314265727996826,3.408155918121338
13080,1.71442176,3.318174123764038,3.285989284515381,3.3903818130493164
13100,1.7170432,3.3610897064208984,3.333932876586914,3.423135757446289
13120,1.71966464,3.315436363220215,3.291135787963867,3.381277561187744
13140,1.72228608,3.296727418899536,3.2738449573516846,3.369346857070923
13160,1.72490752,3.4001073837280273,3.3758397102355957,3.4654858112335205
13180,1.72752896,3.3654367923736572,3.3445658683776855,3.437232732772827
13200,1.7301504,3.3855419158935547,3.3593528270721436,3.45566987991333
13220,1.73277184,3.351609230041504,3.32686710357666,3.4196391105651855
13240,1.73539328,3.350893020629883,3.3277149200439453,3.422529697418213
13260,1.73801472,3.317777395248413,3.2889890670776367,3.3840014934539795
13280,1.74063616,3.3412702083587646,3.315274477005005,3.4091434478759766
13300,1.7432576,3.366960048675537,3.342257261276245,3.434797763824463
13320,1.74587904,3.3364405632019043,3.3073606491088867,3.400437355041504
13340,1.74850048,3.301264762878418,3.276606798171997,3.3731186389923096
13360,1.75112192,3.3343169689178467,3.308239459991455,3.400041341781616
13380,1.75374336,3.356762647628784,3.33022403717041,3.425539016723633
13400,1.7563648,3.297234296798706,3.2687289714813232,3.3634073734283447
13420,1.75898624,3.3090567588806152,3.280712604522705,3.372968912124634
13440,1.76160768,3.3563616275787354,3.328941822052002,3.4198505878448486
13460,1.76422912,3.360414981842041,3.3345961570739746,3.4260599613189697
13480,1.76685056,3.3279690742492676,3.2989444732666016,3.386462450027466
13500,1.769472,3.292524814605713,3.267334222793579,3.359954833984375
13520,1.77209344,3.39791202545166,3.3725175857543945,3.4690797328948975
13540,1.77471488,3.327327251434326,3.301868438720703,3.3910017013549805
13560,1.77733632,3.2539658546447754,3.2263951301574707,3.3121912479400635
13580,1.77995776,3.363973379135132,3.3354861736297607,3.4261083602905273
13600,1.7825792,3.4045979976654053,3.3816123008728027,3.4682178497314453
13620,1.78520064,3.4548861980438232,3.42785906791687,3.517348051071167
13640,1.78782208,3.3229317665100098,3.2962377071380615,3.3865954875946045
13660,1.79044352,3.3505256175994873,3.322981357574463,3.415574073791504
13680,1.79306496,3.3264544010162354,3.2989468574523926,3.3871288299560547
13700,1.7956864,3.3070502281188965,3.2796781063079834,3.3698902130126953
13720,1.79830784,3.3830080032348633,3.3514089584350586,3.4404537677764893
13740,1.80092928,3.4025192260742188,3.3782527446746826,3.4623546600341797
13760,1.80355072,3.4214119911193848,3.3965373039245605,3.4822638034820557
13780,1.80617216,3.3334014415740967,3.3068079948425293,3.3931961059570312
13800,1.8087936,3.349668502807617,3.325944185256958,3.4147350788116455
13820,1.81141504,3.312549591064453,3.2767200469970703,3.369725465774536
13840,1.81403648,3.376220464706421,3.3500847816467285,3.4367706775665283
13860,1.81665792,3.365354061126709,3.336263656616211,3.425171375274658
13880,1.81927936,3.3567206859588623,3.3366594314575195,3.425776958465576
13900,1.8219008,3.403567314147949,3.3773751258850098,3.460824489593506
13920,1.82452224,3.338016986846924,3.30728816986084,3.3921194076538086
13940,1.82714368,3.3742318153381348,3.3418734073638916,3.4317710399627686
13960,1.82976512,3.3477985858917236,3.3221077919006348,3.4081637859344482
13980,1.83238656,3.3513457775115967,3.323237419128418,3.41062331199646
14000,1.835008,3.3145530223846436,3.2876176834106445,3.3728089332580566
14020,1.83762944,3.35960054397583,3.3353183269500732,3.424612283706665
14040,1.84025088,3.3286280632019043,3.3034183979034424,3.3875765800476074
14060,1.84287232,3.323895215988159,3.3004050254821777,3.3835513591766357
14080,1.84549376,3.307961940765381,3.2762880325317383,3.364288091659546
14100,1.8481152,3.311707019805908,3.2834248542785645,3.3696582317352295
14120,1.85073664,3.2878165245056152,3.257671356201172,3.3484907150268555
14140,1.85335808,3.3035683631896973,3.2729856967926025,3.3561832904815674
14160,1.85597952,3.3642685413360596,3.3358778953552246,3.4244916439056396
14180,1.85860096,3.3445403575897217,3.312920093536377,3.4008424282073975
14200,1.8612224,3.2272043228149414,3.195394277572632,3.2906012535095215
14220,1.86384384,3.3738560676574707,3.349942445755005,3.4331469535827637
14240,1.86646528,3.4303221702575684,3.4013805389404297,3.4854187965393066
14260,1.86908672,3.273740768432617,3.2457926273345947,3.3294832706451416
14280,1.87170816,3.3443219661712646,3.323502779006958,3.3997817039489746
14300,1.8743296,3.398693084716797,3.380471706390381,3.459433078765869
14320,1.87695104,3.3576951026916504,3.3238577842712402,3.4092180728912354
14340,1.87957248,3.2521562576293945,3.2247214317321777,3.310943365097046
14360,1.88219392,3.301121711730957,3.2761666774749756,3.3581180572509766
14380,1.88481536,3.2926719188690186,3.2693686485290527,3.3483805656433105
14400,1.8874368,3.3404691219329834,3.3133721351623535,3.397221088409424
14420,1.89005824,3.417208194732666,3.387244701385498,3.4761295318603516
14440,1.89267968,3.3215713500976562,3.294557571411133,3.381713390350342
14460,1.89530112,3.354344367980957,3.322476387023926,3.4098525047302246
14480,1.89792256,3.304840087890625,3.2730953693389893,3.3601176738739014
14500,1.900544,3.381120443344116,3.349447727203369,3.437422275543213
14520,1.90316544,3.3770322799682617,3.3505401611328125,3.429011344909668
14540,1.90578688,3.3811240196228027,3.3514175415039062,3.440610647201538
14560,1.90840832,3.2742319107055664,3.2502870559692383,3.3350372314453125
14580,1.91102976,3.250203847885132,3.2317018508911133,3.3076648712158203
14600,1.9136512,3.3707728385925293,3.346176862716675,3.4252960681915283
14620,1.91627264,3.2840185165405273,3.2575223445892334,3.3357717990875244
14640,1.91889408,3.3605265617370605,3.3360090255737305,3.4184205532073975
14660,1.92151552,3.3695011138916016,3.3465447425842285,3.4203875064849854
14680,1.92413696,3.341201066970825,3.314098834991455,3.3952064514160156
14700,1.9267584,3.3497962951660156,3.327317714691162,3.4079971313476562
14720,1.92937984,3.2754664421081543,3.2504465579986572,3.3244261741638184
14740,1.93200128,3.271130323410034,3.2450368404388428,3.322568893432617
14760,1.93462272,3.3271169662475586,3.294288158416748,3.3792836666107178
14780,1.93724416,3.255298137664795,3.2332520484924316,3.3102900981903076
14800,1.9398656,3.2517147064208984,3.2242565155029297,3.305842638015747
14820,1.94248704,3.3065378665924072,3.28542423248291,3.365194797515869
14840,1.94510848,3.3211278915405273,3.292367935180664,3.3728652000427246
14860,1.94772992,3.316129207611084,3.2873682975769043,3.3722095489501953
14880,1.95035136,3.3761584758758545,3.3458168506622314,3.421550989151001
14900,1.9529728,3.3623974323272705,3.3346567153930664,3.4135990142822266
14920,1.95559424,3.343489646911621,3.3111319541931152,3.3895938396453857
14940,1.95821568,3.351119041442871,3.324467658996582,3.4028782844543457
14960,1.96083712,3.2929131984710693,3.2618846893310547,3.3425588607788086
14980,1.96345856,3.3543219566345215,3.3258986473083496,3.4046099185943604
15000,1.96608,3.2998294830322266,3.2687339782714844,3.348984956741333
15020,1.96870144,3.3225512504577637,3.3013856410980225,3.3781986236572266
15040,1.97132288,3.3279147148132324,3.2986631393432617,3.3794548511505127
15060,1.97394432,3.336207389831543,3.313941478729248,3.3898515701293945
15080,1.97656576,3.369511127471924,3.3426430225372314,3.420029640197754
15100,1.9791872,3.2690954208374023,3.2401745319366455,3.3192830085754395
15120,1.98180864,3.3809943199157715,3.3483333587646484,3.430903911590576
15140,1.98443008,3.319338321685791,3.294893264770508,3.371281385421753
15160,1.98705152,3.394986629486084,3.369898557662964,3.452627658843994
15180,1.98967296,3.306208848953247,3.2844395637512207,3.359236717224121
15200,1.9922944,3.330775737762451,3.3107380867004395,3.385624647140503
15220,1.99491584,3.3727197647094727,3.341107130050659,3.4161458015441895
15240,1.99753728,3.414034128189087,3.3849124908447266,3.4623663425445557
15260,2.00015872,3.314371109008789,3.2911150455474854,3.363300323486328
15280,2.00278016,3.3037781715393066,3.278153657913208,3.358501434326172
15300,2.0054016,3.3403944969177246,3.3129494190216064,3.3893213272094727
15320,2.00802304,3.292935848236084,3.265564441680908,3.342378616333008
15340,2.01064448,3.330575704574585,3.296757459640503,3.3758649826049805
15360,2.01326592,3.3162314891815186,3.2931385040283203,3.3618922233581543
15380,2.01588736,3.372415542602539,3.3443033695220947,3.4186747074127197
15400,2.0185088,3.28555965423584,3.258394241333008,3.338271141052246
15420,2.02113024,3.2780871391296387,3.25071382522583,3.3277454376220703
15440,2.02375168,3.34948992729187,3.3193893432617188,3.4011623859405518
15460,2.02637312,3.3138155937194824,3.2875633239746094,3.359442710876465
15480,2.02899456,3.382328987121582,3.348172664642334,3.4318666458129883
15500,2.031616,3.2307045459747314,3.204078197479248,3.277719259262085
15520,2.03423744,3.3012869358062744,3.2760086059570312,3.3542518615722656
15540,2.03685888,3.3425755500793457,3.315232276916504,3.3893659114837646
15560,2.03948032,3.3181159496307373,3.2950856685638428,3.364842653274536
15580,2.04210176,3.2602264881134033,3.2336394786834717,3.306039571762085
15600,2.0447232,3.3413498401641846,3.3147668838500977,3.390774726867676
15620,2.04734464,3.2711031436920166,3.242902994155884,3.31601619720459
15640,2.04996608,3.3321690559387207,3.3013315200805664,3.3841917514801025
15660,2.05258752,3.3766486644744873,3.3425168991088867,3.424166202545166
15680,2.05520896,3.2966537475585938,3.2729125022888184,3.3437564373016357
15700,2.0578304,3.355168104171753,3.3243441581726074,3.395569324493408
15720,2.06045184,3.3191308975219727,3.299435615539551,3.3667120933532715
15740,2.06307328,3.33247709274292,3.3070156574249268,3.378636360168457
15760,2.06569472,3.3511953353881836,3.3218536376953125,3.3960378170013428
15780,2.06831616,3.3167495727539062,3.2928624153137207,3.364793062210083
15800,2.0709376,3.3257761001586914,3.299107789993286,3.370819568634033
15820,2.07355904,3.3152668476104736,3.284557580947876,3.355978488922119
15840,2.07618048,3.288008213043213,3.259516716003418,3.335636854171753
15860,2.07880192,3.3540825843811035,3.335963010787964,3.4041013717651367
15880,2.08142336,3.347412109375,3.3122525215148926,3.3929436206817627
15900,2.0840448,3.2894606590270996,3.258728265762329,3.3305320739746094
15920,2.08666624,3.317837715148926,3.293339729309082,3.3658194541931152
15940,2.08928768,3.330603837966919,3.299293041229248,3.375153064727783
15960,2.09190912,3.3256828784942627,3.3001203536987305,3.372382879257202
15980,2.09453056,3.2384326457977295,3.2131600379943848,3.2862284183502197
16000,2.097152,3.3469295501708984,3.323556661605835,3.3948655128479004
16020,2.09977344,3.3883285522460938,3.353740692138672,3.433741807937622
16040,2.10239488,3.348449230194092,3.32106876373291,3.3931257724761963
16060,2.10501632,3.3720853328704834,3.3456034660339355,3.417214870452881
16080,2.10763776,3.2913222312927246,3.262855052947998,3.337786912918091
16100,2.1102592,3.293290376663208,3.2649552822113037,3.3406970500946045
16120,2.11288064,3.3209786415100098,3.291506052017212,3.3629653453826904
16140,2.11550208,3.318540573120117,3.2882235050201416,3.3603641986846924
16160,2.11812352,3.2725348472595215,3.240952730178833,3.3136699199676514
16180,2.12074496,3.301280975341797,3.2801151275634766,3.3502626419067383
16200,2.1233664,3.269712448120117,3.244365692138672,3.3105075359344482
16220,2.12598784,3.304746150970459,3.276404857635498,3.349623918533325
16240,2.12860928,3.2925357818603516,3.2626075744628906,3.33150577545166
16260,2.13123072,3.2951152324676514,3.2687599658966064,3.3389036655426025
16280,2.13385216,3.3000361919403076,3.2735745906829834,3.3391740322113037
16300,2.1364736,3.288069725036621,3.258948802947998,3.3300344944000244
16320,2.13909504,3.2532753944396973,3.2263636589050293,3.2953081130981445
16340,2.14171648,3.3174819946289062,3.287844181060791,3.3576085567474365
16360,2.14433792,3.3460090160369873,3.314767360687256,3.3895816802978516
16380,2.14695936,3.2975735664367676,3.2718238830566406,3.3393301963806152
16400,2.1495808,3.3812010288238525,3.3488833904266357,3.419426202774048
16420,2.15220224,3.3472723960876465,3.311525344848633,3.3839030265808105
16440,2.15482368,3.3753459453582764,3.3479950428009033,3.4184422492980957
16460,2.15744512,3.333423137664795,3.3035082817077637,3.373608350753784
16480,2.16006656,3.335110902786255,3.309180974960327,3.3816611766815186
16500,2.162688,3.23946475982666,3.2050223350524902,3.2784409523010254
16520,2.16530944,3.3509907722473145,3.3278069496154785,3.394272804260254
16540,2.16793088,3.354494094848633,3.3262722492218018,3.3879952430725098
16560,2.17055232,3.337860107421875,3.3066136837005615,3.3754284381866455
16580,2.17317376,3.29856014251709,3.268749475479126,3.343294858932495
16600,2.1757952,3.3120710849761963,3.278860330581665,3.3497982025146484
16620,2.17841664,3.296394109725952,3.2686963081359863,3.3354954719543457
16640,2.18103808,3.2816097736358643,3.259300708770752,3.3252224922180176
16660,2.18365952,3.342850685119629,3.314826011657715,3.3781204223632812
16680,2.18628096,3.4007771015167236,3.368757963180542,3.440995931625366
16700,2.1889024,3.327119827270508,3.295548439025879,3.3657708168029785
16720,2.19152384,3.3394713401794434,3.3148155212402344,3.381798028945923
16740,2.19414528,3.2748875617980957,3.2468979358673096,3.3142879009246826
16760,2.19676672,3.3174514770507812,3.2918710708618164,3.353853940963745
16780,2.19938816,3.3575286865234375,3.326765537261963,3.3941593170166016
16800,2.2020096,3.3746559619903564,3.344586133956909,3.413597583770752
16820,2.20463104,3.3226261138916016,3.301870346069336,3.3618950843811035
16840,2.20725248,3.3998847007751465,3.3706698417663574,3.4389686584472656
16860,2.20987392,3.375112533569336,3.3454413414001465,3.413311243057251
16880,2.21249536,3.278913974761963,3.2489566802978516,3.3193511962890625
16900,2.2151168,3.293196201324463,3.2550182342529297,3.3282341957092285
16920,2.21773824,3.3085527420043945,3.2828664779663086,3.3480257987976074
16940,2.22035968,3.3546671867370605,3.327829599380493,3.393480062484741
16960,2.22298112,3.2869558334350586,3.2553153038024902,3.32069993019104
16980,2.22560256,3.353100299835205,3.3281989097595215,3.3962790966033936
17000,2.228224,3.295769214630127,3.265328884124756,3.3352162837982178
17020,2.23084544,3.28981351852417,3.2623672485351562,3.3234305381774902
17040,2.23346688,3.337468385696411,3.313760757446289,3.37497615814209
17060,2.23608832,3.358060836791992,3.3335366249084473,3.396207332611084
17080,2.23870976,3.266495943069458,3.240231513977051,3.3071367740631104
17100,2.2413312,3.380981922149658,3.357487201690674,3.4211537837982178
17120,2.24395264,3.358717918395996,3.3281588554382324,3.3936941623687744
17140,2.24657408,3.289304733276367,3.2694220542907715,3.3312501907348633
17160,2.24919552,3.3422279357910156,3.313753128051758,3.384817123413086
17180,2.25181696,3.318289279937744,3.290010929107666,3.3546316623687744
17200,2.2544384,3.391991376876831,3.361825466156006,3.4302194118499756
17220,2.25705984,3.269951343536377,3.240291118621826,3.3038597106933594
17240,2.25968128,3.3639678955078125,3.3330984115600586,3.397411823272705
17260,2.26230272,3.355142116546631,3.3232831954956055,3.3960108757019043
17280,2.26492416,3.3417394161224365,3.310519218444824,3.3751699924468994
17300,2.2675456,3.3275198936462402,3.2994909286499023,3.3603296279907227
17320,2.27016704,3.3055262565612793,3.2740211486816406,3.3392043113708496
17340,2.27278848,3.2771921157836914,3.2479090690612793,3.3126938343048096
17360,2.27540992,3.3046529293060303,3.2699177265167236,3.3375701904296875
17380,2.27803136,3.2858595848083496,3.2517380714416504,3.317957878112793
17400,2.2806528,3.321485996246338,3.2974331378936768,3.357877492904663
17420,2.28327424,3.2287681102752686,3.198972225189209,3.265498399734497
17440,2.28589568,3.288172483444214,3.268578052520752,3.329921245574951
17460,2.28851712,3.286794662475586,3.254210948944092,3.321564197540283
17480,2.29113856,3.275512456893921,3.2496895790100098,3.309943675994873
17500,2.29376,3.372286796569824,3.3478856086730957,3.407802104949951
17520,2.29638144,3.3493072986602783,3.3179192543029785,3.383894443511963
17540,2.29900288,3.310429096221924,3.276592969894409,3.3437798023223877
17560,2.30162432,3.3295230865478516,3.304225206375122,3.3660898208618164
17580,2.30424576,3.3540334701538086,3.323286771774292,3.3901000022888184
17600,2.3068672,3.2948899269104004,3.264853000640869,3.333865165710449
17620,2.30948864,3.307039737701416,3.28480863571167,3.3431808948516846
17640,2.31211008,3.327425956726074,3.294959783554077,3.3596768379211426
17660,2.31473152,3.340179443359375,3.312434673309326,3.3756237030029297
17680,2.31735296,3.3261122703552246,3.296571731567383,3.3605785369873047
17700,2.3199744,3.26735782623291,3.2400169372558594,3.305088520050049
17720,2.32259584,3.3047738075256348,3.2813189029693604,3.340878963470459
17740,2.32521728,3.2694075107574463,3.2395763397216797,3.304126024246216
17760,2.32783872,3.357494831085205,3.3311915397644043,3.3914618492126465
17780,2.33046016,3.2724061012268066,3.2515347003936768,3.304694175720215
17800,2.3330816,3.3048441410064697,3.2773404121398926,3.333176374435425
17820,2.33570304,3.3446223735809326,3.315861701965332,3.371666193008423
17840,2.33832448,3.335693836212158,3.306629180908203,3.37036395072937
17860,2.34094592,3.317227840423584,3.2885067462921143,3.349943161010742
17880,2.34356736,3.254006862640381,3.2284393310546875,3.2874817848205566
17900,2.3461888,3.343801259994507,3.313352108001709,3.3749988079071045
17920,2.34881024,3.3277153968811035,3.3038175106048584,3.366086721420288
17940,2.35143168,3.310633420944214,3.2832274436950684,3.3425798416137695
17960,2.35405312,3.3372557163238525,3.3108367919921875,3.3698041439056396
17980,2.35667456,3.2531027793884277,3.2279062271118164,3.2903709411621094
18000,2.359296,3.3473668098449707,3.3127362728118896,3.3758745193481445
18020,2.36191744,3.2748794555664062,3.2471511363983154,3.309561252593994
18040,2.36453888,3.290536403656006,3.260338068008423,3.3264145851135254
18060,2.36716032,3.2808539867401123,3.2534220218658447,3.317195415496826
18080,2.36978176,3.3327691555023193,3.2984910011291504,3.3622629642486572
18100,2.3724032,3.3377842903137207,3.3097875118255615,3.373938798904419
18120,2.37502464,3.3304548263549805,3.3062946796417236,3.3635129928588867
18140,2.37764608,3.226317882537842,3.200270652770996,3.256767988204956
18160,2.38026752,3.2555322647094727,3.2247562408447266,3.2880825996398926
18180,2.38288896,3.350240468978882,3.318241596221924,3.3778843879699707
18200,2.3855104,3.267099380493164,3.239112615585327,3.2959532737731934
18220,2.38813184,3.2393417358398438,3.2094860076904297,3.267467498779297
18240,2.39075328,3.2708606719970703,3.242116928100586,3.30330228805542
18260,2.39337472,3.333040237426758,3.308549165725708,3.3661420345306396
18280,2.39599616,3.3111300468444824,3.288931369781494,3.3419809341430664
18300,2.3986176,3.3325257301330566,3.3063085079193115,3.3595571517944336
18320,2.40123904,3.3334412574768066,3.302539587020874,3.359694480895996
18340,2.40386048,3.33528995513916,3.3057117462158203,3.3620669841766357
18360,2.40648192,3.287044048309326,3.2582502365112305,3.3158118724823
18380,2.40910336,3.271235942840576,3.24125075340271,3.3005406856536865
18400,2.4117248,3.3330860137939453,3.2969236373901367,3.3613216876983643
18420,2.41434624,3.292353391647339,3.2636208534240723,3.320617914199829
18440,2.41696768,3.279672622680664,3.251861095428467,3.3091201782226562
18460,2.41958912,3.3124074935913086,3.288302421569824,3.3490142822265625
18480,2.42221056,3.284045457839966,3.2525854110717773,3.3145575523376465
18500,2.424832,3.293630599975586,3.2628040313720703,3.3280465602874756
18520,2.42745344,3.355128049850464,3.329268455505371,3.390427589416504
18540,2.43007488,3.3098630905151367,3.280259132385254,3.3430113792419434
18560,2.43269632,3.2952752113342285,3.259800910949707,3.3282175064086914
18580,2.43531776,3.267280101776123,3.2420363426208496,3.2991228103637695
18600,2.4379392,3.383817672729492,3.3558497428894043,3.411576271057129
18620,2.44056064,3.2848129272460938,3.2539422512054443,3.3121395111083984
18640,2.44318208,3.2859609127044678,3.26206374168396,3.3163609504699707
18660,2.44580352,3.247683525085449,3.218101739883423,3.27724289894104
18680,2.44842496,3.3261165618896484,3.295091390609741,3.3539159297943115
18700,2.4510464,3.292497158050537,3.264976739883423,3.322171688079834
18720,2.45366784,3.3267598152160645,3.288221597671509,3.3444480895996094
18740,2.45628928,3.3504090309143066,3.319148540496826,3.3748860359191895
18760,2.45891072,3.259453296661377,3.2306485176086426,3.2870712280273438
18780,2.46153216,3.2740159034729004,3.245059013366699,3.299464702606201
18800,2.4641536,3.287836790084839,3.259005546569824,3.3164501190185547
18820,2.46677504,3.143573760986328,3.1168580055236816,3.1680846214294434
18840,2.46939648,3.2461724281311035,3.2123918533325195,3.2660703659057617
18860,2.47201792,3.267324447631836,3.2339529991149902,3.292894124984741
18880,2.47463936,3.3865485191345215,3.3564577102661133,3.415104866027832
18900,2.4772608,3.3615522384643555,3.3349790573120117,3.390360116958618
18920,2.47988224,3.3026318550109863,3.2712132930755615,3.3268840312957764
18940,2.48250368,3.3321094512939453,3.3055918216705322,3.35970401763916
18960,2.48512512,3.283517360687256,3.2593154907226562,3.3101553916931152
18980,2.48774656,3.2910308837890625,3.2627499103546143,3.3198447227478027
19000,2.490368,3.3355250358581543,3.306731700897217,3.3617117404937744
19020,2.49298944,3.3744070529937744,3.345947027206421,3.402402400970459
19040,2.49561088,3.253570318222046,3.22598934173584,3.2809627056121826
19060,2.49823232,3.2375025749206543,3.2099056243896484,3.2608284950256348
19080,2.50085376,3.2830557823181152,3.2589187622070312,3.311359405517578
19100,2.5034752,3.2342236042022705,3.200591802597046,3.2591092586517334
19120,2.50609664,3.2488274574279785,3.2248432636260986,3.279249906539917
19140,2.50871808,3.3248040676116943,3.298964500427246,3.3557801246643066
19160,2.51133952,3.304673910140991,3.281960964202881,3.33941650390625
19180,2.51396096,3.316986560821533,3.288112163543701,3.344511032104492
19200,2.5165824,3.3129396438598633,3.2860708236694336,3.3437466621398926
19220,2.51920384,3.31473970413208,3.287097215652466,3.342045545578003
19240,2.52182528,3.2925338745117188,3.265709638595581,3.3194916248321533
19260,2.52444672,3.3236162662506104,3.2959537506103516,3.3478844165802
19280,2.52706816,3.2730824947357178,3.24415922164917,3.297135353088379
19300,2.5296896,3.3143396377563477,3.2821531295776367,3.336139440536499
19320,2.53231104,3.3512866497039795,3.3270998001098633,3.381214141845703
19340,2.53493248,3.2830519676208496,3.253002643585205,3.3038978576660156
19360,2.53755392,3.308257579803467,3.2794108390808105,3.3317270278930664
19380,2.54017536,3.3271360397338867,3.3023438453674316,3.354438066482544
19400,2.5427968,3.2508277893066406,3.220475673675537,3.2770473957061768
19420,2.54541824,3.3268699645996094,3.2985332012176514,3.3534083366394043
19440,2.54803968,3.2898876667022705,3.2563562393188477,3.3117833137512207
19460,2.55066112,3.3182668685913086,3.291020631790161,3.342811107635498
19480,2.55328256,3.3010191917419434,3.2714591026306152,3.328859329223633
19500,2.555904,3.2273917198181152,3.1944236755371094,3.2530088424682617
19520,2.55852544,3.2767887115478516,3.2529375553131104,3.3036012649536133
19540,2.56114688,3.2518815994262695,3.227020740509033,3.275995969772339
19560,2.56376832,3.2584848403930664,3.225545883178711,3.2852861881256104
19580,2.56638976,3.2731668949127197,3.2441070079803467,3.297356128692627
19600,2.5690112,3.250324249267578,3.221775531768799,3.2762506008148193
19620,2.57163264,3.297231912612915,3.2722983360290527,3.3244118690490723
19640,2.57425408,3.291253089904785,3.260849952697754,3.314957857131958
19660,2.57687552,3.259324789047241,3.229630947113037,3.2837929725646973
19680,2.57949696,3.361307144165039,3.335123062133789,3.3879711627960205
19700,2.5821184,3.355752944946289,3.3285484313964844,3.381869316101074
19720,2.58473984,3.3927106857299805,3.3678765296936035,3.4215457439422607
19740,2.58736128,3.3385236263275146,3.3099353313446045,3.3677937984466553
19760,2.58998272,3.258901357650757,3.2311296463012695,3.284576416015625
19780,2.59260416,3.3324766159057617,3.312765598297119,3.3588755130767822
19800,2.5952256,3.3125178813934326,3.281233310699463,3.337954044342041
19820,2.59784704,3.305905818939209,3.277060031890869,3.3286149501800537
19840,2.60046848,3.2722887992858887,3.243410587310791,3.2948925495147705
19860,2.60308992,3.2924575805664062,3.2582945823669434,3.3125436305999756
19880,2.60571136,3.2497291564941406,3.2161266803741455,3.2679085731506348
19900,2.6083328,3.2502670288085938,3.22739839553833,3.2768139839172363
19920,2.61095424,3.2821412086486816,3.2507286071777344,3.304840564727783
19940,2.61357568,3.258953094482422,3.2318739891052246,3.2849321365356445
19960,2.61619712,3.2965917587280273,3.2670984268188477,3.317540168762207
19980,2.61881856,3.282898187637329,3.2579851150512695,3.3075695037841797
20000,2.62144,3.3832058906555176,3.3534703254699707,3.4023540019989014
20020,2.62406144,3.364684820175171,3.3365941047668457,3.385030508041382
20040,2.62668288,3.3081469535827637,3.282719135284424,3.3324241638183594
20060,2.62930432,3.306393623352051,3.277663230895996,3.3285064697265625
20080,2.63192576,3.232677936553955,3.2026619911193848,3.247732162475586
20100,2.6345472,3.236945152282715,3.2095537185668945,3.2660934925079346
20120,2.63716864,3.335031509399414,3.3110995292663574,3.36116886138916
20140,2.63979008,3.323847532272339,3.2963013648986816,3.346622943878174
20160,2.64241152,3.244654893875122,3.2171499729156494,3.2654900550842285
20180,2.64503296,3.2881884574890137,3.258413791656494,3.308497190475464
20200,2.6476544,3.2985546588897705,3.2681326866149902,3.319856643676758
20220,2.65027584,3.2663350105285645,3.2302823066711426,3.2818803787231445
20240,2.65289728,3.3173043727874756,3.282571792602539,3.334149122238159
20260,2.65551872,3.27669620513916,3.245460271835327,3.3005900382995605
20280,2.65814016,3.2990643978118896,3.269540786743164,3.321575164794922
20300,2.6607616,3.2826361656188965,3.263137102127075,3.3090004920959473
20320,2.66338304,3.316793441772461,3.287409782409668,3.3357250690460205
20340,2.66600448,3.2943902015686035,3.2688491344451904,3.317410469055176
20360,2.66862592,3.2578365802764893,3.233882188796997,3.2843432426452637
20380,2.67124736,3.281076669692993,3.2467119693756104,3.3013718128204346
20400,2.6738688,3.3578124046325684,3.328306198120117,3.376760244369507
20420,2.67649024,3.2545762062072754,3.2226767539978027,3.2743232250213623
20440,2.67911168,3.297414541244507,3.2697086334228516,3.319368600845337
20460,2.68173312,3.246924877166748,3.220493793487549,3.267232656478882
20480,2.68435456,3.2606241703033447,3.232900619506836,3.287036895751953
20500,2.686976,3.2448999881744385,3.221116065979004,3.267820119857788
20520,2.68959744,3.3840088844299316,3.3620684146881104,3.4108879566192627
20540,2.69221888,3.2660367488861084,3.236178159713745,3.282588005065918
20560,2.69484032,3.3104028701782227,3.2782750129699707,3.330188035964966
20580,2.69746176,3.2611119747161865,3.232290029525757,3.2802114486694336
20600,2.7000832,3.2221572399139404,3.194481372833252,3.2470152378082275
20620,2.70270464,3.2326302528381348,3.2057435512542725,3.255629301071167
20640,2.70532608,3.305328845977783,3.2703800201416016,3.323513984680176
20660,2.70794752,3.3437442779541016,3.3168301582336426,3.365229845046997
20680,2.71056896,3.3153915405273438,3.2848668098449707,3.3366992473602295
20700,2.7131904,3.329024076461792,3.2945008277893066,3.3495705127716064
20720,2.71581184,3.2914373874664307,3.2632603645324707,3.3115549087524414
20740,2.71843328,3.2705111503601074,3.2473232746124268,3.289684295654297
20760,2.72105472,3.331857919692993,3.29683780670166,3.349661350250244
20780,2.72367616,3.2875499725341797,3.2594785690307617,3.310962200164795
20800,2.7262976,3.250905990600586,3.221998453140259,3.2730889320373535
20820,2.72891904,3.3480679988861084,3.322850227355957,3.369361400604248
20840,2.73154048,3.3056628704071045,3.2789649963378906,3.327110528945923
20860,2.73416192,3.2751948833465576,3.248537063598633,3.2905282974243164
20880,2.73678336,3.254439353942871,3.2281134128570557,3.275951862335205
20900,2.7394048,3.3812074661254883,3.3567309379577637,3.404249429702759
20920,2.74202624,3.3034281730651855,3.274876117706299,3.3222336769104004
20940,2.74464768,3.367039203643799,3.3451690673828125,3.3908231258392334
20960,2.74726912,3.1752400398254395,3.146596908569336,3.192232847213745
20980,2.74989056,3.3608999252319336,3.3299007415771484,3.3776845932006836
21000,2.752512,3.2975645065307617,3.266530752182007,3.315218448638916
21020,2.75513344,3.3050320148468018,3.273818254470825,3.320432424545288
21040,2.75775488,3.2993991374969482,3.2698974609375,3.3160228729248047
21060,2.76037632,3.216022491455078,3.1852059364318848,3.2339634895324707
21080,2.76299776,3.3596959114074707,3.3309693336486816,3.3827202320098877
21100,2.7656192,3.2645344734191895,3.2334353923797607,3.282374620437622
21120,2.76824064,3.288330316543579,3.2614407539367676,3.3107614517211914
21140,2.77086208,3.3192379474639893,3.288506031036377,3.3410205841064453
21160,2.77348352,3.373106002807617,3.346561908721924,3.3965981006622314
21180,2.77610496,3.254535436630249,3.22419810295105,3.2705001831054688
21200,2.7787264,3.248162031173706,3.213768482208252,3.267829418182373
21220,2.78134784,3.2536356449127197,3.2197914123535156,3.266234874725342
21240,2.78396928,3.3213510513305664,3.287001848220825,3.3342485427856445
21260,2.78659072,3.327106475830078,3.2986574172973633,3.338491439819336
21280,2.78921216,3.322150230407715,3.296862840652466,3.3411107063293457
21300,2.7918336,3.2708981037139893,3.2411718368530273,3.2918291091918945
21320,2.79445504,3.329200267791748,3.300279378890991,3.3491151332855225
21340,2.79707648,3.315239906311035,3.290437936782837,3.333759307861328
21360,2.79969792,3.2220301628112793,3.194031238555908,3.2390434741973877
21380,2.80231936,3.34942626953125,3.3179283142089844,3.3664612770080566
21400,2.8049408,3.2692480087280273,3.242204189300537,3.282360553741455
21420,2.80756224,3.2778730392456055,3.2498161792755127,3.2964324951171875
21440,2.81018368,3.302093744277954,3.268836736679077,3.315316915512085
21460,2.81280512,3.3209705352783203,3.292335271835327,3.3361563682556152
21480,2.81542656,3.3125786781311035,3.2885305881500244,3.3303215503692627
21500,2.818048,3.2842905521392822,3.257134437561035,3.3035027980804443
21520,2.82066944,3.337143898010254,3.307020664215088,3.3476765155792236
21540,2.82329088,3.3186213970184326,3.288501739501953,3.3374853134155273
21560,2.82591232,3.2769997119903564,3.2501564025878906,3.291238307952881
21580,2.82853376,3.400789260864258,3.3737707138061523,3.420387029647827
21600,2.8311552,3.354902744293213,3.3241171836853027,3.3683595657348633
21620,2.83377664,3.3173904418945312,3.2885842323303223,3.3308568000793457
21640,2.83639808,3.347463607788086,3.3107521533966064,3.3609280586242676
21660,2.83901952,3.326556921005249,3.2932004928588867,3.3369455337524414
21680,2.84164096,3.3641834259033203,3.3385815620422363,3.384134531021118
21700,2.8442624,3.2513351440429688,3.22176456451416,3.2747063636779785
21720,2.84688384,3.3185572624206543,3.294776678085327,3.3404831886291504
21740,2.84950528,3.2139971256256104,3.1893205642700195,3.2355566024780273
21760,2.85212672,3.34621000289917,3.316502571105957,3.3641421794891357
21780,2.85474816,3.2950351238250732,3.264902353286743,3.3112471103668213
21800,2.8573696,3.382542133331299,3.3508715629577637,3.4023780822753906
21820,2.85999104,3.3677620887756348,3.3398935794830322,3.38226318359375
21840,2.86261248,3.3036234378814697,3.2693796157836914,3.3125460147857666
21860,2.86523392,3.309694290161133,3.2833352088928223,3.324589729309082
21880,2.86785536,3.3233160972595215,3.293783664703369,3.335033893585205
21900,2.8704768,3.254889488220215,3.2268967628479004,3.2737016677856445
21920,2.87309824,3.314142942428589,3.2901220321655273,3.3294832706451416
21940,2.87571968,3.2889108657836914,3.2627828121185303,3.3037357330322266
21960,2.87834112,3.325035572052002,3.2943649291992188,3.3444032669067383
21980,2.88096256,3.275566577911377,3.245037317276001,3.2897400856018066
22000,2.883584,3.2813949584960938,3.253042459487915,3.2927703857421875
22020,2.88620544,3.2618188858032227,3.237318515777588,3.275707960128784
22040,2.88882688,3.266965627670288,3.231997013092041,3.2787413597106934
22060,2.89144832,3.2809464931488037,3.252681255340576,3.298912763595581
22080,2.89406976,3.2758266925811768,3.2483954429626465,3.2980592250823975
22100,2.8966912,3.2535316944122314,3.2186708450317383,3.264611005783081
22120,2.89931264,3.339087963104248,3.3146486282348633,3.3530209064483643
22140,2.90193408,3.2363247871398926,3.207481622695923,3.2469515800476074
22160,2.90455552,3.285156011581421,3.256730556488037,3.301018238067627
22180,2.90717696,3.3321638107299805,3.300271511077881,3.349630117416382
22200,2.9097984,3.280522584915161,3.248216152191162,3.2921063899993896
22220,2.91241984,3.284684896469116,3.2509045600891113,3.29872727394104
22240,2.91504128,3.2854623794555664,3.2583413124084473,3.3001415729522705
22260,2.91766272,3.318086862564087,3.2861149311065674,3.330808639526367
22280,2.92028416,3.269413709640503,3.2378828525543213,3.283501625061035
22300,2.9229056,3.204634189605713,3.179229497909546,3.218127489089966
22320,2.92552704,3.212329387664795,3.1812989711761475,3.224623680114746
22340,2.92814848,3.3049044609069824,3.2782342433929443,3.318380832672119
22360,2.93076992,3.259113311767578,3.226088523864746,3.267162799835205
22380,2.93339136,3.242459774017334,3.216897964477539,3.2608251571655273
22400,2.9360128,3.3305296897888184,3.2929158210754395,3.3443093299865723
22420,2.93863424,3.220003366470337,3.1908280849456787,3.2346177101135254
22440,2.94125568,3.2833831310272217,3.2541675567626953,3.300713539123535
22460,2.94387712,3.3154821395874023,3.2854926586151123,3.328166961669922
22480,2.94649856,3.285377264022827,3.259068250656128,3.301560401916504
22500,2.94912,3.2950730323791504,3.26785945892334,3.309206008911133
22520,2.95174144,3.2488527297973633,3.2233169078826904,3.263427257537842
22540,2.95436288,3.289250135421753,3.2613489627838135,3.306673288345337
22560,2.95698432,3.3469700813293457,3.3165314197540283,3.3597474098205566
22580,2.95960576,3.291390895843506,3.261216878890991,3.299229621887207
22600,2.9622272,3.294020175933838,3.2687442302703857,3.312391757965088
22620,2.96484864,3.2681939601898193,3.243436813354492,3.2824995517730713
22640,2.96747008,3.273808479309082,3.2415499687194824,3.281790256500244
22660,2.97009152,3.296588897705078,3.266584634780884,3.3097848892211914
22680,2.97271296,3.314650535583496,3.2871623039245605,3.3245787620544434
22700,2.9753344,3.281052827835083,3.2556707859039307,3.2935452461242676
22720,2.97795584,3.259455919265747,3.235668659210205,3.2715513706207275
22740,2.98057728,3.330893039703369,3.3036422729492188,3.3472378253936768
22760,2.98319872,3.254626750946045,3.2189643383026123,3.2645251750946045
22780,2.98582016,3.2921905517578125,3.261719226837158,3.303553342819214
22800,2.9884416,3.3581104278564453,3.331076145172119,3.3755247592926025
22820,2.99106304,3.308758020401001,3.278135299682617,3.3258562088012695
22840,2.99368448,3.295240879058838,3.267831325531006,3.305955171585083
22860,2.99630592,3.361471652984619,3.3324825763702393,3.3705739974975586
22880,2.99892736,3.2960450649261475,3.2717370986938477,3.316113233566284
22900,3.0015488,3.271859645843506,3.2461061477661133,3.282958984375
22920,3.00417024,3.2571828365325928,3.2275102138519287,3.2715821266174316
22940,3.00679168,3.234218120574951,3.2074432373046875,3.2463293075561523
22960,3.00941312,3.210258722305298,3.1817269325256348,3.2231123447418213
22980,3.01203456,3.2932913303375244,3.265483856201172,3.3018579483032227
23000,3.014656,3.294607162475586,3.270724296569824,3.3117258548736572
23020,3.01727744,3.1964597702026367,3.1678109169006348,3.2071542739868164
23040,3.01989888,3.264235019683838,3.2343263626098633,3.2739179134368896
23060,3.02252032,3.327080249786377,3.2981908321380615,3.3376922607421875
23080,3.02514176,3.2792768478393555,3.253520965576172,3.288456916809082
23100,3.0277632,3.3467605113983154,3.3170225620269775,3.361589193344116
23120,3.03038464,3.303511142730713,3.2751832008361816,3.314643383026123
23140,3.03300608,3.2729313373565674,3.2429521083831787,3.28090763092041
23160,3.03562752,3.3186452388763428,3.2914741039276123,3.329882860183716
23180,3.03824896,3.2154502868652344,3.183347225189209,3.2271816730499268
23200,3.0408704,3.2534635066986084,3.2220354080200195,3.2607991695404053
23220,3.04349184,3.266651153564453,3.237671375274658,3.2775051593780518
23240,3.04611328,3.2136425971984863,3.1813745498657227,3.220226764678955
23260,3.04873472,3.249450922012329,3.2224249839782715,3.262458324432373
23280,3.05135616,3.3231730461120605,3.294908046722412,3.337766408920288
23300,3.0539776,3.313603401184082,3.282522678375244,3.3206450939178467
23320,3.05659904,3.2343106269836426,3.2068281173706055,3.2452244758605957
23340,3.05922048,3.240756034851074,3.211113452911377,3.249469518661499
23360,3.06184192,3.2767562866210938,3.246128559112549,3.2883071899414062
23380,3.06446336,3.264374256134033,3.2367148399353027,3.2752037048339844
23400,3.0670848,3.2425456047058105,3.2110824584960938,3.2523820400238037
23420,3.06970624,3.3389391899108887,3.3073487281799316,3.353571891784668
23440,3.07232768,3.2181649208068848,3.1909127235412598,3.2341387271881104
23460,3.07494912,3.1798269748687744,3.152541160583496,3.193373203277588
23480,3.07757056,3.284667491912842,3.2536072731018066,3.2945163249969482
23500,3.080192,3.2688522338867188,3.2409586906433105,3.2821035385131836
23520,3.08281344,3.2563393115997314,3.2281625270843506,3.264354705810547
23540,3.08543488,3.2585182189941406,3.2335619926452637,3.2729122638702393
23560,3.08805632,3.2278122901916504,3.2020740509033203,3.2367281913757324
23580,3.09067776,3.2630274295806885,3.231785297393799,3.274364709854126
23600,3.0932992,3.3318440914154053,3.3046092987060547,3.3455851078033447
23620,3.09592064,3.2501230239868164,3.221036911010742,3.258511543273926
23640,3.09854208,3.2067596912384033,3.175527334213257,3.212924003601074
23660,3.10116352,3.2660775184631348,3.238372802734375,3.275424003601074
23680,3.10378496,3.2690911293029785,3.241161584854126,3.2850308418273926
23700,3.1064064,3.263803482055664,3.2286715507507324,3.2694389820098877
23720,3.10902784,3.3182215690612793,3.2855312824249268,3.3284573554992676
23740,3.11164928,3.2471277713775635,3.2145767211914062,3.2550323009490967
23760,3.11427072,3.303879499435425,3.2739346027374268,3.3133952617645264
23780,3.11689216,3.2837703227996826,3.2581424713134766,3.2960925102233887
23800,3.1195136,3.2929039001464844,3.2620182037353516,3.3000357151031494
23820,3.12213504,3.2293124198913574,3.2029776573181152,3.2435154914855957
23840,3.12475648,3.282711982727051,3.252469539642334,3.2928457260131836
23860,3.12737792,3.2873425483703613,3.2557365894317627,3.297605276107788
23880,3.12999936,3.327585220336914,3.2981348037719727,3.3402655124664307
23900,3.1326208,3.263338804244995,3.230769634246826,3.2752859592437744
23920,3.13524224,3.2876906394958496,3.265533685684204,3.3005127906799316
23940,3.13786368,3.210240364074707,3.184479236602783,3.2223474979400635
23960,3.14048512,3.2522177696228027,3.2251782417297363,3.259544849395752
23980,3.14310656,3.16745924949646,3.1391677856445312,3.175201892852783
24000,3.145728,3.2933645248413086,3.264712333679199,3.3012948036193848
24020,3.14834944,3.317272663116455,3.2866673469543457,3.327195644378662
24040,3.15097088,3.225883722305298,3.1989827156066895,3.233938694000244
24060,3.15359232,3.2162861824035645,3.187849283218384,3.226041316986084
24080,3.15621376,3.2619004249572754,3.2366671562194824,3.277676820755005
24100,3.1588352,3.260225772857666,3.230225086212158,3.2700276374816895
24120,3.16145664,3.2792656421661377,3.249467134475708,3.283595085144043
24140,3.16407808,3.3018641471862793,3.265406608581543,3.302307367324829
24160,3.16669952,3.287013292312622,3.254913091659546,3.2925665378570557
24180,3.16932096,3.2991271018981934,3.271975040435791,3.3082797527313232
24200,3.1719424,3.261221408843994,3.2309658527374268,3.2721285820007324
24220,3.17456384,3.2038521766662598,3.175909996032715,3.214876413345337
24240,3.17718528,3.2686028480529785,3.2413196563720703,3.275394916534424
24260,3.17980672,3.2363038063049316,3.212371826171875,3.2485342025756836
24280,3.18242816,3.2378945350646973,3.2074668407440186,3.2507565021514893
24300,3.1850496,3.3307297229766846,3.3004682064056396,3.341972827911377
24320,3.18767104,3.2380013465881348,3.207119941711426,3.2455456256866455
24340,3.19029248,3.317716598510742,3.2775793075561523,3.3259329795837402
24360,3.19291392,3.2667689323425293,3.240852117538452,3.2733757495880127
24380,3.19553536,3.2199363708496094,3.1929829120635986,3.2307870388031006
24400,3.1981568,3.220109462738037,3.190373420715332,3.2284748554229736
24420,3.20077824,3.2425804138183594,3.2156448364257812,3.256880283355713
24440,3.20339968,3.2706916332244873,3.240882158279419,3.2809805870056152
24460,3.20602112,3.2900192737579346,3.2651233673095703,3.2982535362243652
24480,3.20864256,3.3309011459350586,3.3033876419067383,3.3379619121551514
24500,3.211264,3.2430360317230225,3.2122557163238525,3.2468035221099854
24520,3.21388544,3.2737526893615723,3.2497386932373047,3.2822258472442627
24540,3.21650688,3.3070120811462402,3.2799477577209473,3.312544345855713
24560,3.21912832,3.313551425933838,3.289395570755005,3.317758083343506
24580,3.22174976,3.266427993774414,3.232753276824951,3.273263454437256
24600,3.2243712,3.278059244155884,3.2490081787109375,3.2842018604278564
24620,3.22699264,3.3444690704345703,3.3189446926116943,3.347825527191162
24640,3.22961408,3.3662049770355225,3.3366029262542725,3.3703808784484863
24660,3.23223552,3.2310104370117188,3.203969955444336,3.2421939373016357
24680,3.23485696,3.3183774948120117,3.290837049484253,3.3271729946136475
24700,3.2374784,3.21138334274292,3.183340072631836,3.2176575660705566
24720,3.24009984,3.1876931190490723,3.1528658866882324,3.190680742263794
24740,3.24272128,3.2888216972351074,3.255924701690674,3.2957539558410645
24760,3.24534272,3.258068084716797,3.232963800430298,3.2651753425598145
24780,3.24796416,3.2617111206054688,3.229278087615967,3.2664637565612793
24800,3.2505856,3.2546772956848145,3.2229714393615723,3.2614967823028564
24820,3.25320704,3.211874008178711,3.1796398162841797,3.213088035583496
24840,3.25582848,3.290198802947998,3.253972053527832,3.292268991470337
24860,3.25844992,3.291900873184204,3.2641913890838623,3.296712875366211
24880,3.26107136,3.266960620880127,3.2341558933258057,3.27242374420166
24900,3.2636928,3.3100414276123047,3.2767608165740967,3.3159077167510986
24920,3.26631424,3.298630714416504,3.2677414417266846,3.3046646118164062
24940,3.26893568,3.157651424407959,3.1300575733184814,3.165449857711792
24960,3.27155712,3.2811832427978516,3.248298168182373,3.2814269065856934
24980,3.27417856,3.3015003204345703,3.2744927406311035,3.304555892944336
25000,3.2768,3.272580146789551,3.2393007278442383,3.278578758239746
25020,3.27942144,3.239564895629883,3.2120888233184814,3.24463152885437
25040,3.28204288,3.2931008338928223,3.263441801071167,3.294206380844116
25060,3.28466432,3.2288765907287598,3.1998250484466553,3.2351653575897217
25080,3.28728576,3.3390462398529053,3.307389497756958,3.3421807289123535
25100,3.2899072,3.2792654037475586,3.2522006034851074,3.2848072052001953
25120,3.29252864,3.279015302658081,3.2487404346466064,3.283161163330078
25140,3.29515008,3.1583755016326904,3.1326544284820557,3.167910575866699
25160,3.29777152,3.245512008666992,3.2178473472595215,3.2504801750183105
25180,3.30039296,3.306004524230957,3.278857946395874,3.31768536567688
25200,3.3030144,3.3551595211029053,3.3216521739959717,3.359473705291748
25220,3.30563584,3.2592520713806152,3.230868101119995,3.265030860900879
25240,3.30825728,3.2265446186065674,3.19600248336792,3.2294762134552
25260,3.31087872,3.36496901512146,3.3326494693756104,3.3723092079162598
25280,3.31350016,3.282858371734619,3.2523069381713867,3.289491891860962
25300,3.3161216,3.2924232482910156,3.262735366821289,3.300062417984009
25320,3.31874304,3.279848337173462,3.2458372116088867,3.283207893371582
25340,3.32136448,3.288891553878784,3.2558555603027344,3.296466827392578
25360,3.32398592,3.23995304107666,3.219010829925537,3.2518208026885986
25380,3.32660736,3.310586929321289,3.282932758331299,3.31564998626709
25400,3.3292288,3.391700506210327,3.3624587059020996,3.3960089683532715
25420,3.33185024,3.3255271911621094,3.295182704925537,3.328530788421631
25440,3.33447168,3.265709161758423,3.235459566116333,3.26851749420166
25460,3.33709312,3.3134260177612305,3.2817256450653076,3.3176097869873047
25480,3.33971456,3.2644565105438232,3.2371134757995605,3.2656407356262207
25500,3.342336,3.2288942337036133,3.194437265396118,3.2311854362487793
25520,3.34495744,3.2577152252197266,3.22537899017334,3.2617993354797363
25540,3.34757888,3.2635154724121094,3.2308053970336914,3.2668566703796387
25560,3.35020032,3.2624759674072266,3.237602472305298,3.268010139465332
25580,3.35282176,3.249403953552246,3.219869375228882,3.256488084793091
25600,3.3554432,3.3107759952545166,3.286205291748047,3.318455457687378
25620,3.35806464,3.2459542751312256,3.2136716842651367,3.246994972229004
25640,3.36068608,3.2971677780151367,3.264878749847412,3.298767566680908
25660,3.36330752,3.2587695121765137,3.2286880016326904,3.2628839015960693
25680,3.36592896,3.285007953643799,3.2529091835021973,3.287172317504883
25700,3.3685504,3.254422187805176,3.226064443588257,3.2554984092712402
25720,3.37117184,3.306812286376953,3.2819342613220215,3.315627336502075
25740,3.37379328,3.241983413696289,3.210590124130249,3.2472734451293945
25760,3.37641472,3.2502589225769043,3.2202882766723633,3.2542455196380615
25780,3.37903616,3.2794203758239746,3.254293918609619,3.284489154815674
25800,3.3816576,3.311032772064209,3.2801780700683594,3.320382595062256
25820,3.38427904,3.270875930786133,3.241636037826538,3.276668071746826
25840,3.38690048,3.224546194076538,3.19351863861084,3.225400686264038
25860,3.38952192,3.24747371673584,3.2240090370178223,3.25390625
25880,3.39214336,3.2373006343841553,3.209005117416382,3.2394638061523438
25900,3.3947648,3.233826160430908,3.203673839569092,3.2347464561462402
25920,3.39738624,3.2192697525024414,3.194519519805908,3.2239575386047363
25940,3.40000768,3.200263500213623,3.174323320388794,3.1961522102355957
25960,3.40262912,3.2536110877990723,3.224637508392334,3.2543680667877197
25980,3.40525056,3.2552170753479004,3.2284207344055176,3.2608768939971924
26000,3.407872,3.2118096351623535,3.1794660091400146,3.2128148078918457
26020,3.41049344,3.2331244945526123,3.204723358154297,3.241975784301758
26040,3.41311488,3.1726560592651367,3.1446869373321533,3.1761391162872314
26060,3.41573632,3.33064866065979,3.297430992126465,3.326402187347412
26080,3.41835776,3.293386459350586,3.2591543197631836,3.295073986053467
26100,3.4209792,3.150470733642578,3.1200873851776123,3.154689073562622
26120,3.42360064,3.2415382862091064,3.2084522247314453,3.2368783950805664
26140,3.42622208,3.281693458557129,3.2481045722961426,3.2835512161254883
26160,3.42884352,3.265834093093872,3.231746196746826,3.272332191467285
26180,3.43146496,3.2312846183776855,3.2013983726501465,3.2353363037109375
26200,3.4340864,3.300494909286499,3.274488925933838,3.3035364151000977
26220,3.43670784,3.2928457260131836,3.2599635124206543,3.2906486988067627
26240,3.43932928,3.3204777240753174,3.294160842895508,3.3247501850128174
26260,3.44195072,3.2370877265930176,3.2078003883361816,3.240143299102783
26280,3.44457216,3.283519744873047,3.2482337951660156,3.2805044651031494
26300,3.4471936,3.3060641288757324,3.2748236656188965,3.310422658920288
26320,3.44981504,3.276824474334717,3.247509002685547,3.2831947803497314
26340,3.45243648,3.332728385925293,3.298895835876465,3.3318376541137695
26360,3.45505792,3.2315123081207275,3.2063498497009277,3.235295295715332
26380,3.45767936,3.342097759246826,3.315028190612793,3.3476858139038086
26400,3.4603008,3.2503626346588135,3.222942352294922,3.257674217224121
26420,3.46292224,3.2270328998565674,3.202322006225586,3.2337841987609863
26440,3.46554368,3.275608539581299,3.243773937225342,3.270191192626953
26460,3.46816512,3.2284793853759766,3.1914541721343994,3.2288782596588135
26480,3.47078656,3.241028308868408,3.213050127029419,3.240787982940674
26500,3.473408,3.2557849884033203,3.2244551181793213,3.2554941177368164
26520,3.47602944,3.2399303913116455,3.2116920948028564,3.23960018157959
26540,3.47865088,3.372068405151367,3.3434810638427734,3.373828172683716
26560,3.48127232,3.2845144271850586,3.2518534660339355,3.2860729694366455
26580,3.48389376,3.2885963916778564,3.2579500675201416,3.289875030517578
26600,3.4865152,3.257190465927124,3.2283084392547607,3.254591941833496
26620,3.48913664,3.225435495376587,3.190465211868286,3.219691038131714
26640,3.49175808,3.2696776390075684,3.239379405975342,3.271660804748535
26660,3.49437952,3.2746026515960693,3.2458913326263428,3.2791852951049805
26680,3.49700096,3.359037399291992,3.3254971504211426,3.365072727203369
26700,3.4996224,3.3091790676116943,3.2818853855133057,3.314789295196533
26720,3.50224384,3.3013737201690674,3.2714107036590576,3.30403995513916
26740,3.50486528,3.3117637634277344,3.2772281169891357,3.3140223026275635
26760,3.50748672,3.279743194580078,3.2463059425354004,3.28200626373291
26780,3.51010816,3.2407350540161133,3.2063417434692383,3.2394611835479736
26800,3.5127296,3.260033369064331,3.2259182929992676,3.2613213062286377
26820,3.51535104,3.312978744506836,3.2868218421936035,3.3181426525115967
26840,3.51797248,3.201850414276123,3.173239231109619,3.2052054405212402
26860,3.52059392,3.2832729816436768,3.248732566833496,3.2824547290802
26880,3.52321536,3.320143222808838,3.2850797176361084,3.3147363662719727
26900,3.5258368,3.2378792762756348,3.211057186126709,3.240415096282959
26920,3.52845824,3.251758337020874,3.2162163257598877,3.251953125
26940,3.53107968,3.272642135620117,3.242550849914551,3.2739343643188477
26960,3.53370112,3.2793827056884766,3.2546446323394775,3.2809205055236816
26980,3.53632256,3.277972459793091,3.2475743293762207,3.279071807861328
27000,3.538944,3.3329403400421143,3.3008272647857666,3.3314850330352783
27020,3.54156544,3.253359317779541,3.220020294189453,3.254526138305664
27040,3.54418688,3.2135426998138428,3.1890063285827637,3.2170164585113525
27060,3.54680832,3.27950119972229,3.2446722984313965,3.279879331588745
27080,3.54942976,3.3488645553588867,3.3235650062561035,3.357182264328003
27100,3.5520512,3.3242924213409424,3.2876665592193604,3.319730758666992
27120,3.55467264,3.2421603202819824,3.215249538421631,3.243208885192871
27140,3.55729408,3.260913133621216,3.231435775756836,3.2657294273376465
27160,3.55991552,3.264772653579712,3.2310800552368164,3.263449192047119
27180,3.56253696,3.283327102661133,3.254772663116455,3.287543535232544
27200,3.5651584,3.2713499069213867,3.242626190185547,3.2719404697418213
27220,3.56777984,3.240508794784546,3.2101845741271973,3.2423346042633057
27240,3.57040128,3.2335667610168457,3.205084800720215,3.2325987815856934
27260,3.57302272,3.294668674468994,3.2628555297851562,3.2888667583465576
27280,3.57564416,3.201613426208496,3.175041675567627,3.2071518898010254
27300,3.5782656,3.2380123138427734,3.208240032196045,3.238449811935425
27320,3.58088704,3.2371327877044678,3.211545944213867,3.241297483444214
27340,3.58350848,3.225252151489258,3.1984944343566895,3.2243971824645996
27360,3.58612992,3.257479667663574,3.2226755619049072,3.257884979248047
27380,3.58875136,3.1081888675689697,3.072052478790283,3.1034059524536133
27400,3.5913728,3.242743492126465,3.2174301147460938,3.245699882507324
27420,3.59399424,3.3395469188690186,3.3132543563842773,3.336353302001953
27440,3.59661568,3.2288362979888916,3.1965579986572266,3.2262330055236816
27460,3.59923712,3.20294451713562,3.1692183017730713,3.201904058456421
27480,3.60185856,3.2271571159362793,3.1880877017974854,3.221240282058716
27500,3.60448,3.2192435264587402,3.193305015563965,3.221737861633301
27520,3.60710144,3.248624801635742,3.217229127883911,3.244330406188965
27540,3.60972288,3.2436304092407227,3.216921329498291,3.2448081970214844
27560,3.61234432,3.165008783340454,3.1331684589385986,3.16336727142334
27580,3.61496576,3.259664535522461,3.232077121734619,3.2613346576690674
27600,3.6175872,3.251486301422119,3.228105306625366,3.251052141189575
27620,3.62020864,3.2032902240753174,3.1706035137176514,3.200371026992798
27640,3.62283008,3.263336658477783,3.2340784072875977,3.265479564666748
27660,3.62545152,3.327409267425537,3.2986490726470947,3.3318634033203125
27680,3.62807296,3.2102608680725098,3.1852879524230957,3.2083029747009277
27700,3.6306944,3.2546844482421875,3.227147102355957,3.2552318572998047
27720,3.63331584,3.205702304840088,3.1735918521881104,3.203184127807617
27740,3.63593728,3.143976926803589,3.119009256362915,3.144893169403076
27760,3.63855872,3.25430965423584,3.2227632999420166,3.252166986465454
27780,3.64118016,3.1754350662231445,3.145663261413574,3.173266887664795
27800,3.6438016,3.2374439239501953,3.2059216499328613,3.2358126640319824
27820,3.64642304,3.2231223583221436,3.182929277420044,3.2180750370025635
27840,3.64904448,3.2854957580566406,3.2582390308380127,3.2868964672088623
27860,3.65166592,3.246333122253418,3.210571050643921,3.239924669265747
27880,3.65428736,3.2371973991394043,3.208805561065674,3.2351737022399902
27900,3.6569088,3.2867801189422607,3.2558443546295166,3.2865610122680664
27920,3.65953024,3.279158115386963,3.2400083541870117,3.272766351699829
27940,3.66215168,3.2856063842773438,3.25767183303833,3.287863254547119
27960,3.66477312,3.246588945388794,3.213972806930542,3.2420945167541504
27980,3.66739456,3.332808494567871,3.302959680557251,3.3288402557373047
28000,3.670016,3.2648203372955322,3.230619430541992,3.262859344482422
28020,3.67263744,3.3156027793884277,3.286421537399292,3.3142786026000977
28040,3.67525888,3.2999789714813232,3.2699906826019287,3.2974233627319336
28060,3.67788032,3.283773183822632,3.253049373626709,3.2817842960357666
28080,3.68050176,3.2770378589630127,3.2526979446411133,3.2773420810699463
28100,3.6831232,3.3334953784942627,3.3074960708618164,3.333441972732544
28120,3.68574464,3.2924270629882812,3.263472557067871,3.2901675701141357
28140,3.68836608,3.236492395401001,3.209416389465332,3.2351906299591064
28160,3.69098752,3.281100034713745,3.253518581390381,3.280176877975464
28180,3.69360896,3.313523769378662,3.289552688598633,3.316481351852417
28200,3.6962304,3.2634072303771973,3.229320526123047,3.2554996013641357
28220,3.69885184,3.3107187747955322,3.276022434234619,3.308840274810791
28240,3.70147328,3.2755422592163086,3.243154525756836,3.270427703857422
28260,3.70409472,3.2643914222717285,3.2352466583251953,3.2586309909820557
28280,3.70671616,3.298736810684204,3.270401954650879,3.294877529144287
28300,3.7093376,3.173081159591675,3.1423068046569824,3.1693460941314697
28320,3.71195904,3.2793126106262207,3.2515485286712646,3.2799105644226074
28340,3.71458048,3.263237476348877,3.2315497398376465,3.258418560028076
28360,3.71720192,3.2519474029541016,3.223165512084961,3.249541759490967
28380,3.71982336,3.30777907371521,3.279134750366211,3.308377265930176
28400,3.7224448,3.2515032291412354,3.226105213165283,3.2497527599334717
28420,3.72506624,3.273942708969116,3.244720697402954,3.273552894592285
28440,3.72768768,3.281155586242676,3.249939441680908,3.2793641090393066
28460,3.73030912,3.3289334774017334,3.2996625900268555,3.3249268531799316
28480,3.73293056,3.241299867630005,3.2147703170776367,3.241323232650757
28500,3.735552,3.304014205932617,3.2814273834228516,3.3101236820220947
28520,3.73817344,3.2943434715270996,3.2649781703948975,3.2905139923095703
28540,3.74079488,3.2199606895446777,3.187314510345459,3.215536117553711
28560,3.74341632,3.229386806488037,3.201303005218506,3.2324023246765137
28580,3.74603776,3.2565674781799316,3.229193925857544,3.255680561065674
28600,3.7486592,3.2488210201263428,3.216553211212158,3.2410318851470947
28620,3.75128064,3.256462574005127,3.2277884483337402,3.254436731338501
28640,3.75390208,3.2557787895202637,3.2300217151641846,3.2549657821655273
28660,3.75652352,3.2704317569732666,3.2396092414855957,3.263274908065796
28680,3.75914496,3.244260311126709,3.2193515300750732,3.2390618324279785
28700,3.7617664,3.2340636253356934,3.2047505378723145,3.232553005218506
28720,3.76438784,3.271299362182617,3.2429661750793457,3.267756700515747
28740,3.76700928,3.286205291748047,3.2560226917266846,3.282512664794922
28760,3.76963072,3.311965227127075,3.2865819931030273,3.30977201461792
28780,3.77225216,3.241278648376465,3.212608814239502,3.237170457839966
28800,3.7748736,3.2970447540283203,3.272003650665283,3.2951464653015137
28820,3.77749504,3.2223963737487793,3.196880340576172,3.2200160026550293
28840,3.78011648,3.18343448638916,3.1547036170959473,3.17929744720459
28860,3.78273792,3.218352794647217,3.191101551055908,3.216857671737671
28880,3.78535936,3.2379512786865234,3.209138870239258,3.2386488914489746
28900,3.7879808,3.181889772415161,3.1541194915771484,3.1794214248657227
28920,3.79060224,3.3042306900024414,3.2800893783569336,3.3006434440612793
28940,3.79322368,3.317676067352295,3.292503833770752,3.3162481784820557
28960,3.79584512,3.2574820518493652,3.222729444503784,3.2543811798095703
28980,3.79846656,3.342524528503418,3.312617301940918,3.3370893001556396
29000,3.801088,3.333948850631714,3.3014092445373535,3.3283703327178955
29020,3.80370944,3.2606217861175537,3.2314400672912598,3.2606282234191895
29040,3.80633088,3.2378945350646973,3.209157943725586,3.2336199283599854
29060,3.80895232,3.214669942855835,3.1847991943359375,3.2120132446289062
29080,3.81157376,3.2786030769348145,3.2521963119506836,3.2790017127990723
29100,3.8141952,3.161607265472412,3.1240344047546387,3.154123544692993
29120,3.81681664,3.2367300987243652,3.211395263671875,3.237603187561035
29140,3.81943808,3.3007287979125977,3.2667970657348633,3.289750576019287
29160,3.82205952,3.278607130050659,3.244100332260132,3.274855136871338
29180,3.82468096,3.1595170497894287,3.1337246894836426,3.155670404434204
29200,3.8273024,3.2299695014953613,3.197672128677368,3.2235143184661865
29220,3.82992384,3.260026693344116,3.22405743598938,3.2538251876831055
29240,3.83254528,3.305217742919922,3.2710208892822266,3.2972216606140137
29260,3.83516672,3.2135913372039795,3.184311628341675,3.209613800048828
29280,3.83778816,3.2468907833099365,3.2154829502105713,3.2387161254882812
29300,3.8404096,3.254667282104492,3.2224082946777344,3.2506937980651855
29320,3.84303104,3.3259329795837402,3.2964301109313965,3.324763298034668
29340,3.84565248,3.2338905334472656,3.2064127922058105,3.2277445793151855
29360,3.84827392,3.219782829284668,3.189901351928711,3.2152445316314697
29380,3.85089536,3.3300352096557617,3.297891139984131,3.323765754699707
29400,3.8535168,3.2818238735198975,3.252420663833618,3.273327350616455
29420,3.85613824,3.254817485809326,3.2284162044525146,3.2525923252105713
29440,3.85875968,3.2216997146606445,3.18996000289917,3.2189207077026367
29460,3.86138112,3.1945269107818604,3.1663684844970703,3.1896493434906006
29480,3.86400256,3.2782845497131348,3.24957013130188,3.278608798980713
29500,3.866624,3.2609000205993652,3.2335283756256104,3.258420705795288
29520,3.86924544,3.175508499145508,3.1501219272613525,3.171262264251709
29540,3.87186688,3.2638466358184814,3.227379322052002,3.252976179122925
29560,3.87448832,3.2092509269714355,3.180421829223633,3.201157808303833
29580,3.87710976,3.226595878601074,3.1935179233551025,3.2209954261779785
29600,3.8797312,3.2713794708251953,3.2411766052246094,3.2687792778015137
29620,3.88235264,3.2906131744384766,3.260345935821533,3.283722162246704
29640,3.88497408,3.253571033477783,3.2246973514556885,3.251755952835083
29660,3.88759552,3.2691915035247803,3.236802101135254,3.259342670440674
29680,3.89021696,3.2284257411956787,3.201871871948242,3.2293715476989746
29700,3.8928384,3.250258445739746,3.216791868209839,3.23964262008667
29720,3.89545984,3.256937026977539,3.2326087951660156,3.258737802505493
29740,3.89808128,3.239287853240967,3.206103563308716,3.235333204269409
29760,3.90070272,3.277156352996826,3.2485427856445312,3.275352716445923
29780,3.90332416,3.2517292499542236,3.2216272354125977,3.244485855102539
29800,3.9059456,3.2553176879882812,3.2274770736694336,3.2527503967285156
29820,3.90856704,3.285350799560547,3.2520833015441895,3.2818565368652344
29840,3.91118848,3.261373996734619,3.2296783924102783,3.252931594848633
29860,3.91380992,3.2913713455200195,3.26210618019104,3.283179759979248
29880,3.91643136,3.3264353275299072,3.299152135848999,3.3238513469696045
29900,3.9190528,3.2676076889038086,3.2326202392578125,3.265383005142212
29920,3.92167424,3.21549129486084,3.186856508255005,3.210925340652466
29940,3.92429568,3.255918025970459,3.2276611328125,3.25325870513916
29960,3.92691712,3.2679247856140137,3.233790397644043,3.252972364425659
29980,3.92953856,3.2021257877349854,3.174250841140747,3.2028069496154785
30000,3.93216,3.330320119857788,3.300067186355591,3.329439401626587
30020,3.93478144,3.253732681274414,3.2232627868652344,3.2454833984375
30040,3.93740288,3.2568249702453613,3.2225730419158936,3.2557878494262695
30060,3.94002432,3.2849011421203613,3.253469944000244,3.276926040649414
30080,3.94264576,3.270754814147949,3.236931324005127,3.263381004333496
30100,3.9452672,3.3135993480682373,3.282947301864624,3.310443878173828
30120,3.94788864,3.2507498264312744,3.2185916900634766,3.241762161254883
30140,3.95051008,3.258711338043213,3.2349891662597656,3.2558321952819824
30160,3.95313152,3.2366724014282227,3.2066426277160645,3.2305665016174316
30180,3.95575296,3.2283711433410645,3.202963352203369,3.2226221561431885
30200,3.9583744,3.27131724357605,3.2433974742889404,3.2639777660369873
30220,3.96099584,3.2849135398864746,3.2538812160491943,3.2766003608703613
30240,3.96361728,3.324697971343994,3.2894034385681152,3.315432071685791
30260,3.96623872,3.276144027709961,3.244493246078491,3.2698328495025635
30280,3.96886016,3.216834545135498,3.188403367996216,3.2133538722991943
30300,3.9714816,3.2932419776916504,3.263009548187256,3.2873544692993164
30320,3.97410304,3.204763650894165,3.1756057739257812,3.1980154514312744
30340,3.97672448,3.2854578495025635,3.2568252086639404,3.278383493423462
30360,3.97934592,3.2002992630004883,3.1672420501708984,3.1977651119232178
30380,3.98196736,3.239124298095703,3.209381580352783,3.2354543209075928
30400,3.9845888,3.2331013679504395,3.2026774883270264,3.2286062240600586
30420,3.98721024,3.2135872840881348,3.182231903076172,3.2031960487365723
30440,3.98983168,3.2157578468322754,3.1874570846557617,3.204688787460327
30460,3.99245312,3.1445860862731934,3.1122326850891113,3.138882875442505
30480,3.99507456,3.3041744232177734,3.279273271560669,3.3031203746795654
30500,3.997696,3.225925922393799,3.198091506958008,3.217398166656494
30520,4.00031744,3.2514407634735107,3.2219314575195312,3.2421255111694336
30540,4.00293888,3.293485641479492,3.2641286849975586,3.288724184036255
30560,4.00556032,3.2196450233459473,3.1899781227111816,3.2135536670684814
30580,4.00818176,3.2336232662200928,3.2030434608459473,3.2302162647247314
30600,4.0108032,3.250760078430176,3.214749813079834,3.2409591674804688
30620,4.01342464,3.224863052368164,3.1985220909118652,3.2215986251831055
30640,4.01604608,3.1982107162475586,3.165602684020996,3.1906051635742188
30660,4.01866752,3.310183525085449,3.2772552967071533,3.30745005607605
30680,4.02128896,3.2624642848968506,3.238124132156372,3.2600467205047607
30700,4.0239104,3.2419216632843018,3.2088875770568848,3.231682777404785
30720,4.02653184,3.2395787239074707,3.210289478302002,3.2311453819274902
30740,4.02915328,3.2737791538238525,3.246288299560547,3.267085552215576
30760,4.03177472,3.1979804039001465,3.1692943572998047,3.190176486968994
30780,4.03439616,3.2653884887695312,3.234445810317993,3.2578859329223633
30800,4.0370176,3.2757580280303955,3.2415318489074707,3.2651216983795166
30820,4.03963904,3.276139974594116,3.2416136264801025,3.263516902923584
30840,4.04226048,3.1824257373809814,3.1508727073669434,3.1719207763671875
30860,4.04488192,3.3044097423553467,3.2748546600341797,3.296077251434326
30880,4.04750336,3.247485637664795,3.2158212661743164,3.2425410747528076
30900,4.0501248,3.2596547603607178,3.2305233478546143,3.2556049823760986
30920,4.05274624,3.18503999710083,3.1610019207000732,3.179533004760742
30940,4.05536768,3.259019374847412,3.2268195152282715,3.2581684589385986
30960,4.05798912,3.2195115089416504,3.184643268585205,3.2070837020874023
30980,4.06061056,3.22664213180542,3.202084541320801,3.2215113639831543
31000,4.063232,3.2413876056671143,3.2152483463287354,3.236393451690674
31020,4.06585344,3.2656097412109375,3.232494831085205,3.262845516204834
31040,4.06847488,3.240311622619629,3.2122721672058105,3.2334671020507812
31060,4.07109632,3.1685843467712402,3.1449508666992188,3.163379192352295
31080,4.07371776,3.2205257415771484,3.1937525272369385,3.2116990089416504
31100,4.0763392,3.2312512397766113,3.203037738800049,3.2225046157836914
31120,4.07896064,3.2881414890289307,3.2581658363342285,3.281508684158325
31140,4.08158208,3.296721935272217,3.267152786254883,3.2920475006103516
31160,4.08420352,3.2718889713287354,3.2410411834716797,3.260544538497925
31180,4.08682496,3.216517210006714,3.1920042037963867,3.2103710174560547
31200,4.0894464,3.2445170879364014,3.2086572647094727,3.2313830852508545
31220,4.09206784,3.258263111114502,3.228440761566162,3.2507312297821045
31240,4.09468928,3.238393783569336,3.2094902992248535,3.2333528995513916
31260,4.09731072,3.2756340503692627,3.2482187747955322,3.2673239707946777
31280,4.09993216,3.213317632675171,3.181723117828369,3.202420711517334
31300,4.1025536,3.1750431060791016,3.1486713886260986,3.171536922454834
31320,4.10517504,3.2460646629333496,3.2146430015563965,3.234002113342285
31340,4.10779648,3.2644050121307373,3.2349698543548584,3.2581868171691895
31360,4.11041792,3.320220470428467,3.291686534881592,3.3160758018493652
31380,4.11303936,3.2764673233032227,3.240868091583252,3.26302170753479
31400,4.1156608,3.268205165863037,3.2381274700164795,3.256816864013672
31420,4.11828224,3.2144036293029785,3.18184757232666,3.202458381652832
31440,4.12090368,3.31516432762146,3.2845077514648438,3.306124687194824
31460,4.12352512,3.2768588066101074,3.250276803970337,3.2712297439575195
31480,4.12614656,3.23309063911438,3.1996142864227295,3.2192177772521973
31500,4.128768,3.2233269214630127,3.1927456855773926,3.2133629322052
31520,4.13138944,3.2081241607666016,3.180222749710083,3.205620527267456
31540,4.13401088,3.256093978881836,3.2275991439819336,3.250566244125366
31560,4.13663232,3.224595069885254,3.198784589767456,3.216067314147949
31580,4.13925376,3.2591185569763184,3.2315073013305664,3.253751039505005
31600,4.1418752,3.2352895736694336,3.201756000518799,3.2252414226531982
31620,4.14449664,3.241827964782715,3.2124013900756836,3.2335357666015625
31640,4.14711808,3.298410415649414,3.2718873023986816,3.2913808822631836
31660,4.14973952,3.2907590866088867,3.2578725814819336,3.2819628715515137
31680,4.15236096,3.272724151611328,3.2332019805908203,3.260465383529663
31700,4.1549824,3.2130632400512695,3.181204319000244,3.209441661834717
31720,4.15760384,3.2136685848236084,3.182779312133789,3.206670045852661
31740,4.16022528,3.26928973197937,3.239579439163208,3.2591328620910645
31760,4.16284672,3.2599873542785645,3.231616973876953,3.246697187423706
31780,4.16546816,3.234469413757324,3.2094411849975586,3.2284154891967773
31800,4.1680896,3.2098302841186523,3.17983341217041,3.2007367610931396
31820,4.17071104,3.2799534797668457,3.2536604404449463,3.275682210922241
31840,4.17333248,3.211653470993042,3.1865992546081543,3.2064268589019775
31860,4.17595392,3.227299928665161,3.196009635925293,3.2193093299865723
31880,4.17857536,3.2776169776916504,3.2550082206726074,3.2699646949768066
31900,4.1811968,3.249319076538086,3.218003273010254,3.233135938644409
31920,4.18381824,3.24735164642334,3.218045473098755,3.2354538440704346
31940,4.18643968,3.2191576957702637,3.1875040531158447,3.2131612300872803
31960,4.18906112,3.2468223571777344,3.213879108428955,3.2367706298828125
31980,4.19168256,3.2310314178466797,3.198479652404785,3.2205474376678467
32000,4.194304,3.18086576461792,3.150029182434082,3.170774459838867
32020,4.19692544,3.2498090267181396,3.2198104858398438,3.239650011062622
32040,4.19954688,3.2629218101501465,3.236079216003418,3.252163887023926
32060,4.20216832,3.2068986892700195,3.171557664871216,3.189303159713745
32080,4.20478976,3.2160580158233643,3.1868298053741455,3.2101962566375732
32100,4.2074112,3.2483270168304443,3.2158472537994385,3.2309494018554688
32120,4.21003264,3.206435203552246,3.1741220951080322,3.195787191390991
32140,4.21265408,3.2531700134277344,3.2250633239746094,3.244927406311035
32160,4.21527552,3.199049234390259,3.171656608581543,3.188572406768799
32180,4.21789696,3.2707457542419434,3.244631767272949,3.2612743377685547
32200,4.2205184,3.2892229557037354,3.257031202316284,3.281087875366211
32220,4.22313984,3.2444934844970703,3.208216905593872,3.2285218238830566
32240,4.22576128,3.2080488204956055,3.1758170127868652,3.2004013061523438
32260,4.22838272,3.313472270965576,3.2837300300598145,3.3044416904449463
32280,4.23100416,3.2180473804473877,3.19002103805542,3.211249351501465
32300,4.2336256,3.211747407913208,3.1769180297851562,3.1962451934814453
32320,4.23624704,3.2461249828338623,3.221168041229248,3.2423295974731445
32340,4.23886848,3.228788137435913,3.200007677078247,3.219343423843384
32360,4.24148992,3.328526735305786,3.301506519317627,3.319366455078125
32380,4.24411136,3.1714370250701904,3.1407415866851807,3.16176700592041
32400,4.2467328,3.2547900676727295,3.220778703689575,3.246493339538574
32420,4.24935424,3.217434883117676,3.189208984375,3.206422805786133
32440,4.25197568,3.225830316543579,3.1954879760742188,3.2186543941497803
32460,4.25459712,3.235970973968506,3.205655574798584,3.228304386138916
32480,4.25721856,3.2461345195770264,3.2203879356384277,3.2415215969085693
32500,4.25984,3.2864019870758057,3.2527360916137695,3.274867057800293
32520,4.26246144,3.240750312805176,3.2088894844055176,3.2293784618377686
32540,4.26508288,3.2449393272399902,3.2108561992645264,3.237969398498535
32560,4.26770432,3.276474714279175,3.2407264709472656,3.259882688522339
32580,4.27032576,3.2817721366882324,3.251549005508423,3.2735605239868164
32600,4.2729472,3.2359261512756348,3.2006051540374756,3.227571487426758
32620,4.27556864,3.2514591217041016,3.2310380935668945,3.24665904045105
32640,4.27819008,3.2091574668884277,3.179908275604248,3.196610450744629
32660,4.28081152,3.2340281009674072,3.208530902862549,3.22784161567688
32680,4.28343296,3.2495360374450684,3.223050594329834,3.2370853424072266
32700,4.2860544,3.23690128326416,3.2055702209472656,3.2268476486206055
32720,4.28867584,3.2600581645965576,3.2263426780700684,3.246227979660034
32740,4.29129728,3.2688629627227783,3.2364871501922607,3.259488582611084
32760,4.29391872,3.2793216705322266,3.2523083686828613,3.268603563308716
32780,4.29654016,3.224581003189087,3.198935031890869,3.212895393371582
32800,4.2991616,3.2306509017944336,3.2002878189086914,3.2248406410217285
32820,4.30178304,3.2458319664001465,3.213947057723999,3.230382204055786
32840,4.30440448,3.213879108428955,3.1816277503967285,3.1977782249450684
32860,4.30702592,3.241159200668335,3.209230422973633,3.234492301940918
32880,4.30964736,3.272695302963257,3.2432727813720703,3.259483814239502
32900,4.3122688,3.203016996383667,3.1701107025146484,3.1907424926757812
32920,4.31489024,3.2883377075195312,3.2584877014160156,3.2798032760620117
32940,4.31751168,3.172581911087036,3.145663261413574,3.16526198387146
32960,4.32013312,3.2706291675567627,3.239375352859497,3.2576897144317627
32980,4.32275456,3.2376039028167725,3.208037853240967,3.2289135456085205
33000,4.325376,3.263256549835205,3.2304883003234863,3.2470693588256836
33020,4.32799744,3.2935874462127686,3.261449098587036,3.2887277603149414
33040,4.33061888,3.2342708110809326,3.2061209678649902,3.223606824874878
33060,4.33324032,3.2559092044830322,3.229421377182007,3.2439632415771484
33080,4.33586176,3.2409610748291016,3.2123072147369385,3.2306716442108154
33100,4.3384832,3.2701687812805176,3.240708589553833,3.2573301792144775
33120,4.34110464,3.241321325302124,3.2056219577789307,3.22808837890625
33140,4.34372608,3.251559257507324,3.2239773273468018,3.2449522018432617
33160,4.34634752,3.2495241165161133,3.224010467529297,3.2398815155029297
33180,4.34896896,3.2445194721221924,3.2116494178771973,3.225252866744995
33200,4.3515904,3.2578325271606445,3.2316842079162598,3.2517099380493164
33220,4.35421184,3.2063486576080322,3.173560857772827,3.192877769470215
33240,4.35683328,3.2091076374053955,3.182577133178711,3.202814817428589
33260,4.35945472,3.2888197898864746,3.25862717628479,3.274940252304077
33280,4.36207616,3.2021102905273438,3.176853656768799,3.1962811946868896
33300,4.3646976,3.243849515914917,3.212250232696533,3.2353005409240723
33320,4.36731904,3.2511520385742188,3.2210257053375244,3.244760513305664
33340,4.36994048,3.2675843238830566,3.232062816619873,3.255460739135742
33360,4.37256192,3.296030044555664,3.2652316093444824,3.2835357189178467
33380,4.37518336,3.2560818195343018,3.226813554763794,3.242422103881836
33400,4.3778048,3.2393414974212646,3.2071568965911865,3.22922945022583
33420,4.38042624,3.355473518371582,3.3218207359313965,3.33935546875
33440,4.38304768,3.3341386318206787,3.298581123352051,3.3220808506011963
33460,4.38566912,3.231311321258545,3.197077989578247,3.213510036468506
33480,4.38829056,3.219735622406006,3.1929569244384766,3.213146686553955
33500,4.390912,3.358630895614624,3.3280811309814453,3.3491132259368896
33520,4.39353344,3.2955312728881836,3.2636911869049072,3.278348684310913
33540,4.39615488,3.2576255798339844,3.228626012802124,3.2456414699554443
33560,4.39877632,3.2645034790039062,3.234757900238037,3.2562217712402344
33580,4.40139776,3.2310469150543213,3.2031311988830566,3.2184371948242188
33600,4.4040192,3.2333691120147705,3.202831745147705,3.2167561054229736
33620,4.40664064,3.230283737182617,3.2056210041046143,3.221170425415039
33640,4.40926208,3.2568936347961426,3.223912000656128,3.24465274810791
33660,4.41188352,3.2718138694763184,3.2455201148986816,3.2636165618896484
33680,4.41450496,3.2267026901245117,3.192479133605957,3.2102982997894287
33700,4.4171264,3.2283132076263428,3.1955032348632812,3.214548349380493
33720,4.41974784,3.3393454551696777,3.309910774230957,3.330697536468506
33740,4.42236928,3.287262439727783,3.2589235305786133,3.274341106414795
33760,4.42499072,3.203908920288086,3.173471450805664,3.1898679733276367
33780,4.42761216,3.2009053230285645,3.1776270866394043,3.19809627532959
33800,4.4302336,3.2466695308685303,3.2138309478759766,3.233311891555786
33820,4.43285504,3.252697467803955,3.2194595336914062,3.237248420715332
33840,4.43547648,3.2926361560821533,3.2651305198669434,3.2807118892669678
33860,4.43809792,3.214888095855713,3.1881394386291504,3.2092933654785156
33880,4.44071936,3.236849308013916,3.205143690109253,3.2205631732940674
33900,4.4433408,3.187781572341919,3.15812087059021,3.1718392372131348
33920,4.44596224,3.230814218521118,3.203470468521118,3.217533588409424
33940,4.44858368,3.332430601119995,3.3030078411102295,3.324462652206421
33960,4.45120512,3.218384265899658,3.1867594718933105,3.2057695388793945
33980,4.45382656,3.2459468841552734,3.214632034301758,3.236318826675415
34000,4.456448,3.2938523292541504,3.2540082931518555,3.278137445449829
34020,4.45906944,3.1586475372314453,3.1292240619659424,3.1429522037506104
34040,4.46169088,3.2404494285583496,3.2129197120666504,3.233503818511963
34060,4.46431232,3.2135610580444336,3.179969310760498,3.200345039367676
34080,4.46693376,3.2501673698425293,3.211775779724121,3.234044313430786
34100,4.4695552,3.2861762046813965,3.255305767059326,3.2713589668273926
34120,4.47217664,3.322932004928589,3.288200855255127,3.30655574798584
34140,4.47479808,3.2335853576660156,3.198659658432007,3.209725856781006
34160,4.47741952,3.2091078758239746,3.177248954772949,3.1993956565856934
34180,4.48004096,3.2141308784484863,3.1874213218688965,3.2011256217956543
34200,4.4826624,3.3091816902160645,3.2778282165527344,3.292893409729004
34220,4.48528384,3.2695960998535156,3.2431397438049316,3.26389479637146
34240,4.48790528,3.2175636291503906,3.1861343383789062,3.1995911598205566
34260,4.49052672,3.2300024032592773,3.19856333732605,3.2121450901031494
34280,4.49314816,3.2769317626953125,3.251558303833008,3.2649221420288086
34300,4.4957696,3.2126245498657227,3.180955410003662,3.1963894367218018
34320,4.49839104,3.2715282440185547,3.2419888973236084,3.2598369121551514
34340,4.50101248,3.23380184173584,3.2066965103149414,3.2174556255340576
34360,4.50363392,3.2629799842834473,3.230203151702881,3.2518534660339355
34380,4.50625536,3.249959945678711,3.2220888137817383,3.23626971244812
34400,4.5088768,3.2490649223327637,3.213968276977539,3.2367184162139893
34420,4.51149824,3.3179216384887695,3.2814738750457764,3.30318284034729
34440,4.51411968,3.2562575340270996,3.2263500690460205,3.242671251296997
34460,4.51674112,3.167536973953247,3.136129379272461,3.1559391021728516
34480,4.51936256,3.1861681938171387,3.154366970062256,3.1684699058532715
34500,4.521984,3.2278079986572266,3.1960294246673584,3.2145884037017822
34520,4.52460544,3.231064796447754,3.206299066543579,3.2221031188964844
34540,4.52722688,3.222177267074585,3.1904196739196777,3.2088065147399902
34560,4.52984832,3.250716209411621,3.218534469604492,3.2341718673706055
34580,4.53246976,3.2214152812957764,3.188354015350342,3.209780216217041
34600,4.5350912,3.2791554927825928,3.24715518951416,3.263509511947632
34620,4.53771264,3.1720430850982666,3.138734817504883,3.15875244140625
34640,4.54033408,3.280978202819824,3.2452776432037354,3.2608704566955566
34660,4.54295552,3.22405743598938,3.1929922103881836,3.2135097980499268
34680,4.54557696,3.196733236312866,3.1696832180023193,3.1825973987579346
34700,4.5481984,3.219177484512329,3.1864113807678223,3.204411268234253
34720,4.55081984,3.2152414321899414,3.1898512840270996,3.204822540283203
34740,4.55344128,3.2538208961486816,3.2247610092163086,3.2397191524505615
34760,4.55606272,3.0963521003723145,3.067378282546997,3.0850541591644287
34780,4.55868416,3.1784582138061523,3.143951892852783,3.1632373332977295
34800,4.5613056,3.2044789791107178,3.1706478595733643,3.186300277709961
34820,4.56392704,3.265089511871338,3.2378413677215576,3.252070665359497
34840,4.56654848,3.158367156982422,3.1351215839385986,3.144040584564209
34860,4.56916992,3.2072393894195557,3.1753039360046387,3.193298816680908
34880,4.57179136,3.200491428375244,3.1699719429016113,3.1899118423461914
34900,4.5744128,3.122799873352051,3.094334840774536,3.1077146530151367
34920,4.57703424,3.301144599914551,3.2662322521209717,3.2821733951568604
34940,4.57965568,3.217381477355957,3.185823917388916,3.20572566986084
34960,4.58227712,3.091151714324951,3.0663726329803467,3.0829601287841797
34980,4.58489856,3.150148391723633,3.1215693950653076,3.134658098220825
35000,4.58752,3.095306634902954,3.065922737121582,3.0834708213806152
35020,4.59014144,3.208475112915039,3.178267002105713,3.1947989463806152
35040,4.59276288,3.2141761779785156,3.180285692214966,3.194101572036743
35060,4.59538432,3.2109322547912598,3.1818652153015137,3.1957061290740967
35080,4.59800576,3.2887706756591797,3.257871627807617,3.2745678424835205
35100,4.6006272,3.1884846687316895,3.153583526611328,3.1686666011810303
35120,4.60324864,3.2782325744628906,3.2471983432769775,3.2592523097991943
35140,4.60587008,3.2231009006500244,3.1955831050872803,3.2113542556762695
35160,4.60849152,3.2694504261016846,3.2414512634277344,3.260352373123169
35180,4.61111296,3.2224576473236084,3.1915857791900635,3.2110769748687744
35200,4.6137344,3.2334342002868652,3.2029941082000732,3.215689182281494
35220,4.61635584,3.2104644775390625,3.1854634284973145,3.194861888885498
35240,4.61897728,3.2135555744171143,3.183436870574951,3.202336072921753
35260,4.62159872,3.219350814819336,3.1899237632751465,3.2053959369659424
35280,4.62422016,3.190955638885498,3.156501531600952,3.1712005138397217
35300,4.6268416,3.16652774810791,3.138401985168457,3.1510019302368164
35320,4.62946304,3.220776081085205,3.1882212162017822,3.207210063934326
35340,4.63208448,3.246046781539917,3.2137210369110107,3.2309491634368896
35360,4.63470592,3.232766628265381,3.2034449577331543,3.2211010456085205
35380,4.63732736,3.238628387451172,3.2004828453063965,3.2198705673217773
35400,4.6399488,3.2837541103363037,3.2536025047302246,3.267760992050171
35420,4.64257024,3.289226531982422,3.2586240768432617,3.277190923690796
35440,4.64519168,3.208794593811035,3.1774814128875732,3.1951756477355957
35460,4.64781312,3.255763292312622,3.2257883548736572,3.2455801963806152
35480,4.65043456,3.200852155685425,3.166696071624756,3.1861653327941895
35500,4.653056,3.259612560272217,3.230356454849243,3.248861312866211
35520,4.65567744,3.2758965492248535,3.2458081245422363,3.2620577812194824
35540,4.65829888,3.2656686305999756,3.2368288040161133,3.254683256149292
35560,4.66092032,3.2293787002563477,3.2002482414245605,3.2143044471740723
35580,4.66354176,3.276132345199585,3.24245285987854,3.2643961906433105
35600,4.6661632,3.2013354301452637,3.1701126098632812,3.187143087387085
35620,4.66878464,3.2543981075286865,3.224081039428711,3.2434144020080566
35640,4.67140608,3.2584996223449707,3.2269034385681152,3.2498395442962646
35660,4.67402752,3.244150161743164,3.2136588096618652,3.230074644088745
35680,4.67664896,3.266510486602783,3.2409629821777344,3.256260633468628
35700,4.6792704,3.255763530731201,3.221116781234741,3.242353677749634
35720,4.68189184,3.1957061290740967,3.164705991744995,3.1783976554870605
35740,4.68451328,3.2061948776245117,3.1740384101867676,3.194925308227539
35760,4.68713472,3.2570269107818604,3.222823143005371,3.2404232025146484
35780,4.68975616,3.216001272201538,3.184173107147217,3.2030673027038574
35800,4.6923776,3.265434980392456,3.2404491901397705,3.256363868713379
35820,4.69499904,3.2706620693206787,3.2467668056488037,3.2637197971343994
35840,4.69762048,3.1471662521362305,3.1191787719726562,3.1359806060791016
35860,4.70024192,3.2626097202301025,3.2244324684143066,3.2448806762695312
35880,4.70286336,3.2099292278289795,3.1780598163604736,3.196796178817749
35900,4.7054848,3.3024911880493164,3.2721638679504395,3.2858262062072754
35920,4.70810624,3.288893461227417,3.257462978363037,3.276017189025879
35940,4.71072768,3.2859935760498047,3.253842830657959,3.274247646331787
35960,4.71334912,3.242183208465576,3.2116713523864746,3.2281532287597656
35980,4.71597056,3.1870174407958984,3.1550426483154297,3.1658706665039062
36000,4.718592,3.2294909954071045,3.1997904777526855,3.2184395790100098
36020,4.72121344,3.2011919021606445,3.1684861183166504,3.1826298236846924
36040,4.72383488,3.2317137718200684,3.2055835723876953,3.22059965133667
36060,4.72645632,3.191134452819824,3.1613919734954834,3.176027536392212
36080,4.72907776,3.234023094177246,3.202624559402466,3.2175421714782715
36100,4.7316992,3.2787845134735107,3.243013381958008,3.2567994594573975
36120,4.73432064,3.2604432106018066,3.234560489654541,3.2461163997650146
36140,4.73694208,3.2535290718078613,3.2202248573303223,3.2408862113952637
36160,4.73956352,3.198988199234009,3.168491840362549,3.1823925971984863
36180,4.74218496,3.184922218322754,3.1533708572387695,3.169100522994995
36200,4.7448064,3.2293190956115723,3.1960291862487793,3.210434675216675
36220,4.74742784,3.3077173233032227,3.2872567176818848,3.297698497772217
36240,4.75004928,3.2091174125671387,3.184783935546875,3.1952929496765137
36260,4.75267072,3.23384428024292,3.2072274684906006,3.222931385040283
36280,4.75529216,3.1930625438690186,3.162376880645752,3.1772639751434326
36300,4.7579136,3.2710819244384766,3.2392797470092773,3.254957675933838
36320,4.76053504,3.26249098777771,3.230358123779297,3.2492592334747314
36340,4.76315648,3.242403745651245,3.2076354026794434,3.2180042266845703
36360,4.76577792,3.2658636569976807,3.233287811279297,3.2533726692199707
36380,4.76839936,3.237484931945801,3.2091591358184814,3.2263951301574707
36400,4.7710208,3.238016366958618,3.1999621391296387,3.21563458442688
36420,4.77364224,3.2496626377105713,3.2215261459350586,3.228588342666626
36440,4.77626368,3.1709561347961426,3.1416988372802734,3.158572196960449
36460,4.77888512,3.240736246109009,3.217315196990967,3.233994960784912
36480,4.78150656,3.194861650466919,3.1631577014923096,3.1776885986328125
36500,4.784128,3.2212252616882324,3.1951889991760254,3.2103271484375
36520,4.78674944,3.256992816925049,3.224033832550049,3.2425520420074463
36540,4.78937088,3.261648178100586,3.2317004203796387,3.246145009994507
36560,4.79199232,3.3046202659606934,3.2772207260131836,3.288297653198242
36580,4.79461376,3.313948631286621,3.283367156982422,3.2995612621307373
36600,4.7972352,3.2925517559051514,3.261719226837158,3.2821404933929443
36620,4.79985664,3.242335319519043,3.2072842121124268,3.2233645915985107
36640,4.80247808,3.2710299491882324,3.2420270442962646,3.258660078048706
36660,4.80509952,3.2634975910186768,3.2269527912139893,3.2499382495880127
36680,4.80772096,3.1808810234069824,3.145380735397339,3.1652088165283203
36700,4.8103424,3.2703707218170166,3.242007255554199,3.253981590270996
36720,4.81296384,3.248910427093506,3.2110252380371094,3.2281670570373535
36740,4.81558528,3.221946954727173,3.1907665729522705,3.2049190998077393
36760,4.81820672,3.224839210510254,3.2002551555633545,3.2133493423461914
36780,4.82082816,3.196486711502075,3.1647956371307373,3.1785387992858887
36800,4.8234496,3.247199773788452,3.2146670818328857,3.2358169555664062
36820,4.82607104,3.1968584060668945,3.166252613067627,3.182130813598633
36840,4.82869248,3.194246292114258,3.164487361907959,3.1769211292266846
36860,4.83131392,3.2174899578094482,3.182741403579712,3.194608688354492
36880,4.83393536,3.185758590698242,3.157172918319702,3.1732540130615234
36900,4.8365568,3.2346577644348145,3.207426071166992,3.22045636177063
36920,4.83917824,3.3068575859069824,3.277186393737793,3.2929422855377197
36940,4.84179968,3.2016656398773193,3.174269199371338,3.180607557296753
36960,4.84442112,3.260814905166626,3.22940731048584,3.244749069213867
36980,4.84704256,3.208333730697632,3.1794257164001465,3.194880962371826
37000,4.849664,3.276934862136841,3.2524945735931396,3.258971929550171
37020,4.85228544,3.189927577972412,3.161332130432129,3.1730740070343018
37040,4.85490688,3.2538959980010986,3.2242918014526367,3.2397215366363525
37060,4.85752832,3.2756154537200928,3.2437872886657715,3.25419282913208
37080,4.86014976,3.1921305656433105,3.1696581840515137,3.178708553314209
37100,4.8627712,3.1884758472442627,3.1583783626556396,3.172125816345215
37120,4.86539264,3.243908166885376,3.2124173641204834,3.2324001789093018
37140,4.86801408,3.2044317722320557,3.172734498977661,3.1846463680267334
37160,4.87063552,3.2252800464630127,3.1937239170074463,3.2068252563476562
37180,4.87325696,3.2628259658813477,3.2318925857543945,3.247499942779541
37200,4.8758784,3.3065922260284424,3.28302001953125,3.295539140701294
37220,4.87849984,3.243041515350342,3.209467649459839,3.225182056427002
37240,4.88112128,3.2086305618286133,3.173893928527832,3.1921210289001465
37260,4.88374272,3.251966953277588,3.2174172401428223,3.231959342956543
37280,4.88636416,3.1904170513153076,3.1638083457946777,3.177419900894165
37300,4.8889856,3.164729595184326,3.1355037689208984,3.1490676403045654
37320,4.89160704,3.2211837768554688,3.190545082092285,3.201646327972412
37340,4.89422848,3.2618250846862793,3.2402753829956055,3.2472686767578125
37360,4.89684992,3.2040457725524902,3.173064708709717,3.188904047012329
37380,4.89947136,3.2878456115722656,3.2573370933532715,3.2697761058807373
37400,4.9020928,3.280116081237793,3.2509384155273438,3.2648725509643555
37420,4.90471424,3.190096855163574,3.1652069091796875,3.1780190467834473
37440,4.90733568,3.1907386779785156,3.1612613201141357,3.175173282623291
37460,4.90995712,3.2292256355285645,3.1975255012512207,3.210742712020874
37480,4.91257856,3.236750602722168,3.207306385040283,3.2178757190704346
37500,4.9152,3.260740041732788,3.2333638668060303,3.2422385215759277
37520,4.91782144,3.1411967277526855,3.108908176422119,3.1237993240356445
37540,4.92044288,3.1898012161254883,3.1660633087158203,3.175593852996826
37560,4.92306432,3.2213940620422363,3.192856550216675,3.206123113632202
37580,4.92568576,3.246687889099121,3.211432933807373,3.231189727783203
37600,4.9283072,3.255737781524658,3.2303242683410645,3.2411155700683594
37620,4.93092864,3.241565227508545,3.210731029510498,3.2273313999176025
37640,4.93355008,3.215440273284912,3.187556266784668,3.198697090148926
37660,4.93617152,3.273083209991455,3.242621421813965,3.255153179168701
37680,4.93879296,3.2231061458587646,3.1888582706451416,3.2016239166259766
37700,4.9414144,3.1903269290924072,3.164091110229492,3.1792972087860107
37720,4.94403584,3.2160561084747314,3.181638717651367,3.1935782432556152
37740,4.94665728,3.251192569732666,3.2220606803894043,3.234177589416504
37760,4.94927872,3.1858057975769043,3.159801959991455,3.17337703704834
37780,4.95190016,3.244072198867798,3.213383674621582,3.226485013961792
37800,4.9545216,3.230341672897339,3.206148147583008,3.213216543197632
37820,4.95714304,3.198636293411255,3.1679325103759766,3.181053638458252
37840,4.95976448,3.2610363960266113,3.226750373840332,3.239474058151245
37860,4.96238592,3.1839795112609863,3.1550281047821045,3.16780686378479
37880,4.96500736,3.2381386756896973,3.209310531616211,3.2195539474487305
37900,4.9676288,3.220336675643921,3.182821750640869,3.198824405670166
37920,4.97025024,3.284013032913208,3.2497706413269043,3.264315128326416
37940,4.97287168,3.237004041671753,3.2012367248535156,3.2163214683532715
37960,4.97549312,3.1365959644317627,3.1080353260040283,3.116178035736084
37980,4.97811456,3.2185556888580322,3.1890945434570312,3.1993184089660645
38000,4.980736,3.222327470779419,3.191612720489502,3.2056031227111816
38020,4.98335744,3.1787359714508057,3.142549753189087,3.162545680999756
38040,4.98597888,3.273394823074341,3.2407891750335693,3.2569780349731445
38060,4.98860032,3.201732873916626,3.171515941619873,3.1790661811828613
38080,4.99122176,3.2593185901641846,3.2234413623809814,3.2424442768096924
38100,4.9938432,3.2234363555908203,3.1945552825927734,3.2065911293029785
38120,4.99646464,3.252476215362549,3.221680164337158,3.2331008911132812
38140,4.99908608,3.2555277347564697,3.2241523265838623,3.2375292778015137
38160,5.00170752,3.235541343688965,3.2022271156311035,3.2166078090667725
38180,5.00432896,3.2411911487579346,3.2148094177246094,3.224243640899658
38200,5.0069504,3.2421936988830566,3.217365026473999,3.224339723587036
38220,5.00957184,3.2948594093322754,3.2662789821624756,3.284238338470459
38240,5.01219328,3.184846878051758,3.1553380489349365,3.1649351119995117
38260,5.01481472,3.2251152992248535,3.1945595741271973,3.211822986602783
38280,5.01743616,3.2176427841186523,3.190333127975464,3.1999049186706543
38300,5.0200576,3.256429433822632,3.229466199874878,3.2393407821655273
38320,5.02267904,3.183912515640259,3.150920867919922,3.1619744300842285
38340,5.02530048,3.23539400100708,3.2010409832000732,3.2129504680633545
38360,5.02792192,3.216341495513916,3.1867587566375732,3.1998414993286133
38380,5.03054336,3.2061572074890137,3.177661418914795,3.192481279373169
38400,5.0331648,3.2245147228240967,3.1849541664123535,3.199328899383545
38420,5.03578624,3.2408194541931152,3.2103891372680664,3.222055435180664
38440,5.03840768,3.3093788623809814,3.274966239929199,3.292231321334839
38460,5.04102912,3.173769950866699,3.1403236389160156,3.1483068466186523
38480,5.04365056,3.238536834716797,3.206406593322754,3.22365665435791
38500,5.046272,3.1822943687438965,3.153134822845459,3.162006378173828
38520,5.04889344,3.2371749877929688,3.208679437637329,3.224783182144165
38540,5.05151488,3.2916972637176514,3.2612404823303223,3.274470806121826
38560,5.05413632,3.2805142402648926,3.2510733604431152,3.2656664848327637
38580,5.05675776,3.2635552883148193,3.226710319519043,3.2418267726898193
38600,5.0593792,3.2538256645202637,3.2214999198913574,3.233604907989502
38620,5.06200064,3.2312138080596924,3.1967082023620605,3.2114524841308594
38640,5.06462208,3.189518451690674,3.1515653133392334,3.1619791984558105
38660,5.06724352,3.1962084770202637,3.160881280899048,3.1760196685791016
38680,5.06986496,3.1545770168304443,3.130598545074463,3.1392338275909424
38700,5.0724864,3.1949357986450195,3.1641573905944824,3.1757290363311768
38720,5.07510784,3.195244789123535,3.1640584468841553,3.1762256622314453
38740,5.07772928,3.2663474082946777,3.234612464904785,3.245974540710449
38760,5.08035072,3.2817585468292236,3.248868942260742,3.261258840560913
38780,5.08297216,3.194833755493164,3.161543369293213,3.1764233112335205
38800,5.0855936,3.1860551834106445,3.1571478843688965,3.1681630611419678
38820,5.08821504,3.171506643295288,3.145883083343506,3.1531834602355957
38840,5.09083648,3.2482409477233887,3.219890832901001,3.230259895324707
38860,5.09345792,3.2257490158081055,3.190223217010498,3.206890106201172
38880,5.09607936,3.202117681503296,3.1748695373535156,3.181840658187866
38900,5.0987008,3.3287975788116455,3.3019280433654785,3.314781427383423
38920,5.10132224,3.2646994590759277,3.2315759658813477,3.2458724975585938
38940,5.10394368,3.2541818618774414,3.2244138717651367,3.2347216606140137
38960,5.10656512,3.2053630352020264,3.1731455326080322,3.186160087585449
38980,5.10918656,3.227856397628784,3.19370174407959,3.207472801208496
39000,5.111808,3.1404290199279785,3.106329917907715,3.1174607276916504
39020,5.11442944,3.1566667556762695,3.1210367679595947,3.1352791786193848
39040,5.11705088,3.2212533950805664,3.18949294090271,3.206411361694336
39060,5.11967232,3.2340309619903564,3.201378583908081,3.21213698387146
39080,5.12229376,3.207230567932129,3.1822798252105713,3.192502021789551
39100,5.1249152,3.251713514328003,3.2190921306610107,3.228405714035034
39120,5.12753664,3.1569416522979736,3.1188676357269287,3.137172222137451
39140,5.13015808,3.2701773643493652,3.2346811294555664,3.250581741333008
39160,5.13277952,3.2354493141174316,3.200831651687622,3.214904308319092
39180,5.13540096,3.242692470550537,3.2123045921325684,3.2235519886016846
39200,5.1380224,3.1712827682495117,3.13952374458313,3.1509652137756348
39220,5.14064384,3.2297520637512207,3.1999754905700684,3.21366810798645
39240,5.14326528,3.2549591064453125,3.2226123809814453,3.231555700302124
39260,5.14588672,3.251652717590332,3.22137451171875,3.2305848598480225
39280,5.14850816,3.172212839126587,3.138423442840576,3.1499876976013184
39300,5.1511296,3.1803197860717773,3.1496024131774902,3.1619369983673096
39320,5.15375104,3.194861888885498,3.156752109527588,3.1673128604888916
39340,5.15637248,3.196441173553467,3.1626009941101074,3.173722267150879
39360,5.15899392,3.2743709087371826,3.2420687675476074,3.2551238536834717
39380,5.16161536,3.203373908996582,3.168269634246826,3.179292678833008
39400,5.1642368,3.222317695617676,3.186756134033203,3.2010927200317383
39420,5.16685824,3.154240131378174,3.123241901397705,3.1357035636901855
39440,5.16947968,3.2408413887023926,3.2135233879089355,3.2210140228271484
39460,5.17210112,3.1623196601867676,3.1352553367614746,3.144150495529175
39480,5.17472256,3.236001968383789,3.2052085399627686,3.2174715995788574
39500,5.177344,3.186523675918579,3.160677671432495,3.173780679702759
39520,5.17996544,3.1491987705230713,3.115447998046875,3.1294569969177246
39540,5.18258688,3.266876697540283,3.236043691635132,3.2504324913024902
39560,5.18520832,3.157637119293213,3.1324145793914795,3.1452035903930664
39580,5.18782976,3.2653870582580566,3.2328667640686035,3.2466542720794678
39600,5.1904512,3.185123920440674,3.1582677364349365,3.1694366931915283
39620,5.19307264,3.2397608757019043,3.2086100578308105,3.223069667816162
39640,5.19569408,3.2021918296813965,3.1632561683654785,3.1770036220550537
39660,5.19831552,3.346709728240967,3.3199195861816406,3.3309171199798584
39680,5.20093696,3.206599235534668,3.176042079925537,3.1868205070495605
39700,5.2035584,3.174030303955078,3.144320011138916,3.15596342086792
39720,5.20617984,3.2396957874298096,3.199767589569092,3.2137999534606934
39740,5.20880128,3.2176578044891357,3.1935224533081055,3.202857732772827
39760,5.21142272,3.242583990097046,3.2131619453430176,3.2209725379943848
39780,5.21404416,3.2314789295196533,3.2018511295318604,3.210033655166626
39800,5.2166656,3.239955425262451,3.208740711212158,3.224976062774658
39820,5.21928704,3.194378137588501,3.1652021408081055,3.1744565963745117
39840,5.22190848,3.2177982330322266,3.1886000633239746,3.2007927894592285
39860,5.22452992,3.2225396633148193,3.194762945175171,3.2023277282714844
39880,5.22715136,3.150015354156494,3.1181554794311523,3.12794828414917
39900,5.2297728,3.210073232650757,3.1715493202209473,3.185107469558716
39920,5.23239424,3.252446174621582,3.2215099334716797,3.2335734367370605
39940,5.23501568,3.219619035720825,3.191943407058716,3.2000792026519775
39960,5.23763712,3.2612690925598145,3.2318599224090576,3.2412617206573486
39980,5.24025856,3.2579023838043213,3.227712392807007,3.2391116619110107
40000,5.24288,3.258328676223755,3.228667974472046,3.2353057861328125
40020,5.24550144,3.153456449508667,3.1212761402130127,3.13268780708313
40040,5.24812288,3.210052490234375,3.1784563064575195,3.1867761611938477
40060,5.25074432,3.1784727573394775,3.1408329010009766,3.1522858142852783
40080,5.25336576,3.237001419067383,3.202773094177246,3.214992046356201
40100,5.2559872,3.165130615234375,3.1381185054779053,3.148235321044922
40120,5.25860864,3.2318625450134277,3.200730085372925,3.211883544921875
40140,5.26123008,3.1596157550811768,3.129772663116455,3.1416172981262207
40160,5.26385152,3.2317733764648438,3.2022862434387207,3.217771291732788
40180,5.26647296,3.25028657913208,3.22294545173645,3.2288448810577393
40200,5.2690944,3.2125720977783203,3.1837832927703857,3.192171096801758
40220,5.27171584,3.206112861633301,3.1761603355407715,3.183627128601074
40240,5.27433728,3.2102949619293213,3.1769659519195557,3.1909022331237793
40260,5.27695872,3.202911615371704,3.177412509918213,3.1849582195281982
40280,5.27958016,3.2376456260681152,3.2076516151428223,3.2228264808654785
40300,5.2822016,3.2147412300109863,3.185403823852539,3.1968891620635986
40320,5.28482304,3.227726459503174,3.1978507041931152,3.2103233337402344
40340,5.28744448,3.1710281372070312,3.142367362976074,3.1512534618377686
40360,5.29006592,3.2154622077941895,3.181572914123535,3.189650058746338
40380,5.29268736,3.217686176300049,3.185778856277466,3.1945958137512207
40400,5.2953088,3.231001853942871,3.1995575428009033,3.2078123092651367
40420,5.29793024,3.270272970199585,3.237179756164551,3.2492923736572266
40440,5.30055168,3.2155585289001465,3.180079460144043,3.194842576980591
40460,5.30317312,3.197697639465332,3.1671409606933594,3.1808459758758545
40480,5.30579456,3.307452440261841,3.2736849784851074,3.2894091606140137
40500,5.308416,3.1786561012268066,3.1474103927612305,3.1589815616607666
40520,5.31103744,3.157656669616699,3.12593674659729,3.1384878158569336
40540,5.31365888,3.154189348220825,3.118577003479004,3.1324424743652344
40560,5.31628032,3.255722999572754,3.2205042839050293,3.234926223754883
40580,5.31890176,3.205573558807373,3.172173500061035,3.189133644104004
40600,5.3215232,3.2518906593322754,3.2207627296447754,3.2311038970947266
40620,5.32414464,3.235292911529541,3.202686309814453,3.219755172729492
40640,5.32676608,3.2359097003936768,3.205934762954712,3.21467661857605
40660,5.32938752,3.1718645095825195,3.1376798152923584,3.1508095264434814
40680,5.33200896,3.249241828918457,3.210278272628784,3.2188045978546143
40700,5.3346304,3.2896273136138916,3.255056381225586,3.269850254058838
40720,5.33725184,3.1818809509277344,3.147273540496826,3.1590936183929443
40740,5.33987328,3.2969751358032227,3.265777587890625,3.2763595581054688
40760,5.34249472,3.255714178085327,3.2271668910980225,3.236982822418213
40780,5.34511616,3.1070055961608887,3.078904867172241,3.084728479385376
40800,5.3477376,3.246216058731079,3.2129857540130615,3.222433567047119
40820,5.35035904,3.268662452697754,3.2353515625,3.2457966804504395
40840,5.35298048,3.211479663848877,3.180997371673584,3.1936540603637695
40860,5.35560192,3.2954397201538086,3.2633352279663086,3.2731690406799316
40880,5.35822336,3.181525468826294,3.1501033306121826,3.158290147781372
40900,5.3608448,3.230862617492676,3.2009310722351074,3.21356463432312
40920,5.36346624,3.239713191986084,3.2081992626190186,3.2205615043640137
40940,5.36608768,3.2391555309295654,3.20501708984375,3.217578172683716
40960,5.36870912,3.313103437423706,3.2874698638916016,3.2961668968200684
40980,5.37133056,3.1196842193603516,3.0847535133361816,3.0983200073242188
41000,5.373952,3.2356314659118652,3.2065775394439697,3.215690851211548
41020,5.37657344,3.2411704063415527,3.2029476165771484,3.2173337936401367
41040,5.37919488,3.2509632110595703,3.222439765930176,3.2298426628112793
41060,5.38181632,3.2570974826812744,3.2271509170532227,3.2396934032440186
41080,5.38443776,3.2078540325164795,3.1767423152923584,3.18709135055542
41100,5.3870592,3.241034984588623,3.2156810760498047,3.2244534492492676
41120,5.38968064,3.259469509124756,3.2250263690948486,3.237604856491089
41140,5.39230208,3.1890056133270264,3.1535205841064453,3.1686747074127197
41160,5.39492352,3.212944746017456,3.181440830230713,3.1901190280914307
41180,5.39754496,3.2695107460021973,3.2347824573516846,3.246203660964966
41200,5.4001664,3.1682281494140625,3.139303684234619,3.142977476119995
41220,5.40278784,3.2152652740478516,3.1794486045837402,3.1894454956054688
41240,5.40540928,3.2903101444244385,3.255829334259033,3.2661874294281006
41260,5.40803072,3.2686972618103027,3.234250545501709,3.246662139892578
41280,5.41065216,3.1999270915985107,3.1722605228424072,3.1825759410858154
41300,5.4132736,3.248213768005371,3.2165164947509766,3.2194299697875977
41320,5.41589504,3.204338550567627,3.170793056488037,3.18224835395813
41340,5.41851648,3.1604297161102295,3.134317398071289,3.1393048763275146
41360,5.42113792,3.2819371223449707,3.2462949752807617,3.2603647708892822
41380,5.42375936,3.1817338466644287,3.149893045425415,3.1600966453552246
41400,5.4263808,3.247607946395874,3.2160844802856445,3.225691318511963
41420,5.42900224,3.21235990524292,3.1817026138305664,3.189344644546509
41440,5.43162368,3.1851096153259277,3.1507532596588135,3.163466215133667
41460,5.43424512,3.262324571609497,3.234818696975708,3.242994546890259
41480,5.43686656,3.232820510864258,3.2016875743865967,3.2152349948883057
41500,5.439488,3.240438938140869,3.208573341369629,3.218547821044922
41520,5.44210944,3.203700304031372,3.1707568168640137,3.1755623817443848
41540,5.44473088,3.2344613075256348,3.204616069793701,3.2131097316741943
41560,5.44735232,3.2490830421447754,3.2157022953033447,3.2270302772521973
41580,5.44997376,3.242419719696045,3.207676649093628,3.215778112411499
41600,5.4525952,3.161369562149048,3.135559558868408,3.1467108726501465
41620,5.45521664,3.1878066062927246,3.158257007598877,3.1725106239318848
41640,5.45783808,3.158780336380005,3.13029146194458,3.142117500305176
41660,5.46045952,3.2023181915283203,3.1739790439605713,3.188399076461792
41680,5.46308096,3.217200517654419,3.1820764541625977,3.1955161094665527
41700,5.4657024,3.1600241661071777,3.1287293434143066,3.1419272422790527
41720,5.46832384,3.180816650390625,3.1506543159484863,3.1594882011413574
41740,5.47094528,3.2213826179504395,3.188253164291382,3.2008206844329834
41760,5.47356672,3.2570877075195312,3.2272725105285645,3.23750376701355
41780,5.47618816,3.180999279022217,3.152644157409668,3.1631691455841064
41800,5.4788096,3.2805802822113037,3.2498955726623535,3.2547342777252197
41820,5.48143104,3.2557926177978516,3.2238357067108154,3.232027530670166
41840,5.48405248,3.1481523513793945,3.112915515899658,3.1266560554504395
41860,5.48667392,3.1598567962646484,3.1329829692840576,3.1428866386413574
41880,5.48929536,3.2483232021331787,3.2196145057678223,3.227346897125244
41900,5.4919168,3.2528061866760254,3.221736431121826,3.228684902191162
41920,5.49453824,3.170593500137329,3.1405351161956787,3.1490352153778076
41940,5.49715968,3.174713611602783,3.142958402633667,3.1520609855651855
41960,5.49978112,3.1415767669677734,3.115719795227051,3.1211459636688232
41980,5.50240256,3.1524746417999268,3.1240224838256836,3.133532762527466
42000,5.505024,3.2205278873443604,3.189606189727783,3.201151132583618
42020,5.50764544,3.234546184539795,3.2013649940490723,3.213892698287964
42040,5.51026688,3.3392162322998047,3.3065285682678223,3.3199570178985596
42060,5.51288832,3.2001919746398926,3.159799098968506,3.1710710525512695
42080,5.51550976,3.177762269973755,3.1428425312042236,3.1511471271514893
42100,5.5181312,3.231323480606079,3.198070764541626,3.20859956741333
42120,5.52075264,3.1991939544677734,3.163513660430908,3.178290605545044
42140,5.52337408,3.2345962524414062,3.2031373977661133,3.2080636024475098
42160,5.52599552,3.206932306289673,3.1729989051818848,3.181138753890991
42180,5.52861696,3.2186079025268555,3.1868948936462402,3.1969823837280273
42200,5.5312384,3.206697940826416,3.175020694732666,3.182269334793091
42220,5.53385984,3.230431318283081,3.1962687969207764,3.205949306488037
42240,5.53648128,3.3005645275115967,3.270423412322998,3.2784390449523926
42260,5.53910272,3.2062599658966064,3.174043655395508,3.1871304512023926
42280,5.54172416,3.181156635284424,3.1493000984191895,3.1576592922210693
42300,5.5443456,3.231757640838623,3.2028093338012695,3.210550546646118
42320,5.54696704,3.224524736404419,3.197270393371582,3.2029476165771484
42340,5.54958848,3.2629072666168213,3.2281830310821533,3.236255407333374
42360,5.55220992,3.0825436115264893,3.046931266784668,3.0566256046295166
42380,5.55483136,3.2018418312072754,3.1786797046661377,3.1820859909057617
42400,5.5574528,3.2506067752838135,3.2187249660491943,3.227163076400757
42420,5.56007424,3.1713602542877197,3.1386704444885254,3.1447510719299316
42440,5.56269568,3.2578608989715576,3.2258949279785156,3.2385880947113037
42460,5.56531712,3.111528158187866,3.0805063247680664,3.091867446899414
42480,5.56793856,3.226851224899292,3.1953792572021484,3.203176498413086
42500,5.57056,3.1759181022644043,3.147108793258667,3.1586403846740723
42520,5.57318144,3.2578206062316895,3.2262496948242188,3.231494426727295
42540,5.57580288,3.2016782760620117,3.165548801422119,3.1803910732269287
42560,5.57842432,3.1639630794525146,3.1330504417419434,3.1368472576141357
42580,5.58104576,3.1864371299743652,3.1522936820983887,3.166220188140869
42600,5.5836672,3.1767845153808594,3.1424765586853027,3.152323007583618
42620,5.58628864,3.200254440307617,3.1686673164367676,3.181509256362915
42640,5.58891008,3.107579231262207,3.069077730178833,3.0800156593322754
42660,5.59153152,3.1682281494140625,3.137913227081299,3.145897150039673
42680,5.59415296,3.2340002059936523,3.2066001892089844,3.212191343307495
42700,5.5967744,3.249650239944458,3.21791672706604,3.230050802230835
42720,5.59939584,3.218352794647217,3.1878113746643066,3.1993448734283447
42740,5.60201728,3.2136669158935547,3.184251070022583,3.194106340408325
42760,5.60463872,3.1782798767089844,3.146113872528076,3.1548995971679688
42780,5.60726016,3.2429206371307373,3.2073028087615967,3.2165284156799316
42800,5.6098816,3.2308220863342285,3.1995930671691895,3.208169937133789
42820,5.61250304,3.3082096576690674,3.2763800621032715,3.286593198776245
42840,5.61512448,3.2496910095214844,3.2161240577697754,3.22225284576416
42860,5.61774592,3.208156108856201,3.1756534576416016,3.1871073246002197
42880,5.62036736,3.225159168243408,3.190662384033203,3.2025904655456543
42900,5.6229888,3.187352180480957,3.1585638523101807,3.166862726211548
42920,5.62561024,3.2205922603607178,3.1900789737701416,3.2018818855285645
42940,5.62823168,3.158599376678467,3.129542112350464,3.1400303840637207
42960,5.63085312,3.2318034172058105,3.1964597702026367,3.2071073055267334
42980,5.63347456,3.1907501220703125,3.1604974269866943,3.1680123805999756
43000,5.636096,3.2023377418518066,3.1702077388763428,3.1773641109466553
43020,5.63871744,3.189490556716919,3.1607775688171387,3.1713483333587646
43040,5.64133888,3.1890649795532227,3.1561360359191895,3.1608338356018066
43060,5.64396032,3.2468271255493164,3.212578296661377,3.2197177410125732
43080,5.64658176,3.195117473602295,3.1613681316375732,3.1738598346710205
43100,5.6492032,3.2049262523651123,3.17199444770813,3.1780471801757812
43120,5.65182464,3.22025203704834,3.187302827835083,3.195425271987915
43140,5.65444608,3.2732386589050293,3.243213653564453,3.251159429550171
43160,5.65706752,3.160527229309082,3.1326169967651367,3.1397149562835693
43180,5.65968896,3.211897850036621,3.185227870941162,3.1954808235168457
43200,5.6623104,3.243542194366455,3.2120795249938965,3.22052001953125
43220,5.66493184,3.222285747528076,3.1953015327453613,3.205550193786621
43240,5.66755328,3.2009072303771973,3.171969413757324,3.1774816513061523
43260,5.67017472,3.1694955825805664,3.1405982971191406,3.146568536758423
43280,5.67279616,3.207233190536499,3.172901153564453,3.182239055633545
43300,5.6754176,3.191669464111328,3.165599822998047,3.1722023487091064
43320,5.67803904,3.2683331966400146,3.2350730895996094,3.2383952140808105
43340,5.68066048,3.239870548248291,3.2036757469177246,3.215937376022339
43360,5.68328192,3.196375846862793,3.1624794006347656,3.1734890937805176
43380,5.68590336,3.22188663482666,3.189497232437134,3.1974637508392334
43400,5.6885248,3.2059719562530518,3.176480293273926,3.181971311569214
43420,5.69114624,3.220209836959839,3.192030429840088,3.198370933532715
43440,5.69376768,3.2460598945617676,3.2134618759155273,3.2266762256622314
43460,5.69638912,3.187373638153076,3.1588282585144043,3.167731761932373
43480,5.69901056,3.2508256435394287,3.218390703201294,3.2253596782684326
43500,5.701632,3.198040008544922,3.165970802307129,3.173832416534424
43520,5.70425344,3.1896235942840576,3.159438133239746,3.16892671585083
43540,5.70687488,3.2230496406555176,3.1884613037109375,3.199906349182129
43560,5.70949632,3.194828510284424,3.1616086959838867,3.1715195178985596
43580,5.71211776,3.1886415481567383,3.1542391777038574,3.166288137435913
43600,5.7147392,3.2126543521881104,3.184872627258301,3.191945791244507
43620,5.71736064,3.2102227210998535,3.1786813735961914,3.190469980239868
43640,5.71998208,3.1986284255981445,3.1659440994262695,3.1771914958953857
43660,5.72260352,3.180600881576538,3.1512811183929443,3.161562204360962
43680,5.72522496,3.2261219024658203,3.1907620429992676,3.2018585205078125
43700,5.7278464,3.275653839111328,3.235990047454834,3.24393367767334
43720,5.73046784,3.2033419609069824,3.175882339477539,3.180649518966675
43740,5.73308928,3.1947896480560303,3.1607985496520996,3.171888828277588
43760,5.73571072,3.1907992362976074,3.1572113037109375,3.1650054454803467
43780,5.73833216,3.1906166076660156,3.15523624420166,3.1647565364837646
43800,5.7409536,3.248095989227295,3.2137255668640137,3.225609064102173
43820,5.74357504,3.290105104446411,3.2610723972320557,3.2670984268188477
43840,5.74619648,3.1527929306030273,3.1175169944763184,3.1256370544433594
43860,5.74881792,3.2266955375671387,3.193772792816162,3.2075209617614746
43880,5.75143936,3.1816062927246094,3.1454715728759766,3.154453992843628
43900,5.7540608,3.2636048793792725,3.232041835784912,3.238210678100586
43920,5.75668224,3.2056126594543457,3.175283908843994,3.1805927753448486
43940,5.75930368,3.2255284786224365,3.198465347290039,3.2021608352661133
43960,5.76192512,3.2458038330078125,3.2172675132751465,3.223580837249756
43980,5.76454656,3.1718697547912598,3.1424827575683594,3.149758815765381
44000,5.767168,3.1742377281188965,3.1419856548309326,3.1497550010681152
44020,5.76978944,3.1958677768707275,3.162574291229248,3.1774888038635254
44040,5.77241088,3.1895813941955566,3.160770893096924,3.1631088256835938
44060,5.77503232,3.231126070022583,3.195690631866455,3.2024049758911133
44080,5.77765376,3.1911749839782715,3.1613731384277344,3.168863534927368
44100,5.7802752,3.193269968032837,3.16276216506958,3.168198585510254
44120,5.78289664,3.164132595062256,3.1349918842315674,3.1393494606018066
44140,5.78551808,3.238291025161743,3.210249185562134,3.216707944869995
44160,5.78813952,3.1591994762420654,3.1252975463867188,3.1399648189544678
44180,5.79076096,3.2081735134124756,3.1747660636901855,3.181807518005371
44200,5.7933824,3.2093448638916016,3.1781082153320312,3.1846280097961426
44220,5.79600384,3.2275748252868652,3.199770450592041,3.2079062461853027
44240,5.79862528,3.1405653953552246,3.106612205505371,3.1152446269989014
44260,5.80124672,3.231931686401367,3.200329303741455,3.207587957382202
44280,5.80386816,3.2769949436187744,3.2432174682617188,3.2484171390533447
44300,5.8064896,3.1306824684143066,3.101665735244751,3.1099300384521484
44320,5.80911104,3.1649088859558105,3.1350646018981934,3.1416616439819336
44340,5.81173248,3.1929211616516113,3.157294511795044,3.169221878051758
44360,5.81435392,3.2390708923339844,3.205587148666382,3.2151803970336914
44380,5.81697536,3.239689826965332,3.2116713523864746,3.2145535945892334
44400,5.8195968,3.2447426319122314,3.2157154083251953,3.221759796142578
44420,5.82221824,3.139528751373291,3.1070737838745117,3.117702007293701
44440,5.82483968,3.2204179763793945,3.190262794494629,3.1976895332336426
44460,5.82746112,3.1778128147125244,3.149414300918579,3.1549150943756104
44480,5.83008256,3.177304983139038,3.1433663368225098,3.1508846282958984
44500,5.832704,3.1943681240081787,3.1639037132263184,3.1721527576446533
44520,5.83532544,3.1800904273986816,3.1512036323547363,3.159907102584839
44540,5.83794688,3.2425129413604736,3.2112081050872803,3.2204689979553223
44560,5.84056832,3.1970348358154297,3.161935567855835,3.174530506134033
44580,5.84318976,3.209235191345215,3.1791324615478516,3.185549259185791
44600,5.8458112,3.1990597248077393,3.173959255218506,3.178959846496582
44620,5.84843264,3.218327522277832,3.1890084743499756,3.1958093643188477
44640,5.85105408,3.150125741958618,3.1158387660980225,3.121659517288208
44660,5.85367552,3.232161045074463,3.2009902000427246,3.207930564880371
44680,5.85629696,3.2143023014068604,3.183154344558716,3.1923046112060547
44700,5.8589184,3.1876869201660156,3.152000904083252,3.1603498458862305
44720,5.86153984,3.223048686981201,3.1927123069763184,3.194514036178589
44740,5.86416128,3.2434346675872803,3.2119128704071045,3.2186439037323
44760,5.86678272,3.2217767238616943,3.1868014335632324,3.1964449882507324
44780,5.86940416,3.2204926013946533,3.194101333618164,3.199188232421875
44800,5.8720256,3.2906417846679688,3.259423017501831,3.268259286880493
44820,5.87464704,3.206296443939209,3.1774656772613525,3.1848528385162354
44840,5.87726848,3.212360382080078,3.184706687927246,3.1893153190612793
44860,5.87988992,3.2185745239257812,3.185560703277588,3.1929454803466797
44880,5.88251136,3.174018383026123,3.1441588401794434,3.149254560470581
44900,5.8851328,3.252058267593384,3.2242398262023926,3.223129987716675
44920,5.88775424,3.2104439735412598,3.1796908378601074,3.1892077922821045
44940,5.89037568,3.194973945617676,3.1643340587615967,3.174268960952759
44960,5.89299712,3.205636501312256,3.1779065132141113,3.181445598602295
44980,5.89561856,3.2261972427368164,3.1939096450805664,3.205111503601074
45000,5.89824,3.2496631145477295,3.21492075920105,3.2238144874572754
45020,5.90086144,3.1656227111816406,3.1298649311065674,3.1391358375549316
45040,5.90348288,3.230374813079834,3.202707052230835,3.2052783966064453
45060,5.90610432,3.1753265857696533,3.1466562747955322,3.1498124599456787
45080,5.90872576,3.2531003952026367,3.2234506607055664,3.2279443740844727
45100,5.9113472,3.162806987762451,3.1318612098693848,3.1411266326904297
45120,5.91396864,3.192824125289917,3.1633553504943848,3.1672682762145996
45140,5.91659008,3.10925030708313,3.079024314880371,3.085024118423462
45160,5.91921152,3.209041118621826,3.173206329345703,3.1822915077209473
45180,5.92183296,3.2497172355651855,3.2222402095794678,3.2281455993652344
45200,5.9244544,3.2403006553649902,3.2091057300567627,3.2141966819763184
45220,5.92707584,3.2109029293060303,3.17404842376709,3.181112051010132
45240,5.92969728,3.2433090209960938,3.2103030681610107,3.220902442932129
45260,5.93231872,3.1444175243377686,3.106748104095459,3.115626096725464
45280,5.93494016,3.2204270362854004,3.185932159423828,3.1956326961517334
45300,5.9375616,3.201512098312378,3.1718997955322266,3.177220344543457
45320,5.94018304,3.228825569152832,3.203190565109253,3.2058167457580566
45340,5.94280448,3.2316527366638184,3.200387477874756,3.205531597137451
45360,5.94542592,3.2260055541992188,3.1938188076019287,3.2001261711120605
45380,5.94804736,3.151501178741455,3.1159634590148926,3.1235649585723877
45400,5.9506688,3.212587356567383,3.1794931888580322,3.1892282962799072
45420,5.95329024,3.2338428497314453,3.1969547271728516,3.2051050662994385
45440,5.95591168,3.219625473022461,3.189875364303589,3.1979899406433105
45460,5.95853312,3.1517817974090576,3.1235575675964355,3.1304452419281006
45480,5.96115456,3.2248759269714355,3.1917760372161865,3.1983695030212402
45500,5.963776,3.2178781032562256,3.1903276443481445,3.1945362091064453
45520,5.96639744,3.1683363914489746,3.1386897563934326,3.144355535507202
45540,5.96901888,3.199530601501465,3.164844274520874,3.1735544204711914
45560,5.97164032,3.204540252685547,3.171166181564331,3.175877332687378
45580,5.97426176,3.092557668685913,3.060917377471924,3.0640335083007812
45600,5.9768832,3.182823657989502,3.1482911109924316,3.1555943489074707
45620,5.97950464,3.239443778991699,3.205124616622925,3.2094545364379883
45640,5.98212608,3.123586893081665,3.092392921447754,3.1004552841186523
45660,5.98474752,3.161625385284424,3.1283254623413086,3.1375324726104736
45680,5.98736896,3.1685373783111572,3.139129161834717,3.1458775997161865
45700,5.9899904,3.2302374839782715,3.1991984844207764,3.205836296081543
45720,5.99261184,3.1559128761291504,3.126039981842041,3.1315839290618896
45740,5.99523328,3.2197556495666504,3.1868391036987305,3.194908380508423
45760,5.99785472,3.3018553256988525,3.2681069374084473,3.2719953060150146
45780,6.00047616,3.2108733654022217,3.178009510040283,3.186647653579712
45800,6.0030976,3.2130868434906006,3.1817665100097656,3.187199115753174
45820,6.00571904,3.1787047386169434,3.1485090255737305,3.152980327606201
45840,6.00834048,3.1292223930358887,3.0996105670928955,3.108396530151367
45860,6.01096192,3.1606040000915527,3.1251747608184814,3.1361746788024902
45880,6.01358336,3.2290618419647217,3.189277172088623,3.199709892272949
45900,6.0162048,3.1966991424560547,3.1692521572113037,3.174410581588745
45920,6.01882624,3.171834707260132,3.142693042755127,3.150299310684204
45940,6.02144768,3.1911888122558594,3.1589536666870117,3.1679036617279053
45960,6.02406912,3.228729248046875,3.200413227081299,3.205202102661133
45980,6.02669056,3.2498342990875244,3.219783067703247,3.2253994941711426
46000,6.029312,3.175851345062256,3.144519090652466,3.1545145511627197
46020,6.03193344,3.249774694442749,3.2249596118927,3.224351167678833
46040,6.03455488,3.204090118408203,3.169593572616577,3.1744160652160645
46060,6.03717632,3.178619861602783,3.146782398223877,3.1504571437835693
46080,6.03979776,3.204524040222168,3.1723411083221436,3.178913116455078
46100,6.0424192,3.2342369556427,3.1966171264648438,3.202714443206787
46120,6.04504064,3.2536635398864746,3.219853401184082,3.2268459796905518
46140,6.04766208,3.1924355030059814,3.160585403442383,3.169978618621826
46160,6.05028352,3.2213284969329834,3.1941189765930176,3.2021913528442383
46180,6.05290496,3.2155113220214844,3.188002586364746,3.1926941871643066
46200,6.0555264,3.1618943214416504,3.1314663887023926,3.1324429512023926
46220,6.05814784,3.2285971641540527,3.1951534748077393,3.2044057846069336
46240,6.06076928,3.1697838306427,3.1385865211486816,3.146131992340088
46260,6.06339072,3.2168500423431396,3.180298328399658,3.1886484622955322
46280,6.06601216,3.1559641361236572,3.121518611907959,3.1287667751312256
46300,6.0686336,3.2488620281219482,3.2133970260620117,3.221156597137451
46320,6.07125504,3.2815945148468018,3.2462046146392822,3.2592039108276367
46340,6.07387648,3.1719226837158203,3.1398136615753174,3.1479992866516113
46360,6.07649792,3.179816961288452,3.1524126529693604,3.158228635787964
46380,6.07911936,3.196828842163086,3.1543848514556885,3.1624860763549805
46400,6.0817408,3.301636219024658,3.2742395401000977,3.2773945331573486
46420,6.08436224,3.1281802654266357,3.095219135284424,3.1026363372802734
46440,6.08698368,3.309112071990967,3.2726521492004395,3.2872369289398193
46460,6.08960512,3.208357810974121,3.177880048751831,3.1806747913360596
46480,6.09222656,3.164722442626953,3.1314830780029297,3.1353843212127686
46500,6.094848,3.218931198120117,3.187223196029663,3.192448854446411
46520,6.09746944,3.231048345565796,3.2009005546569824,3.2067463397979736
46540,6.10009088,3.203836441040039,3.1735167503356934,3.1785247325897217
46560,6.10271232,3.1929359436035156,3.1574320793151855,3.1620771884918213
46580,6.10533376,3.114558219909668,3.082676649093628,3.0851337909698486
46600,6.1079552,3.2220990657806396,3.188485622406006,3.191866636276245
46620,6.11057664,3.2501487731933594,3.2136712074279785,3.220289707183838
46640,6.11319808,3.177222967147827,3.146979331970215,3.151296615600586
46660,6.11581952,3.1858785152435303,3.155043125152588,3.1623177528381348
46680,6.11844096,3.241166114807129,3.2137653827667236,3.2187767028808594
46700,6.1210624,3.2588465213775635,3.223508834838867,3.2304468154907227
46720,6.12368384,3.2399120330810547,3.2089779376983643,3.2115490436553955
46740,6.12630528,3.1877596378326416,3.1593668460845947,3.166809558868408
46760,6.12892672,3.192300796508789,3.1557743549346924,3.1624090671539307
46780,6.13154816,3.196340322494507,3.1649205684661865,3.1700098514556885
46800,6.1341696,3.155409336090088,3.122183084487915,3.125481128692627
46820,6.13679104,3.1831233501434326,3.147367477416992,3.1542816162109375
46840,6.13941248,3.2120485305786133,3.184483051300049,3.187596559524536
46860,6.14203392,3.1846699714660645,3.152054786682129,3.1576523780822754
46880,6.14465536,3.1950275897979736,3.1611247062683105,3.165611743927002
46900,6.1472768,3.1481456756591797,3.1180436611175537,3.1255686283111572
46920,6.14989824,3.1857645511627197,3.1529417037963867,3.1582913398742676
46940,6.15251968,3.131054162979126,3.09958553314209,3.108311653137207
46960,6.15514112,3.153336524963379,3.126527786254883,3.126922369003296
46980,6.15776256,3.181462287902832,3.1463563442230225,3.156543254852295
47000,6.160384,3.1733925342559814,3.140439748764038,3.145944118499756
47020,6.16300544,3.2084524631500244,3.1824874877929688,3.1854474544525146
47040,6.16562688,3.2431447505950928,3.2066056728363037,3.212623119354248
47060,6.16824832,3.203603744506836,3.167452096939087,3.17319655418396
47080,6.17086976,3.255000114440918,3.2228143215179443,3.2275547981262207
47100,6.1734912,3.1715610027313232,3.1425294876098633,3.1450319290161133
47120,6.17611264,3.230459690093994,3.1971917152404785,3.202373743057251
47140,6.17873408,3.189485549926758,3.1577534675598145,3.1624133586883545
47160,6.18135552,3.2409770488739014,3.2083683013916016,3.2136170864105225
47180,6.18397696,3.1700520515441895,3.1415762901306152,3.1446356773376465
47200,6.1865984,3.2011585235595703,3.16917085647583,3.1739401817321777
47220,6.18921984,3.1729912757873535,3.133758068084717,3.1400489807128906
47240,6.19184128,3.2114927768707275,3.1765124797821045,3.183373212814331
47260,6.19446272,3.111555814743042,3.077831268310547,3.0867719650268555
47280,6.19708416,3.2027626037597656,3.1786105632781982,3.180300235748291
47300,6.1997056,3.2316458225250244,3.201855182647705,3.209434986114502
47320,6.20232704,3.239053249359131,3.202603340148926,3.2092366218566895
47340,6.20494848,3.182568073272705,3.1485447883605957,3.1539769172668457
47360,6.20756992,3.2065353393554688,3.1737730503082275,3.177356481552124
47380,6.21019136,3.1835103034973145,3.149787425994873,3.153905153274536
47400,6.2128128,3.2447104454040527,3.2142105102539062,3.2198750972747803
47420,6.21543424,3.1801047325134277,3.145382881164551,3.152179718017578
47440,6.21805568,3.2358272075653076,3.1988415718078613,3.203603744506836
47460,6.22067712,3.178572654724121,3.149596929550171,3.1537489891052246
47480,6.22329856,3.2507083415985107,3.2211623191833496,3.228163480758667
47500,6.22592,3.241652250289917,3.211123466491699,3.215630292892456
47520,6.22854144,3.211956739425659,3.1785311698913574,3.1861000061035156
47540,6.23116288,3.134925603866577,3.1042068004608154,3.1112608909606934
47560,6.23378432,3.173206090927124,3.1427273750305176,3.144317626953125
47580,6.23640576,3.1958141326904297,3.165099859237671,3.1690292358398438
47600,6.2390272,3.1960067749023438,3.161896228790283,3.1671903133392334
47620,6.24164864,3.1611037254333496,3.13130521774292,3.1328940391540527
47640,6.24427008,3.275916814804077,3.23336124420166,3.2461464405059814
47660,6.24689152,3.196566104888916,3.164547920227051,3.1659109592437744
47680,6.24951296,3.213864326477051,3.1797003746032715,3.189168930053711
47700,6.2521344,3.207737922668457,3.174654960632324,3.1816985607147217
47720,6.25475584,3.167173385620117,3.1309404373168945,3.1338250637054443
47740,6.25737728,3.1074798107147217,3.070138931274414,3.0788583755493164
47760,6.25999872,3.186866521835327,3.1517908573150635,3.157867193222046
47780,6.26262016,3.1668965816497803,3.1358017921447754,3.139660358428955
47800,6.2652416,3.1561648845672607,3.1245293617248535,3.1249923706054688
47820,6.26786304,3.195779800415039,3.1620445251464844,3.166151285171509
47840,6.27048448,3.2343478202819824,3.200265407562256,3.2051146030426025
47860,6.27310592,3.273049831390381,3.242969036102295,3.247575283050537
47880,6.27572736,3.1638152599334717,3.1335959434509277,3.1401331424713135
47900,6.2783488,3.1263699531555176,3.0955073833465576,3.0976133346557617
47920,6.28097024,3.238273859024048,3.2028968334198,3.209652900695801
47940,6.28359168,3.2349767684936523,3.2030539512634277,3.214083194732666
47960,6.28621312,3.145404815673828,3.1148183345794678,3.119795799255371
47980,6.28883456,3.1903786659240723,3.159842014312744,3.1635966300964355
48000,6.291456,3.244882106781006,3.20914363861084,3.219778537750244
48020,6.29407744,3.1859498023986816,3.154876708984375,3.160501480102539
48040,6.29669888,3.293588876724243,3.2679572105407715,3.2729663848876953
48060,6.29932032,3.1680471897125244,3.1372389793395996,3.1404457092285156
48080,6.30194176,3.225558280944824,3.198215961456299,3.2046151161193848
48100,6.3045632,3.2645668983459473,3.229632616043091,3.2365827560424805
48120,6.30718464,3.230971574783325,3.207423686981201,3.206430435180664
48140,6.30980608,3.2323577404022217,3.198302745819092,3.2011632919311523
48160,6.31242752,3.2129342555999756,3.18031644821167,3.186829090118408
48180,6.31504896,3.1661171913146973,3.1375632286071777,3.140132427215576
48200,6.3176704,3.194401264190674,3.1652395725250244,3.165412187576294
48220,6.32029184,3.18235445022583,3.1524195671081543,3.157168388366699
48240,6.32291328,3.239285469055176,3.2016713619232178,3.210014820098877
48260,6.32553472,3.248051643371582,3.2165160179138184,3.221069574356079
48280,6.32815616,3.256901741027832,3.219773769378662,3.224407434463501
48300,6.3307776,3.1895198822021484,3.1596052646636963,3.1668286323547363
48320,6.33339904,3.25136399269104,3.2262463569641113,3.2305586338043213
48340,6.33602048,3.172985553741455,3.1430859565734863,3.1488547325134277
48360,6.33864192,3.193967819213867,3.16483473777771,3.1696794033050537
48380,6.34126336,3.2507781982421875,3.2174606323242188,3.227475643157959
48400,6.3438848,3.2376060485839844,3.2068848609924316,3.2107484340667725
48420,6.34650624,3.241034507751465,3.209676742553711,3.2145681381225586
48440,6.34912768,3.2494282722473145,3.214221477508545,3.213006019592285
48460,6.35174912,3.206634998321533,3.173999309539795,3.1828856468200684
48480,6.35437056,3.229360342025757,3.195460319519043,3.198317527770996
48500,6.356992,3.1228723526000977,3.0882275104522705,3.095912456512451
48520,6.35961344,3.2211527824401855,3.188127040863037,3.1940202713012695
48540,6.36223488,3.1815719604492188,3.1464807987213135,3.154233455657959
48560,6.36485632,3.202622413635254,3.1693668365478516,3.177215814590454
48580,6.36747776,3.2287793159484863,3.1947579383850098,3.197394609451294
48600,6.3700992,3.1691219806671143,3.128213405609131,3.1377716064453125
48620,6.37272064,3.2241199016571045,3.1994247436523438,3.204899311065674
48640,6.37534208,3.152721643447876,3.123380184173584,3.1297121047973633
48660,6.37796352,3.2032556533813477,3.1656625270843506,3.167776584625244
48680,6.38058496,3.2652015686035156,3.2359578609466553,3.236320734024048
48700,6.3832064,3.172837495803833,3.139145851135254,3.147810459136963
48720,6.38582784,3.2184886932373047,3.1831371784210205,3.1925885677337646
48740,6.38844928,3.2446978092193604,3.2138853073120117,3.220546245574951
48760,6.39107072,3.2180233001708984,3.186758279800415,3.1875803470611572
48780,6.39369216,3.172865390777588,3.139011859893799,3.145781993865967
48800,6.3963136,3.1805877685546875,3.145394802093506,3.152029037475586
48820,6.39893504,3.2697525024414062,3.2358956336975098,3.237729072570801
48840,6.40155648,3.226797342300415,3.1996560096740723,3.1991419792175293
48860,6.40417792,3.194734811782837,3.1590330600738525,3.1628527641296387
48880,6.40679936,3.2368626594543457,3.212982654571533,3.2163596153259277
48900,6.4094208,3.223435640335083,3.190053939819336,3.196681261062622
48920,6.41204224,3.1297879219055176,3.090244770050049,3.0982747077941895
48940,6.41466368,3.1215219497680664,3.0888314247131348,3.089952230453491
48960,6.41728512,3.1926844120025635,3.1620912551879883,3.166980743408203
48980,6.41990656,3.2076797485351562,3.1791772842407227,3.1816277503967285
49000,6.422528,3.1931982040405273,3.1593008041381836,3.1635231971740723
49020,6.42514944,3.222132444381714,3.188119649887085,3.193235158920288
49040,6.42777088,3.205583095550537,3.1737685203552246,3.176971197128296
49060,6.43039232,3.223433494567871,3.1932218074798584,3.1996095180511475
49080,6.43301376,3.2475810050964355,3.215670108795166,3.2214694023132324
49100,6.4356352,3.1802687644958496,3.1441967487335205,3.152792453765869
49120,6.43825664,3.2255959510803223,3.187934637069702,3.1950554847717285
49140,6.44087808,3.243016481399536,3.2110884189605713,3.220548629760742
49160,6.44349952,3.176271438598633,3.142727851867676,3.147496461868286
49180,6.44612096,3.246358871459961,3.2158117294311523,3.2210893630981445
49200,6.4487424,3.1989502906799316,3.1623685359954834,3.168006181716919
49220,6.45136384,3.1812386512756348,3.1490325927734375,3.1516571044921875
49240,6.45398528,3.108137607574463,3.0696372985839844,3.0718562602996826
49260,6.45660672,3.143345832824707,3.1085305213928223,3.1115212440490723
49280,6.45922816,3.1902968883514404,3.15930438041687,3.1610817909240723
49300,6.4618496,3.2178218364715576,3.1815614700317383,3.191835403442383
49320,6.46447104,3.219465494155884,3.1824073791503906,3.1887638568878174
49340,6.46709248,3.1604247093200684,3.126110076904297,3.1331419944763184
49360,6.46971392,3.1555678844451904,3.1272172927856445,3.128124713897705
49380,6.47233536,3.216944932937622,3.1823482513427734,3.1910409927368164
49400,6.4749568,3.1524527072906494,3.120429515838623,3.1269371509552
49420,6.47757824,3.2434604167938232,3.213252067565918,3.209503412246704
49440,6.48019968,3.228823661804199,3.191084146499634,3.195885181427002
49460,6.48282112,3.1401209831237793,3.1075544357299805,3.111215591430664
49480,6.48544256,3.1673755645751953,3.133911371231079,3.1362853050231934
49500,6.488064,3.2785356044769287,3.247619867324829,3.252861499786377
49520,6.49068544,3.095585823059082,3.067014217376709,3.072317600250244
49540,6.49330688,3.238621711730957,3.2067346572875977,3.21038818359375
49560,6.49592832,3.1983022689819336,3.166720390319824,3.171935796737671
49580,6.49854976,3.1970438957214355,3.162923574447632,3.170569658279419
49600,6.5011712,3.2193603515625,3.1820363998413086,3.184168577194214
49620,6.50379264,3.2134883403778076,3.182239294052124,3.1893668174743652
49640,6.50641408,3.2320761680603027,3.1978793144226074,3.2043704986572266
49660,6.50903552,3.170999765396118,3.133984088897705,3.137101411819458
49680,6.51165696,3.207991600036621,3.1734766960144043,3.1743078231811523
49700,6.5142784,3.207925319671631,3.173956871032715,3.1793627738952637
49720,6.51689984,3.246412515640259,3.212144136428833,3.217769145965576
49740,6.51952128,3.249446392059326,3.216707706451416,3.22402286529541
49760,6.52214272,3.149488687515259,3.119508743286133,3.1211888790130615
49780,6.52476416,3.1867260932922363,3.1566219329833984,3.158480405807495
49800,6.5273856,3.2210233211517334,3.1870059967041016,3.194427967071533
49820,6.53000704,3.197573184967041,3.1631481647491455,3.169722080230713
49840,6.53262848,3.221072196960449,3.1877236366271973,3.1945254802703857
49860,6.53524992,3.167048215866089,3.134613275527954,3.1374335289001465
49880,6.53787136,3.139997959136963,3.109983444213867,3.1141934394836426
49900,6.5404928,3.1919212341308594,3.1580941677093506,3.1574771404266357
49920,6.54311424,3.0919690132141113,3.057908535003662,3.0602505207061768
49940,6.54573568,3.1290805339813232,3.094644784927368,3.0963597297668457
49960,6.54835712,3.187931537628174,3.1564972400665283,3.1613292694091797
49980,6.55097856,3.1619315147399902,3.129899501800537,3.132675886154175
50000,6.5536,3.216214418411255,3.1826930046081543,3.18937611579895
50020,6.55622144,3.1374146938323975,3.111295223236084,3.109015464782715
50040,6.55884288,3.265667676925659,3.231729507446289,3.24015212059021
50060,6.56146432,3.186016082763672,3.153789520263672,3.1582157611846924
50080,6.56408576,3.229490280151367,3.195193290710449,3.1985719203948975
50100,6.5667072,3.1591367721557617,3.1313467025756836,3.1395888328552246
50120,6.56932864,3.22691011428833,3.189281463623047,3.1956112384796143
50140,6.57195008,3.2100229263305664,3.1726315021514893,3.176797866821289
50160,6.57457152,3.2055253982543945,3.1756224632263184,3.1762852668762207
50180,6.57719296,3.1713521480560303,3.137523651123047,3.1418707370758057
50200,6.5798144,3.127720832824707,3.0976979732513428,3.0985796451568604
50220,6.58243584,3.21901798248291,3.1831393241882324,3.187893867492676
50240,6.58505728,3.2041478157043457,3.1681103706359863,3.1765153408050537
50260,6.58767872,3.16154146194458,3.122081756591797,3.1292643547058105
50280,6.59030016,3.212472915649414,3.18289852142334,3.1810426712036133
50300,6.5929216,3.2255921363830566,3.1914477348327637,3.1930742263793945
50320,6.59554304,3.0977110862731934,3.0617823600769043,3.0654866695404053
50340,6.59816448,3.217921257019043,3.185412883758545,3.1926209926605225
50360,6.60078592,3.1887006759643555,3.1587107181549072,3.1609389781951904
50380,6.60340736,3.1644856929779053,3.1349563598632812,3.1367037296295166
50400,6.6060288,3.2542197704315186,3.2178452014923096,3.220794200897217
50420,6.60865024,3.170790195465088,3.1355714797973633,3.141212224960327
50440,6.61127168,3.191689968109131,3.1633358001708984,3.1659727096557617
50460,6.61389312,3.1909899711608887,3.15554141998291,3.1595709323883057
50480,6.61651456,3.210127830505371,3.1796391010284424,3.183377504348755
50500,6.619136,3.162315845489502,3.1281652450561523,3.129443883895874
50520,6.62175744,3.310234546661377,3.28408145904541,3.2823057174682617
50540,6.62437888,3.2212016582489014,3.1874172687530518,3.190931797027588
50560,6.62700032,3.122265338897705,3.087772846221924,3.092930793762207
50580,6.62962176,3.193854331970215,3.1648879051208496,3.170839309692383
50600,6.6322432,3.124974250793457,3.084124803543091,3.091400623321533
50620,6.63486464,3.216705083847046,3.1782703399658203,3.182819128036499
50640,6.63748608,3.229487419128418,3.1917805671691895,3.198455572128296
50660,6.64010752,3.117208480834961,3.0874924659729004,3.088010311126709
50680,6.64272896,3.1638474464416504,3.1320714950561523,3.135951519012451
50700,6.6453504,3.262152910232544,3.2258355617523193,3.228135347366333
50720,6.64797184,3.1276750564575195,3.0934133529663086,3.0999341011047363
50740,6.65059328,3.2070260047912598,3.1748838424682617,3.1784656047821045
50760,6.65321472,3.1490793228149414,3.1161561012268066,3.12148380279541
50780,6.65583616,3.14469051361084,3.115574598312378,3.115675449371338
50800,6.6584576,3.1685867309570312,3.137465476989746,3.1411702632904053
50820,6.66107904,3.1980936527252197,3.1686697006225586,3.1710963249206543
50840,6.66370048,3.178603172302246,3.1497106552124023,3.151184558868408
50860,6.66632192,3.2071008682250977,3.1702449321746826,3.174623727798462
50880,6.66894336,3.234736680984497,3.203186273574829,3.2061920166015625
50900,6.6715648,3.224034547805786,3.190708875656128,3.1933434009552
50920,6.67418624,3.1858885288238525,3.15191388130188,3.158080816268921
50940,6.67680768,3.2353172302246094,3.2033579349517822,3.207841396331787
50960,6.67942912,3.174957752227783,3.146308660507202,3.1434948444366455
50980,6.68205056,3.1401748657226562,3.1133530139923096,3.1157913208007812
51000,6.684672,3.183603286743164,3.1530823707580566,3.1560001373291016
51020,6.68729344,3.1689343452453613,3.1321399211883545,3.1358585357666016
51040,6.68991488,3.195751190185547,3.163972854614258,3.166762351989746
51060,6.69253632,3.259448528289795,3.221123218536377,3.225512742996216
51080,6.69515776,3.1804208755493164,3.1485095024108887,3.1527202129364014
51100,6.6977792,3.222473621368408,3.188594341278076,3.1904187202453613
51120,6.70040064,3.14791202545166,3.1150224208831787,3.1184163093566895
51140,6.70302208,3.1737589836120605,3.141139507293701,3.1431145668029785
51160,6.70564352,3.1596322059631348,3.1266322135925293,3.1372580528259277
51180,6.70826496,3.1591124534606934,3.1306464672088623,3.1325302124023438
51200,6.7108864,3.143606185913086,3.1014630794525146,3.1030383110046387
51220,6.71350784,3.2128794193267822,3.180729627609253,3.183701992034912
51240,6.71612928,3.1907265186309814,3.157456874847412,3.163888931274414
51260,6.71875072,3.197411060333252,3.1627516746520996,3.1703224182128906
51280,6.72137216,3.1222357749938965,3.0834803581237793,3.08685302734375
51300,6.7239936,3.1683156490325928,3.142793655395508,3.1393942832946777
51320,6.72661504,3.2023563385009766,3.172835350036621,3.1770291328430176
51340,6.72923648,3.200448751449585,3.16227650642395,3.1712303161621094
51360,6.73185792,3.156060218811035,3.131190299987793,3.1314353942871094
51380,6.73447936,3.2286489009857178,3.1933140754699707,3.1995012760162354
51400,6.7371008,3.213036298751831,3.188863515853882,3.1886680126190186
51420,6.73972224,3.0530052185058594,3.023261547088623,3.0247936248779297
51440,6.74234368,3.202517032623291,3.166261672973633,3.174015522003174
51460,6.74496512,3.2190756797790527,3.188101291656494,3.1914148330688477
51480,6.74758656,3.1989634037017822,3.16418194770813,3.1674439907073975
51500,6.750208,3.2057995796203613,3.1781363487243652,3.1765639781951904
51520,6.75282944,3.193094491958618,3.161776542663574,3.1648807525634766
51540,6.75545088,3.166703224182129,3.1363935470581055,3.1387622356414795
51560,6.75807232,3.2225866317749023,3.1883063316345215,3.19618821144104
51580,6.76069376,3.1481316089630127,3.1148264408111572,3.1141357421875
51600,6.7633152,3.1969516277313232,3.168513298034668,3.1669960021972656
51620,6.76593664,3.148283004760742,3.11978816986084,3.125500202178955
51640,6.76855808,3.19454288482666,3.161369562149048,3.165072441101074
51660,6.77117952,3.1520185470581055,3.1125261783599854,3.1211953163146973
51680,6.77380096,3.2590181827545166,3.2249491214752197,3.228329658508301
51700,6.7764224,3.2190394401550293,3.1879539489746094,3.1904642581939697
51720,6.77904384,3.142409563064575,3.113821506500244,3.115741014480591
51740,6.78166528,3.2444424629211426,3.2117676734924316,3.2147574424743652
51760,6.78428672,3.2170004844665527,3.1885147094726562,3.1890599727630615
51780,6.78690816,3.175769090652466,3.1388676166534424,3.1408231258392334
51800,6.7895296,3.217892646789551,3.18509840965271,3.186948299407959
51820,6.79215104,3.109025001525879,3.077115058898926,3.077579975128174
51840,6.79477248,3.186565399169922,3.156421184539795,3.1584129333496094
51860,6.79739392,3.161505699157715,3.1255335807800293,3.130840301513672
51880,6.80001536,3.2377147674560547,3.2102909088134766,3.2134265899658203
51900,6.8026368,3.148925304412842,3.1192243099212646,3.122424840927124
51920,6.80525824,3.2275142669677734,3.195079803466797,3.1963212490081787
51940,6.80787968,3.1743061542510986,3.1399693489074707,3.147306442260742
51960,6.81050112,3.140350818634033,3.108851671218872,3.1101300716400146
51980,6.81312256,3.189182996749878,3.159708261489868,3.1573896408081055
52000,6.815744,3.1561620235443115,3.123070240020752,3.1237051486968994
52020,6.81836544,3.2440619468688965,3.208603858947754,3.2135088443756104
52040,6.82098688,3.202094316482544,3.1676526069641113,3.1700305938720703
52060,6.82360832,3.1682302951812744,3.134169101715088,3.138017177581787
52080,6.82622976,3.1854159832000732,3.1532139778137207,3.155195713043213
52100,6.8288512,3.151557445526123,3.123903274536133,3.1236605644226074
52120,6.83147264,3.179507255554199,3.150381088256836,3.149289608001709
52140,6.83409408,3.191392421722412,3.162170171737671,3.162083387374878
52160,6.83671552,3.175654649734497,3.1470441818237305,3.1471316814422607
52180,6.83933696,3.2164268493652344,3.181427001953125,3.1816391944885254
52200,6.8419584,3.237821340560913,3.2099411487579346,3.2121548652648926
52220,6.84457984,3.111088991165161,3.076322317123413,3.0746898651123047
52240,6.84720128,3.1682748794555664,3.138219118118286,3.137948513031006
52260,6.84982272,3.1406095027923584,3.1047329902648926,3.1085939407348633
52280,6.85244416,3.1527082920074463,3.119236469268799,3.1205735206604004
52300,6.8550656,3.191051483154297,3.1620171070098877,3.163982391357422
52320,6.85768704,3.1743557453155518,3.140455961227417,3.1421680450439453
52340,6.86030848,3.2324976921081543,3.197815418243408,3.200833797454834
52360,6.86292992,3.2170944213867188,3.1877617835998535,3.1843152046203613
52380,6.86555136,3.1486077308654785,3.117684841156006,3.1221799850463867
52400,6.8681728,3.185647964477539,3.1497459411621094,3.154878854751587
52420,6.87079424,3.1734042167663574,3.1350808143615723,3.1457204818725586
52440,6.87341568,3.1504764556884766,3.1162121295928955,3.118180751800537
52460,6.87603712,3.1655731201171875,3.132166862487793,3.134838581085205
52480,6.87865856,3.1899356842041016,3.1555094718933105,3.163193702697754
52500,6.88128,3.1768383979797363,3.140782356262207,3.142251968383789
52520,6.88390144,3.202930212020874,3.1707234382629395,3.1764602661132812
52540,6.88652288,3.14713978767395,3.1138477325439453,3.117954730987549
52560,6.88914432,3.240880012512207,3.2033214569091797,3.2058866024017334
52580,6.89176576,3.2056031227111816,3.17366623878479,3.1754813194274902
52600,6.8943872,3.1844778060913086,3.1508445739746094,3.1570167541503906
52620,6.89700864,3.1864707469940186,3.154158592224121,3.1588521003723145
52640,6.89963008,3.1310269832611084,3.0964138507843018,3.0998106002807617
52660,6.90225152,3.200852155685425,3.1683387756347656,3.1726796627044678
52680,6.90487296,3.228921413421631,3.196655750274658,3.198927164077759
52700,6.9074944,3.176590919494629,3.141266107559204,3.145268201828003
52720,6.91011584,3.235422134399414,3.200591802597046,3.2039308547973633
52740,6.91273728,3.259016513824463,3.224545478820801,3.2257180213928223
52760,6.91535872,3.1693544387817383,3.136524200439453,3.1384623050689697
52780,6.91798016,3.147970199584961,3.1170530319213867,3.11954927444458
52800,6.9206016,3.1525304317474365,3.1190907955169678,3.1210412979125977
52820,6.92322304,3.21553111076355,3.178276538848877,3.18323016166687
52840,6.92584448,3.177504539489746,3.1488037109375,3.1534996032714844
52860,6.92846592,3.178654193878174,3.1487650871276855,3.1527326107025146
52880,6.93108736,3.1990911960601807,3.1645214557647705,3.1695597171783447
52900,6.9337088,3.120302200317383,3.0896856784820557,3.0977771282196045
52920,6.93633024,3.1765964031219482,3.1463212966918945,3.14744234085083
52940,6.93895168,3.190103054046631,3.1627297401428223,3.1652333736419678
52960,6.94157312,3.1208486557006836,3.0855038166046143,3.091057062149048
52980,6.94419456,3.123728036880493,3.0959081649780273,3.0972084999084473
53000,6.946816,3.110386371612549,3.083453416824341,3.0860345363616943
53020,6.94943744,3.2224783897399902,3.184652805328369,3.1971826553344727
53040,6.95205888,3.2544405460357666,3.2197041511535645,3.2268385887145996
53060,6.95468032,3.1703662872314453,3.1373839378356934,3.1416633129119873
53080,6.95730176,3.185275077819824,3.1492230892181396,3.157707929611206
53100,6.9599232,3.1195693016052246,3.082022190093994,3.0866103172302246
53120,6.96254464,3.152146816253662,3.1102378368377686,3.114985704421997
53140,6.96516608,3.1769256591796875,3.144282579421997,3.145068883895874
53160,6.96778752,3.2080094814300537,3.178232192993164,3.1773736476898193
53180,6.97040896,3.137441635131836,3.103153944015503,3.109577178955078
53200,6.9730304,3.1890532970428467,3.1579625606536865,3.161365032196045
53220,6.97565184,3.1333000659942627,3.096194267272949,3.0992579460144043
53240,6.97827328,3.1596689224243164,3.1279635429382324,3.1365413665771484
53260,6.98089472,3.2171878814697266,3.1882083415985107,3.1897175312042236
53280,6.98351616,3.1419737339019775,3.1087353229522705,3.1067514419555664
53300,6.9861376,3.206732988357544,3.1683924198150635,3.1726934909820557
53320,6.98875904,3.15578293800354,3.119384288787842,3.1225192546844482
53340,6.99138048,3.1369051933288574,3.1108145713806152,3.1102969646453857
53360,6.99400192,3.227886915206909,3.1935338973999023,3.195953845977783
53380,6.99662336,3.181504249572754,3.1467573642730713,3.1449642181396484
53400,6.9992448,3.151411294937134,3.1177971363067627,3.119847059249878
53420,7.00186624,3.1038239002227783,3.0663561820983887,3.073247194290161
53440,7.00448768,3.087275981903076,3.0547356605529785,3.0513038635253906
53460,7.00710912,3.177168369293213,3.141345977783203,3.145221471786499
53480,7.00973056,3.1725943088531494,3.139946937561035,3.1455116271972656
53500,7.012352,3.076023817062378,3.046724557876587,3.0513081550598145
53520,7.01497344,3.2159557342529297,3.177480936050415,3.1796579360961914
53540,7.01759488,3.1688179969787598,3.1340231895446777,3.1414132118225098
53560,7.02021632,3.1948275566101074,3.164449691772461,3.1680612564086914
53580,7.02283776,3.211212158203125,3.1741390228271484,3.176661491394043
53600,7.0254592,3.2198004722595215,3.1854541301727295,3.1944189071655273
53620,7.02808064,3.164686441421509,3.1267144680023193,3.1343061923980713
53640,7.03070208,3.1058449745178223,3.0752975940704346,3.0812692642211914
53660,7.03332352,3.189979314804077,3.1522269248962402,3.1589417457580566
53680,7.03594496,3.2008519172668457,3.1639297008514404,3.166968822479248
53700,7.0385664,3.188591480255127,3.154550075531006,3.1612071990966797
53720,7.04118784,3.2082533836364746,3.1752188205718994,3.1747636795043945
53740,7.04380928,3.228461265563965,3.192276954650879,3.193742275238037
53760,7.04643072,3.1728830337524414,3.137608766555786,3.134739875793457
53780,7.04905216,3.2479372024536133,3.214094638824463,3.2181034088134766
53800,7.0516736,3.15087890625,3.113126754760742,3.1185247898101807
53820,7.05429504,3.149697780609131,3.1116013526916504,3.113976001739502
53840,7.05691648,3.166322708129883,3.134359836578369,3.136162757873535
53860,7.05953792,3.1484534740448,3.1165826320648193,3.1198670864105225
53880,7.06215936,3.1950697898864746,3.1633758544921875,3.1656410694122314
53900,7.0647808,3.2048981189727783,3.168605327606201,3.1713805198669434
53920,7.06740224,3.1860592365264893,3.1538872718811035,3.155738592147827
53940,7.07002368,3.17883038520813,3.1412477493286133,3.1479477882385254
53960,7.07264512,3.2580947875976562,3.227097749710083,3.2279791831970215
53980,7.07526656,3.2000348567962646,3.168978452682495,3.1699271202087402
54000,7.077888,3.1743555068969727,3.142969846725464,3.1481831073760986
54020,7.08050944,3.1556124687194824,3.1275010108947754,3.127945899963379
54040,7.08313088,3.175854444503784,3.1423048973083496,3.1451942920684814
54060,7.08575232,3.1432275772094727,3.1101126670837402,3.111481189727783
54080,7.08837376,3.106602907180786,3.0740435123443604,3.0758678913116455
54100,7.0909952,3.2246344089508057,3.1905646324157715,3.188767671585083
54120,7.09361664,3.1885740756988525,3.1510848999023438,3.150542736053467
54140,7.09623808,3.190544605255127,3.1577720642089844,3.1604537963867188
54160,7.09885952,3.166797161102295,3.139204502105713,3.142124652862549
54180,7.10148096,3.1948466300964355,3.1663122177124023,3.1628916263580322
54200,7.1041024,3.238184690475464,3.200699806213379,3.202113151550293
54220,7.10672384,3.232320785522461,3.194897413253784,3.19677472114563
54240,7.10934528,3.2158329486846924,3.1851842403411865,3.191084623336792
54260,7.11196672,3.2154996395111084,3.1777915954589844,3.18320894241333
54280,7.11458816,3.130634069442749,3.0916101932525635,3.0981462001800537
54300,7.1172096,3.197338104248047,3.1646642684936523,3.1646175384521484
54320,7.11983104,3.1838324069976807,3.1450486183166504,3.144892454147339
54340,7.12245248,3.1837360858917236,3.149158477783203,3.15749454498291
54360,7.12507392,3.1090948581695557,3.0751962661743164,3.0837204456329346
54380,7.12769536,3.157318115234375,3.125121593475342,3.127795457839966
54400,7.1303168,3.137932538986206,3.1028826236724854,3.103342056274414
54420,7.13293824,3.202517032623291,3.171945095062256,3.1754627227783203
54440,7.13555968,3.1715455055236816,3.1349234580993652,3.1370763778686523
54460,7.13818112,3.172417640686035,3.139695644378662,3.1418704986572266
54480,7.14080256,3.175046920776367,3.143498420715332,3.1414520740509033
54500,7.143424,3.111264705657959,3.079904317855835,3.0801358222961426
54520,7.14604544,3.1956589221954346,3.1561145782470703,3.1596217155456543
54540,7.14866688,3.173177719116211,3.1313323974609375,3.136749744415283
54560,7.15128832,3.239867925643921,3.206434488296509,3.2115914821624756
54580,7.15390976,3.222168445587158,3.191984176635742,3.1900720596313477
54600,7.1565312,3.1510748863220215,3.1114940643310547,3.1160895824432373
54620,7.15915264,3.1666440963745117,3.134260654449463,3.1358354091644287
54640,7.16177408,3.178842067718506,3.147152900695801,3.1449477672576904
54660,7.16439552,3.124929904937744,3.0933079719543457,3.090895891189575
54680,7.16701696,3.200500011444092,3.1649155616760254,3.1613025665283203
54700,7.1696384,3.179105758666992,3.140991687774658,3.1445553302764893
54720,7.17225984,3.1916885375976562,3.1581172943115234,3.1626245975494385
54740,7.17488128,3.169616460800171,3.1384942531585693,3.135824680328369
54760,7.17750272,3.174514055252075,3.1405510902404785,3.141533613204956
54780,7.18012416,3.1770377159118652,3.14778208732605,3.146677017211914
54800,7.1827456,3.2550649642944336,3.2232789993286133,3.226062536239624
54820,7.18536704,3.250185251235962,3.2101247310638428,3.212599992752075
54840,7.18798848,3.0769402980804443,3.0426666736602783,3.043353319168091
54860,7.19060992,3.209536075592041,3.1792688369750977,3.1760716438293457
54880,7.19323136,3.1344003677368164,3.0991716384887695,3.1000235080718994
54900,7.1958528,3.169588088989258,3.134823799133301,3.140084743499756
54920,7.19847424,3.1254351139068604,3.089715003967285,3.0930404663085938
54940,7.20109568,3.227123498916626,3.1954429149627686,3.192661762237549
54960,7.20371712,3.1115663051605225,3.0796375274658203,3.076627254486084
54980,7.20633856,3.127676010131836,3.095149040222168,3.095172882080078
55000,7.20896,3.2186360359191895,3.1886348724365234,3.1918437480926514
55020,7.21158144,3.162775993347168,3.1354575157165527,3.135035991668701
55040,7.21420288,3.2098755836486816,3.1751298904418945,3.1816279888153076
55060,7.21682432,3.112562656402588,3.075802803039551,3.07894229888916
55080,7.21944576,3.1333484649658203,3.1002442836761475,3.104853868484497
55100,7.2220672,3.1925013065338135,3.154778003692627,3.1606597900390625
55120,7.22468864,3.1877002716064453,3.1550915241241455,3.158449411392212
55140,7.22731008,3.208287239074707,3.175490379333496,3.1814398765563965
55160,7.22993152,3.17606258392334,3.1434028148651123,3.147789716720581
55180,7.23255296,3.1484146118164062,3.1153366565704346,3.1140129566192627
55200,7.2351744,3.206427574157715,3.175219774246216,3.1775314807891846
55220,7.23779584,3.226562976837158,3.187049388885498,3.191854476928711
55240,7.24041728,3.210662364959717,3.179532766342163,3.1757497787475586
55260,7.24303872,3.1951050758361816,3.160672187805176,3.1614134311676025
55280,7.24566016,3.251716136932373,3.221038341522217,3.2197909355163574
55300,7.2482816,3.16094970703125,3.136899471282959,3.1357827186584473
55320,7.25090304,3.082716464996338,3.049123764038086,3.0502638816833496
55340,7.25352448,3.2076961994171143,3.170135021209717,3.1724345684051514
55360,7.25614592,3.214517116546631,3.1776700019836426,3.183154582977295
55380,7.25876736,3.125959873199463,3.089114189147949,3.0892441272735596
55400,7.2613888,3.1902976036071777,3.1576242446899414,3.162142753601074
55420,7.26401024,3.271646022796631,3.2370362281799316,3.235847234725952
55440,7.26663168,3.1558401584625244,3.125051498413086,3.1236228942871094
55460,7.26925312,3.22076416015625,3.1866326332092285,3.1855170726776123
55480,7.27187456,3.1596570014953613,3.1261401176452637,3.1258790493011475
55500,7.274496,3.1634621620178223,3.1349213123321533,3.1344523429870605
55520,7.27711744,3.1767990589141846,3.145082473754883,3.1453354358673096
55540,7.27973888,3.213818073272705,3.180534839630127,3.1822423934936523
55560,7.28236032,3.1949076652526855,3.1623640060424805,3.1633760929107666
55580,7.28498176,3.1192102432250977,3.088796615600586,3.0871386528015137
55600,7.2876032,3.184476137161255,3.1566555500030518,3.1578316688537598
55620,7.29022464,3.1500887870788574,3.1184792518615723,3.1185529232025146
55640,7.29284608,3.145106554031372,3.1131224632263184,3.1136233806610107
55660,7.29546752,3.2097766399383545,3.172031879425049,3.1761035919189453
55680,7.29808896,3.2035937309265137,3.1690449714660645,3.173515796661377
55700,7.3007104,3.201733112335205,3.174100160598755,3.1740479469299316
55720,7.30333184,3.1554462909698486,3.122814893722534,3.1260323524475098
55740,7.30595328,3.151277780532837,3.1203107833862305,3.1169848442077637
55760,7.30857472,3.1728787422180176,3.140874147415161,3.1409871578216553
55780,7.31119616,3.189387321472168,3.1521804332733154,3.151188850402832
55800,7.3138176,3.191319465637207,3.1617348194122314,3.159424066543579
55820,7.31643904,3.198485851287842,3.1692538261413574,3.16790771484375
55840,7.31906048,3.1817197799682617,3.145061731338501,3.144413471221924
55860,7.32168192,3.1237268447875977,3.0937304496765137,3.0927164554595947
55880,7.32430336,3.1695902347564697,3.138714075088501,3.1369452476501465
55900,7.3269248,3.1952805519104004,3.1679069995880127,3.166107416152954
55920,7.32954624,3.194610118865967,3.1644973754882812,3.1602256298065186
55940,7.33216768,3.2190499305725098,3.188732624053955,3.190971851348877
55960,7.33478912,3.2430315017700195,3.2107629776000977,3.2097866535186768
55980,7.33741056,3.2487077713012695,3.215301990509033,3.2192559242248535
56000,7.340032,3.1372733116149902,3.1034820079803467,3.1009581089019775
56020,7.34265344,3.157679557800293,3.1297173500061035,3.13041353225708
56040,7.34527488,3.1734836101531982,3.1425132751464844,3.145369529724121
56060,7.34789632,3.2068729400634766,3.1725049018859863,3.17683744430542
56080,7.35051776,3.2464373111724854,3.211798906326294,3.217601776123047
56100,7.3531392,3.1987807750701904,3.1624462604522705,3.168065071105957
56120,7.35576064,3.1608526706695557,3.1287338733673096,3.127332925796509
56140,7.35838208,3.232260227203369,3.195280075073242,3.199049234390259
56160,7.36100352,3.2018377780914307,3.1675455570220947,3.169442653656006
56180,7.36362496,3.159804344177246,3.1193795204162598,3.1228928565979004
56200,7.3662464,3.1778242588043213,3.1499834060668945,3.1487393379211426
56220,7.36886784,3.1856560707092285,3.1513924598693848,3.1544642448425293
56240,7.37148928,3.2358932495117188,3.203615427017212,3.207538604736328
56260,7.37411072,3.10184383392334,3.063871383666992,3.0642659664154053
56280,7.37673216,3.1369035243988037,3.101111888885498,3.1023752689361572
56300,7.3793536,3.1538567543029785,3.1214771270751953,3.1247243881225586
56320,7.38197504,3.1897759437561035,3.14947509765625,3.1530251502990723
56340,7.38459648,3.2299723625183105,3.2041561603546143,3.201338052749634
56360,7.38721792,3.191892623901367,3.16347599029541,3.1652684211730957
56380,7.38983936,3.1784610748291016,3.1469993591308594,3.144014835357666
56400,7.3924608,3.216010808944702,3.1810004711151123,3.186426877975464
56420,7.39508224,3.1882641315460205,3.150874614715576,3.1524462699890137
56440,7.39770368,3.207822322845459,3.170435667037964,3.1753978729248047
56460,7.40032512,3.1799604892730713,3.147481918334961,3.1494603157043457
56480,7.40294656,3.16796875,3.1381726264953613,3.1412670612335205
56500,7.405568,3.2250356674194336,3.195497751235962,3.2023134231567383
56520,7.40818944,3.154282808303833,3.122006416320801,3.126314163208008
56540,7.41081088,3.145195245742798,3.115048885345459,3.119255781173706
56560,7.41343232,3.2593860626220703,3.225891590118408,3.226184368133545
56580,7.41605376,3.1997337341308594,3.1625945568084717,3.1613664627075195
56600,7.4186752,3.2068896293640137,3.170236349105835,3.172433853149414
56620,7.42129664,3.2203032970428467,3.185532569885254,3.188210964202881
56640,7.42391808,3.1340415477752686,3.1001334190368652,3.1008331775665283
56660,7.42653952,3.212040424346924,3.1770987510681152,3.1768507957458496
56680,7.42916096,3.171781063079834,3.1359872817993164,3.141045570373535
56700,7.4317824,3.1292214393615723,3.094287872314453,3.0991475582122803
56720,7.43440384,3.194946527481079,3.164249897003174,3.1591968536376953
56740,7.43702528,3.193142890930176,3.1525652408599854,3.155337333679199
56760,7.43964672,3.185368537902832,3.1490955352783203,3.150430679321289
56780,7.44226816,3.218397617340088,3.182260751724243,3.1853976249694824
56800,7.4448896,3.1678576469421387,3.1438353061676025,3.142058849334717
56820,7.44751104,3.231565475463867,3.1989822387695312,3.20072078704834
56840,7.45013248,3.1557774543762207,3.118337631225586,3.121378183364868
56860,7.45275392,3.1327567100524902,3.102403163909912,3.1041128635406494
56880,7.45537536,3.2390098571777344,3.2054221630096436,3.2067437171936035
56900,7.4579968,3.157052755355835,3.126237392425537,3.1246933937072754
56920,7.46061824,3.150160312652588,3.112131118774414,3.1119120121002197
56940,7.46323968,3.1549723148345947,3.1205852031707764,3.123673439025879
56960,7.46586112,3.114137649536133,3.0804686546325684,3.0806708335876465
56980,7.46848256,3.167947769165039,3.1333930492401123,3.1342172622680664
57000,7.471104,3.195683717727661,3.1611316204071045,3.163414478302002
57020,7.47372544,3.1397643089294434,3.1095426082611084,3.1063232421875
57040,7.47634688,3.0864739418029785,3.051530361175537,3.0559492111206055
57060,7.47896832,3.1687135696411133,3.129578113555908,3.1382880210876465
57080,7.48158976,3.1515140533447266,3.12015962600708,3.1215603351593018
57100,7.4842112,3.1999053955078125,3.166242837905884,3.1672544479370117
57120,7.48683264,3.226184844970703,3.185743808746338,3.188086986541748
57140,7.48945408,3.1976118087768555,3.1618781089782715,3.1653833389282227
57160,7.49207552,3.1618688106536865,3.126457691192627,3.1241354942321777
57180,7.49469696,3.2277185916900635,3.1948866844177246,3.2016448974609375
57200,7.4973184,3.1426782608032227,3.1084909439086914,3.1142706871032715
57220,7.49993984,3.1323866844177246,3.0981311798095703,3.0969603061676025
57240,7.50256128,3.2093265056610107,3.1755051612854004,3.1758675575256348
57260,7.50518272,3.1339964866638184,3.1001439094543457,3.099677324295044
57280,7.50780416,3.1881582736968994,3.1515848636627197,3.1512656211853027
57300,7.5104256,3.135796308517456,3.102949619293213,3.105756998062134
57320,7.51304704,3.189329147338867,3.1584017276763916,3.159910202026367
57340,7.51566848,3.182201862335205,3.154407024383545,3.152719736099243
57360,7.51828992,3.1683218479156494,3.137326240539551,3.134232997894287
57380,7.52091136,3.164616107940674,3.1319735050201416,3.1363894939422607
57400,7.5235328,3.256588935852051,3.2258682250976562,3.227583646774292
57420,7.52615424,3.1917057037353516,3.156390428543091,3.163074254989624
57440,7.52877568,3.24107027053833,3.203725814819336,3.207765817642212
57460,7.53139712,3.2520649433135986,3.212043285369873,3.2205467224121094
57480,7.53401856,3.2254276275634766,3.1922926902770996,3.1965551376342773
57500,7.53664,3.1090283393859863,3.071455955505371,3.0793535709381104
57520,7.53926144,3.208559989929199,3.173975944519043,3.1761474609375
57540,7.54188288,3.152468204498291,3.119997501373291,3.1162638664245605
57560,7.54450432,3.208397626876831,3.177302360534668,3.183342456817627
57580,7.54712576,3.1696617603302,3.139885425567627,3.1418204307556152
57600,7.5497472,3.1592183113098145,3.121168613433838,3.1277713775634766
57620,7.55236864,3.208963394165039,3.176905632019043,3.177269458770752
57640,7.55499008,3.1876587867736816,3.156766414642334,3.1591739654541016
57660,7.55761152,3.1399247646331787,3.106611728668213,3.107184886932373
57680,7.56023296,3.161538600921631,3.1280059814453125,3.1293880939483643
57700,7.5628544,3.1686811447143555,3.1338655948638916,3.1360127925872803
57720,7.56547584,3.1605911254882812,3.1261677742004395,3.1250855922698975
57740,7.56809728,3.2136459350585938,3.179370403289795,3.180354595184326
57760,7.57071872,3.1534719467163086,3.121206283569336,3.119107723236084
57780,7.57334016,3.1718831062316895,3.139172315597534,3.1384987831115723
57800,7.5759616,3.219032049179077,3.185883045196533,3.1881637573242188
57820,7.57858304,3.1637864112854004,3.126180648803711,3.126662492752075
57840,7.58120448,3.141723871231079,3.1035614013671875,3.106522798538208
57860,7.58382592,3.2503256797790527,3.218632221221924,3.2197623252868652
57880,7.58644736,3.095578670501709,3.067750930786133,3.066091775894165
57900,7.5890688,3.1199018955230713,3.0848448276519775,3.088610887527466
57920,7.59169024,3.1513919830322266,3.1153359413146973,3.117253303527832
57940,7.59431168,3.0757203102111816,3.0407485961914062,3.0417983531951904
57960,7.59693312,3.183051824569702,3.152268886566162,3.1535325050354004
57980,7.59955456,3.193601131439209,3.158641815185547,3.1604881286621094
58000,7.602176,3.1546387672424316,3.122459650039673,3.1245059967041016
58020,7.60479744,3.1755754947662354,3.135796070098877,3.1441292762756348
58040,7.60741888,3.2372889518737793,3.2063984870910645,3.2025465965270996
58060,7.61004032,3.219027519226074,3.186692237854004,3.186049461364746
58080,7.61266176,3.1905674934387207,3.155284881591797,3.154757022857666
58100,7.6152832,3.1233997344970703,3.0899252891540527,3.087985038757324
58120,7.61790464,3.1353726387023926,3.1014647483825684,3.103679656982422
58140,7.62052608,3.1790966987609863,3.1407172679901123,3.1429495811462402
58160,7.62314752,3.128145217895508,3.0987701416015625,3.0950162410736084
58180,7.62576896,3.187387228012085,3.1555709838867188,3.154895782470703
58200,7.6283904,3.1452155113220215,3.115264415740967,3.116201400756836
58220,7.63101184,3.1441314220428467,3.1148507595062256,3.112579822540283
58240,7.63363328,3.115662097930908,3.0789194107055664,3.07930850982666
58260,7.63625472,3.2275145053863525,3.194650173187256,3.193546772003174
58280,7.63887616,3.172761917114258,3.1397318840026855,3.141064405441284
58300,7.6414976,3.1515941619873047,3.117060661315918,3.1191983222961426
58320,7.64411904,3.163461923599243,3.1308341026306152,3.1315360069274902
58340,7.64674048,3.107693672180176,3.0798888206481934,3.0779051780700684
58360,7.64936192,3.2120556831359863,3.169717788696289,3.1738760471343994
58380,7.65198336,3.2178239822387695,3.185368537902832,3.1818227767944336
58400,7.6546048,3.147555351257324,3.1207377910614014,3.1159958839416504
58420,7.65722624,3.158346652984619,3.1200389862060547,3.1260154247283936
58440,7.65984768,3.1839239597320557,3.1561472415924072,3.1577401161193848
58460,7.66246912,3.134127616882324,3.0999369621276855,3.1005756855010986
58480,7.66509056,3.171999216079712,3.136913537979126,3.135899066925049
58500,7.667712,3.164276599884033,3.127448320388794,3.136366367340088
58520,7.67033344,3.2133092880249023,3.1802639961242676,3.182692050933838
58540,7.67295488,3.1370508670806885,3.100973129272461,3.103621482849121
58560,7.67557632,3.2147879600524902,3.180952310562134,3.1878905296325684
58580,7.67819776,3.219226598739624,3.185810089111328,3.1885790824890137
58600,7.6808192,3.1881937980651855,3.15574049949646,3.1612088680267334
58620,7.68344064,3.2046146392822266,3.1693003177642822,3.1685099601745605
58640,7.68606208,3.102125406265259,3.067533493041992,3.067978858947754
58660,7.68868352,3.2119569778442383,3.1770267486572266,3.179429531097412
58680,7.69130496,3.1883468627929688,3.153562545776367,3.159475564956665
58700,7.6939264,3.1623659133911133,3.1356358528137207,3.1377925872802734
58720,7.69654784,3.242852210998535,3.206453800201416,3.209214687347412
58740,7.69916928,3.2476611137390137,3.2098968029022217,3.215479850769043
58760,7.70179072,3.1507785320281982,3.1159889698028564,3.115053176879883
58780,7.70441216,3.206629991531372,3.175123453140259,3.176534652709961
58800,7.7070336,3.157014846801758,3.1262543201446533,3.126840591430664
58820,7.70965504,3.1778454780578613,3.147676467895508,3.1463940143585205
58840,7.71227648,3.17842173576355,3.145479202270508,3.1504156589508057
58860,7.71489792,3.155435085296631,3.1196391582489014,3.120267391204834
58880,7.71751936,3.184093475341797,3.1502318382263184,3.1482009887695312
58900,7.7201408,3.2024075984954834,3.167207956314087,3.1728334426879883
58920,7.72276224,3.0796966552734375,3.039095401763916,3.041642665863037
58940,7.72538368,3.1138412952423096,3.079814910888672,3.0780184268951416
58960,7.72800512,3.174057722091675,3.1438064575195312,3.1401453018188477
58980,7.73062656,3.1981451511383057,3.162951707839966,3.165252447128296
59000,7.733248,3.166341543197632,3.1364870071411133,3.1327133178710938
59020,7.73586944,3.1216392517089844,3.0908544063568115,3.088163375854492
59040,7.73849088,3.0857362747192383,3.0567822456359863,3.054997682571411
59060,7.74111232,3.200714349746704,3.1677002906799316,3.169149875640869
59080,7.74373376,3.2228407859802246,3.1864047050476074,3.188180446624756
59100,7.7463552,3.2349038124084473,3.199817180633545,3.2014596462249756
59120,7.74897664,3.1478214263916016,3.1138453483581543,3.1119439601898193
59140,7.75159808,3.1648166179656982,3.130300998687744,3.1330649852752686
59160,7.75421952,3.0985751152038574,3.065483808517456,3.067195177078247
59180,7.75684096,3.118014335632324,3.081244707107544,3.0835721492767334
59200,7.7594624,3.14278244972229,3.1061744689941406,3.1056995391845703
59220,7.76208384,3.0571346282958984,3.0275912284851074,3.025034189224243
59240,7.76470528,3.0824999809265137,3.0520753860473633,3.0491414070129395
59260,7.76732672,3.158982038497925,3.1257355213165283,3.125887393951416
59280,7.76994816,3.128568649291992,3.091918706893921,3.095702648162842
59300,7.7725696,3.139505386352539,3.109589099884033,3.109247922897339
59320,7.77519104,3.192434310913086,3.1613144874572754,3.163682460784912
59340,7.77781248,3.1921284198760986,3.1597697734832764,3.1590986251831055
59360,7.78043392,3.1234946250915527,3.0855932235717773,3.0837419033050537
59380,7.78305536,3.12939190864563,3.0860917568206787,3.0870604515075684
59400,7.7856768,3.1400914192199707,3.101191997528076,3.1049623489379883
59420,7.78829824,3.2100183963775635,3.1753392219543457,3.1774559020996094
59440,7.79091968,3.1910207271575928,3.158644199371338,3.1593830585479736
59460,7.79354112,3.1998937129974365,3.1630401611328125,3.1637966632843018
59480,7.79616256,3.2432823181152344,3.2076303958892822,3.208432674407959
59500,7.798784,3.205413341522217,3.173780918121338,3.169506072998047
59520,7.80140544,3.187706708908081,3.149371385574341,3.1539342403411865
59540,7.80402688,3.2143380641937256,3.1846814155578613,3.1864123344421387
59560,7.80664832,3.150618076324463,3.1178340911865234,3.116848945617676
59580,7.80926976,3.182107925415039,3.1472115516662598,3.149527072906494
59600,7.8118912,3.181321144104004,3.147329807281494,3.150834321975708
59620,7.81451264,3.188899278640747,3.1558406352996826,3.1557583808898926
59640,7.81713408,3.2440719604492188,3.2118210792541504,3.2099428176879883
59660,7.81975552,3.173492908477783,3.135645866394043,3.1360385417938232
59680,7.82237696,3.2030582427978516,3.1668291091918945,3.1684188842773438
59700,7.8249984,3.218388795852661,3.182487726211548,3.1818127632141113
59720,7.82761984,3.1262309551239014,3.0886974334716797,3.0908279418945312
59740,7.83024128,3.2496750354766846,3.212974786758423,3.215583562850952
59760,7.83286272,3.1645853519439697,3.1308608055114746,3.131763219833374
59780,7.83548416,3.163625478744507,3.130007266998291,3.128551483154297
59800,7.8381056,3.1783571243286133,3.1433322429656982,3.143014907836914
59820,7.84072704,3.2040977478027344,3.170565128326416,3.1674861907958984
59840,7.84334848,3.121298313140869,3.085155963897705,3.0888831615448
59860,7.84596992,3.1340880393981934,3.1032450199127197,3.1073520183563232
59880,7.84859136,3.128692626953125,3.0985922813415527,3.096219778060913
59900,7.8512128,3.171049118041992,3.138434410095215,3.142371416091919
59920,7.85383424,3.207822561264038,3.1769955158233643,3.179191827774048
59940,7.85645568,3.1234450340270996,3.0906596183776855,3.0908260345458984
59960,7.85907712,3.1099419593811035,3.0768284797668457,3.0794930458068848
59980,7.86169856,3.083714485168457,3.049217700958252,3.0503134727478027
60000,7.86432,3.1954739093780518,3.1575493812561035,3.1656653881073
60020,7.86694144,3.174612522125244,3.1416211128234863,3.1429543495178223
60040,7.86956288,3.1858487129211426,3.1465182304382324,3.1468937397003174
60060,7.87218432,3.0973379611968994,3.062166452407837,3.0628771781921387
60080,7.87480576,3.2101857662200928,3.174247980117798,3.1751015186309814
60100,7.8774272,3.1351232528686523,3.0980958938598633,3.102734088897705
60120,7.88004864,3.1766531467437744,3.1448349952697754,3.143886089324951
60140,7.88267008,3.1567468643188477,3.11897349357605,3.1178290843963623
60160,7.88529152,3.203817844390869,3.1706957817077637,3.175889015197754
60180,7.88791296,3.1985039710998535,3.165085554122925,3.164369583129883
60200,7.8905344,3.1930370330810547,3.1642489433288574,3.162623643875122
60220,7.89315584,3.1320903301239014,3.093392848968506,3.0952799320220947
60240,7.89577728,3.1569697856903076,3.1258139610290527,3.1230084896087646
60260,7.89839872,3.139230728149414,3.0988752841949463,3.1010098457336426
60280,7.90102016,3.187948226928711,3.1523284912109375,3.151837110519409
60300,7.9036416,3.199540615081787,3.1675286293029785,3.1686086654663086
60320,7.90626304,3.080676794052124,3.046032428741455,3.0477914810180664
60340,7.90888448,3.2208383083343506,3.1883544921875,3.18845796585083
60360,7.91150592,3.104954481124878,3.0730233192443848,3.0704452991485596
60380,7.91412736,3.2658627033233643,3.22837233543396,3.2270760536193848
60400,7.9167488,3.1497273445129395,3.116179943084717,3.1165361404418945
60420,7.91937024,3.144131660461426,3.10591983795166,3.1111068725585938
60440,7.92199168,3.1290669441223145,3.0926971435546875,3.0968542098999023
60460,7.92461312,3.2043235301971436,3.1680660247802734,3.168673038482666
60480,7.92723456,3.2009317874908447,3.1673784255981445,3.16784405708313
60500,7.929856,3.1678521633148193,3.1388964653015137,3.137875556945801
60520,7.93247744,3.177959680557251,3.145298480987549,3.1470963954925537
60540,7.93509888,3.204049587249756,3.166250467300415,3.165658473968506
60560,7.93772032,3.149082899093628,3.1146979331970215,3.1151416301727295
60580,7.94034176,3.099356174468994,3.0645604133605957,3.0648903846740723
60600,7.9429632,3.127974033355713,3.0947186946868896,3.093461275100708
60620,7.94558464,3.1890058517456055,3.1556687355041504,3.1572751998901367
60640,7.94820608,3.138756036758423,3.105195999145508,3.1044890880584717
60660,7.95082752,3.1186280250549316,3.0838212966918945,3.0823216438293457
60680,7.95344896,3.1831932067871094,3.1473851203918457,3.1438345909118652
60700,7.9560704,3.1848814487457275,3.151416778564453,3.1521763801574707
60720,7.95869184,3.191603183746338,3.1554906368255615,3.160148859024048
60740,7.96131328,3.197932720184326,3.1666994094848633,3.1666741371154785
60760,7.96393472,3.133141040802002,3.0976850986480713,3.0939574241638184
60780,7.96655616,3.12642765045166,3.0930209159851074,3.0934488773345947
60800,7.9691776,3.1213722229003906,3.0877184867858887,3.084388494491577
60820,7.97179904,3.132765531539917,3.0968503952026367,3.0950024127960205
60840,7.97442048,3.1121885776519775,3.0788514614105225,3.0799999237060547
60860,7.97704192,3.1755623817443848,3.1461527347564697,3.1415674686431885
60880,7.97966336,3.1869993209838867,3.146834373474121,3.15118408203125
60900,7.9822848,3.1692657470703125,3.139578104019165,3.136803150177002
60920,7.98490624,3.1883645057678223,3.1521949768066406,3.1533780097961426
60940,7.98752768,3.1679110527038574,3.1343929767608643,3.136777400970459
60960,7.99014912,3.101534843444824,3.065307140350342,3.0688774585723877
60980,7.99277056,3.126096248626709,3.08947491645813,3.090986490249634
61000,7.995392,3.186946153640747,3.153970718383789,3.154167652130127
61020,7.99801344,3.1344516277313232,3.1001033782958984,3.097957134246826
61040,8.00063488,3.168142557144165,3.1328320503234863,3.1377315521240234
61060,8.00325632,3.1613621711730957,3.1299400329589844,3.131291627883911
61080,8.00587776,3.129138469696045,3.0909502506256104,3.0909714698791504
61100,8.0084992,3.133496046066284,3.0981380939483643,3.098809003829956
61120,8.01112064,3.1684956550598145,3.128594160079956,3.1311755180358887
61140,8.01374208,3.136218547821045,3.100440740585327,3.1020586490631104
61160,8.01636352,3.166423797607422,3.1344666481018066,3.1302080154418945
61180,8.01898496,3.2187938690185547,3.1815567016601562,3.184603214263916
61200,8.0216064,3.172614574432373,3.135744571685791,3.1377508640289307
61220,8.02422784,3.188386917114258,3.1512444019317627,3.155569553375244
61240,8.02684928,3.2005159854888916,3.163450241088867,3.1671864986419678
61260,8.02947072,3.1569833755493164,3.1269004344940186,3.124831199645996
61280,8.03209216,3.1023671627044678,3.0701005458831787,3.072486639022827
61300,8.0347136,3.2870163917541504,3.250537157058716,3.2539141178131104
61320,8.03733504,3.0923917293548584,3.0599255561828613,3.0628936290740967
61340,8.03995648,3.166921854019165,3.13354229927063,3.132997989654541
61360,8.04257792,3.103400230407715,3.0711770057678223,3.064094305038452
61380,8.04519936,3.2190794944763184,3.1895227432250977,3.1846847534179688
61400,8.0478208,3.135575294494629,3.0974833965301514,3.0959739685058594
61420,8.05044224,3.175839424133301,3.134986162185669,3.137688159942627
61440,8.05306368,3.2106401920318604,3.1715714931488037,3.172919750213623
61460,8.05568512,3.1164917945861816,3.080258846282959,3.0804085731506348
61480,8.05830656,3.191318988800049,3.1536288261413574,3.1549088954925537
61500,8.060928,3.235687732696533,3.2015671730041504,3.2039003372192383
61520,8.06354944,3.1042652130126953,3.072730302810669,3.0672285556793213
61540,8.06617088,3.1706748008728027,3.1367037296295166,3.1411960124969482
61560,8.06879232,3.13533353805542,3.102679491043091,3.1024765968322754
61580,8.07141376,3.168093204498291,3.129805088043213,3.1266562938690186
61600,8.0740352,3.1598892211914062,3.1215338706970215,3.122185230255127
61620,8.07665664,3.270749807357788,3.2378318309783936,3.2374515533447266
61640,8.07927808,3.1686177253723145,3.1288819313049316,3.133765459060669
61660,8.08189952,3.186438798904419,3.1544559001922607,3.1538245677948
61680,8.08452096,3.1527347564697266,3.123162269592285,3.125539779663086
61700,8.0871424,3.175420045852661,3.1392433643341064,3.1377599239349365
61720,8.08976384,3.1593141555786133,3.128458023071289,3.1284375190734863
61740,8.09238528,3.1254255771636963,3.0893478393554688,3.087700366973877
61760,8.09500672,3.1143550872802734,3.076260805130005,3.0788397789001465
61780,8.09762816,3.2274527549743652,3.199402093887329,3.2020668983459473
61800,8.1002496,3.1397042274475098,3.108419895172119,3.1048755645751953
61820,8.10287104,3.169271469116211,3.128180742263794,3.130096912384033
61840,8.10549248,3.1543729305267334,3.1182303428649902,3.1162972450256348
61860,8.10811392,3.141559600830078,3.1018636226654053,3.1049277782440186
61880,8.11073536,3.167451858520508,3.133571147918701,3.132443428039551
61900,8.1133568,3.180413007736206,3.1423821449279785,3.1426267623901367
61920,8.11597824,3.2420740127563477,3.2121565341949463,3.2107319831848145
61940,8.11859968,3.1381378173828125,3.1009557247161865,3.102384328842163
61960,8.12122112,3.1832234859466553,3.1513004302978516,3.1514124870300293
61980,8.12384256,3.094543933868408,3.057252883911133,3.059783458709717
62000,8.126464,3.173353433609009,3.135373592376709,3.13452410697937
62020,8.12908544,3.124558925628662,3.09171724319458,3.0917887687683105
62040,8.13170688,3.172879695892334,3.130218982696533,3.13468861579895
62060,8.13432832,3.1991748809814453,3.164332389831543,3.1650729179382324
62080,8.13694976,3.1563968658447266,3.1202893257141113,3.1193556785583496
62100,8.1395712,3.1546499729156494,3.1222739219665527,3.122471809387207
62120,8.14219264,3.1065926551818848,3.0687789916992188,3.0671145915985107
62140,8.14481408,3.165955066680908,3.128791570663452,3.1282451152801514
62160,8.14743552,3.0717966556549072,3.0391759872436523,3.038153648376465
62180,8.15005696,3.1701693534851074,3.1354355812072754,3.135017156600952
62200,8.1526784,3.2392971515655518,3.201728343963623,3.20678448677063
62220,8.15529984,3.110285997390747,3.077500820159912,3.0765304565429688
62240,8.15792128,3.1897525787353516,3.15167236328125,3.148407459259033
62260,8.16054272,3.126887321472168,3.0922775268554688,3.0936145782470703
62280,8.16316416,3.1506295204162598,3.1112091541290283,3.112149715423584
62300,8.1657856,3.2044692039489746,3.1699166297912598,3.1710963249206543
62320,8.16840704,3.1962857246398926,3.1596896648406982,3.163358449935913
62340,8.17102848,3.119328022003174,3.087381362915039,3.085160732269287
62360,8.17364992,3.158726453781128,3.121340751647949,3.1232564449310303
62380,8.17627136,3.140889883041382,3.1041224002838135,3.100619316101074
62400,8.1788928,3.1362898349761963,3.105830192565918,3.1053669452667236
62420,8.18151424,3.1694588661193848,3.138033390045166,3.1373486518859863
62440,8.18413568,3.114290475845337,3.0804858207702637,3.079014539718628
62460,8.18675712,3.118004322052002,3.08538556098938,3.083812713623047
62480,8.18937856,3.156792163848877,3.1175832748413086,3.122093915939331
62500,8.192,3.243086576461792,3.2114577293395996,3.2052392959594727
62520,8.19462144,3.205864906311035,3.1732676029205322,3.1723532676696777
62540,8.19724288,3.2223026752471924,3.1878185272216797,3.1870856285095215
62560,8.19986432,3.1916627883911133,3.1604466438293457,3.154606819152832
62580,8.20248576,3.1217520236968994,3.085965633392334,3.0872180461883545
62600,8.2051072,3.133876323699951,3.1006648540496826,3.106027603149414
62620,8.20772864,3.149892568588257,3.1149682998657227,3.109673500061035
62640,8.21035008,3.1955621242523193,3.1602911949157715,3.160038471221924
62660,8.21297152,3.2780115604400635,3.2398109436035156,3.23909854888916
62680,8.21559296,3.134195566177368,3.0975165367126465,3.0944643020629883
62700,8.2182144,3.175872325897217,3.1458475589752197,3.145601511001587
62720,8.22083584,3.1112940311431885,3.0689704418182373,3.0661230087280273
62740,8.22345728,3.138308048248291,3.10292649269104,3.101020336151123
62760,8.22607872,3.1738710403442383,3.1404500007629395,3.1399354934692383
62780,8.22870016,3.18190860748291,3.1421775817871094,3.1439108848571777
62800,8.2313216,3.1964402198791504,3.1603174209594727,3.161872386932373
62820,8.23394304,3.1348276138305664,3.098090648651123,3.1005005836486816
62840,8.23656448,3.1979963779449463,3.1565518379211426,3.1616454124450684
62860,8.23918592,3.182676315307617,3.147972345352173,3.1489737033843994
62880,8.24180736,3.1831932067871094,3.1423499584198,3.139770269393921
62900,8.2444288,3.206645965576172,3.170233726501465,3.1685376167297363
62920,8.24705024,3.146268129348755,3.1073827743530273,3.1122219562530518
62940,8.24967168,3.1690101623535156,3.135690927505493,3.1349666118621826
62960,8.25229312,3.1148488521575928,3.0798497200012207,3.0819931030273438
62980,8.25491456,3.128322124481201,3.089921474456787,3.089982509613037
63000,8.257536,3.1300606727600098,3.0973525047302246,3.0945048332214355
63020,8.26015744,3.2078208923339844,3.1688973903656006,3.1730844974517822
63040,8.26277888,3.1496810913085938,3.118893623352051,3.1186912059783936
63060,8.26540032,3.228201389312744,3.1890878677368164,3.1897850036621094
63080,8.26802176,3.1610629558563232,3.1295487880706787,3.1298532485961914
63100,8.2706432,3.2407572269439697,3.203988552093506,3.2052834033966064
63120,8.27326464,3.150200366973877,3.1122689247131348,3.112720489501953
63140,8.27588608,3.17478609085083,3.1376419067382812,3.1370091438293457
63160,8.27850752,3.1598060131073,3.131352663040161,3.128603219985962
63180,8.28112896,3.2050557136535645,3.167541265487671,3.1684226989746094
63200,8.2837504,3.140227794647217,3.1047260761260986,3.1041793823242188
63220,8.28637184,3.230886697769165,3.2004945278167725,3.1983931064605713
63240,8.28899328,3.177159547805786,3.14436674118042,3.1441900730133057
63260,8.29161472,3.181630849838257,3.146723508834839,3.1432909965515137
63280,8.29423616,3.1163816452026367,3.0826470851898193,3.0790295600891113
63300,8.2968576,3.1403040885925293,3.1047468185424805,3.1062779426574707
63320,8.29947904,3.213810443878174,3.1768605709075928,3.173880100250244
63340,8.30210048,3.202836036682129,3.170506715774536,3.1733157634735107
63360,8.30472192,3.1395339965820312,3.106276750564575,3.107203722000122
63380,8.30734336,3.1339969635009766,3.0998458862304688,3.0978007316589355
63400,8.3099648,3.188159465789795,3.155674695968628,3.1545066833496094
63420,8.31258624,3.16664719581604,3.1332969665527344,3.130941390991211
63440,8.31520768,3.1582350730895996,3.1295852661132812,3.125609874725342
63460,8.31782912,3.148369312286377,3.117305040359497,3.121232032775879
63480,8.32045056,3.107065200805664,3.069882392883301,3.0712485313415527
63500,8.323072,3.161543607711792,3.126892566680908,3.1213951110839844
63520,8.32569344,3.135535955429077,3.104252576828003,3.101022720336914
63540,8.32831488,3.1869380474090576,3.147127151489258,3.1470470428466797
63560,8.33093632,3.1727800369262695,3.139241933822632,3.1407816410064697
63580,8.33355776,3.1133780479431152,3.0775792598724365,3.0756173133850098
63600,8.3361792,3.1724023818969727,3.135695219039917,3.1337876319885254
63620,8.33880064,3.135066509246826,3.102104663848877,3.095813512802124
63640,8.34142208,3.186826467514038,3.151675224304199,3.1531991958618164
63660,8.34404352,3.1603381633758545,3.1279048919677734,3.125337839126587
63680,8.34666496,3.1294760704040527,3.0919971466064453,3.092555522918701
63700,8.3492864,3.103722095489502,3.067807674407959,3.0655057430267334
63720,8.35190784,3.127216100692749,3.0921032428741455,3.0920162200927734
63740,8.35452928,3.1097888946533203,3.0788702964782715,3.0750932693481445
63760,8.35715072,3.211045742034912,3.1718051433563232,3.1736602783203125
63780,8.35977216,3.1158993244171143,3.0789380073547363,3.07848858833313
63800,8.3623936,3.1175589561462402,3.080444097518921,3.0768728256225586
63820,8.36501504,3.1044304370880127,3.063929557800293,3.069143295288086
63840,8.36763648,3.18283748626709,3.1497976779937744,3.1476519107818604
63860,8.37025792,3.150376319885254,3.1157093048095703,3.121108293533325
63880,8.37287936,3.210361957550049,3.1755824089050293,3.177170753479004
63900,8.3755008,3.1223182678222656,3.0876352787017822,3.0895023345947266
63920,8.37812224,3.2172884941101074,3.186541795730591,3.1858930587768555
63940,8.38074368,3.1649882793426514,3.130863666534424,3.1292338371276855
63960,8.38336512,3.1029906272888184,3.0611469745635986,3.0582149028778076
63980,8.38598656,3.1439871788024902,3.108797788619995,3.104024648666382
64000,8.388608,3.1390137672424316,3.098268985748291,3.1017658710479736
64020,8.39122944,3.1846914291381836,3.1507163047790527,3.1514036655426025
64040,8.39385088,3.143608331680298,3.109862804412842,3.110853910446167
64060,8.39647232,3.199239492416382,3.1648077964782715,3.164980411529541
64080,8.39909376,3.110443592071533,3.0716395378112793,3.073730230331421
64100,8.4017152,3.158808469772339,3.1216533184051514,3.119682788848877
64120,8.40433664,3.1416571140289307,3.1066579818725586,3.101524591445923
64140,8.40695808,3.3001608848571777,3.2667622566223145,3.2680864334106445
64160,8.40957952,3.11057710647583,3.070338249206543,3.070791006088257
64180,8.41220096,3.1633901596069336,3.1264209747314453,3.1254477500915527
64200,8.4148224,3.1392385959625244,3.106102228164673,3.1065173149108887
64220,8.41744384,3.1588549613952637,3.1221485137939453,3.1257553100585938
64240,8.42006528,3.190884590148926,3.155460834503174,3.155485153198242
64260,8.42268672,3.130341053009033,3.089989185333252,3.0912225246429443
64280,8.42530816,3.1694047451019287,3.1373491287231445,3.135540246963501
64300,8.4279296,3.1514241695404053,3.1179277896881104,3.11440372467041
64320,8.43055104,3.2572433948516846,3.222479820251465,3.2201151847839355
64340,8.43317248,3.1711487770080566,3.134732723236084,3.1384007930755615
64360,8.43579392,3.1762192249298096,3.139472007751465,3.1406781673431396
64380,8.43841536,3.1393535137176514,3.106008768081665,3.1078708171844482
64400,8.4410368,3.131072998046875,3.1013946533203125,3.0944042205810547
64420,8.44365824,3.0788207054138184,3.0411815643310547,3.0406200885772705
64440,8.44627968,3.1486783027648926,3.115921974182129,3.1134469509124756
64460,8.44890112,3.170158624649048,3.1311845779418945,3.1333870887756348
64480,8.45152256,3.2080352306365967,3.1757922172546387,3.171563148498535
64500,8.454144,3.1725430488586426,3.139767646789551,3.142197370529175
64520,8.45676544,3.1850829124450684,3.15106201171875,3.153573989868164
64540,8.45938688,3.189635753631592,3.153078079223633,3.154747486114502
64560,8.46200832,3.183316707611084,3.1540794372558594,3.1531543731689453
64580,8.46462976,3.1513009071350098,3.1102805137634277,3.110924243927002
64600,8.4672512,3.1365714073181152,3.1019575595855713,3.0994455814361572
64620,8.46987264,3.208038330078125,3.1711788177490234,3.1699206829071045
64640,8.47249408,3.197608709335327,3.1586337089538574,3.159809112548828
64660,8.47511552,3.076467990875244,3.038846254348755,3.0376858711242676
64680,8.47773696,3.1691746711730957,3.1384994983673096,3.140409469604492
64700,8.4803584,3.163133144378662,3.1250691413879395,3.127929925918579
64720,8.48297984,3.18900203704834,3.154878616333008,3.1540579795837402
64740,8.48560128,3.1658337116241455,3.132357597351074,3.134268283843994
64760,8.48822272,3.152484893798828,3.1223185062408447,3.1133408546447754
64780,8.49084416,3.1655259132385254,3.1319944858551025,3.132704973220825
64800,8.4934656,3.167041778564453,3.1386160850524902,3.1342220306396484
64820,8.49608704,3.188710927963257,3.154113292694092,3.149271249771118
64840,8.49870848,3.209658622741699,3.182016372680664,3.176814556121826
64860,8.50132992,3.211771011352539,3.1791343688964844,3.1818807125091553
64880,8.50395136,3.105970621109009,3.074409008026123,3.0708179473876953
64900,8.5065728,3.118311882019043,3.076723575592041,3.074995279312134
64920,8.50919424,3.140665054321289,3.1025280952453613,3.103341817855835
64940,8.51181568,3.228210687637329,3.192991256713867,3.1949918270111084
64960,8.51443712,3.1722869873046875,3.137406826019287,3.1368966102600098
64980,8.51705856,3.1382222175598145,3.110567092895508,3.1042685508728027
65000,8.51968,3.142228603363037,3.107023239135742,3.1039071083068848
65020,8.52230144,3.1477580070495605,3.1152944564819336,3.1163578033447266
65040,8.52492288,3.177522659301758,3.142056465148926,3.1370530128479004
65060,8.52754432,3.1717796325683594,3.1396594047546387,3.1351242065429688
65080,8.53016576,3.196065902709961,3.157721996307373,3.1577281951904297
65100,8.5327872,3.138897180557251,3.1040749549865723,3.1016368865966797
65120,8.53540864,3.1680240631103516,3.1314263343811035,3.13454532623291
65140,8.53803008,3.1649765968322754,3.1327195167541504,3.129080295562744
65160,8.54065152,3.150003671646118,3.119053840637207,3.1203179359436035
65180,8.54327296,3.058452606201172,3.024240493774414,3.022946834564209
65200,8.5458944,3.1960082054138184,3.1620776653289795,3.1632754802703857
65220,8.54851584,3.1536436080932617,3.121591091156006,3.1199450492858887
65240,8.55113728,3.193366765975952,3.155714750289917,3.1535651683807373
65260,8.55375872,3.112659215927124,3.0832016468048096,3.0779411792755127
65280,8.55638016,3.120380401611328,3.0887434482574463,3.0862393379211426
65300,8.5590016,3.1861016750335693,3.149756669998169,3.147510051727295
65320,8.56162304,3.139517307281494,3.0973732471466064,3.0987484455108643
65340,8.56424448,3.1941168308258057,3.1551241874694824,3.154738187789917
65360,8.56686592,3.09487247467041,3.0562825202941895,3.058901071548462
65380,8.56948736,3.199154853820801,3.163377523422241,3.165144681930542
65400,8.5721088,3.1033775806427,3.0662899017333984,3.064765214920044
65420,8.57473024,3.140535354614258,3.1005897521972656,3.1035547256469727
65440,8.57735168,3.1265625953674316,3.089517116546631,3.0866708755493164
65460,8.57997312,3.115011215209961,3.0800600051879883,3.0813732147216797
65480,8.58259456,3.1752583980560303,3.137723684310913,3.1323814392089844
65500,8.585216,3.0829763412475586,3.0428342819213867,3.043769598007202
65520,8.58783744,3.212637186050415,3.1773858070373535,3.175586462020874
65540,8.59045888,3.1820738315582275,3.1445958614349365,3.1445517539978027
65560,8.59308032,3.1278202533721924,3.0923476219177246,3.0898334980010986
65580,8.59570176,3.186016082763672,3.1558690071105957,3.1531624794006348
65600,8.5983232,3.0732007026672363,3.0337460041046143,3.0388541221618652
65620,8.60094464,3.1986117362976074,3.1658248901367188,3.164743185043335
65640,8.60356608,3.109058380126953,3.068240165710449,3.0646731853485107
65660,8.60618752,3.1560416221618652,3.118439197540283,3.1194612979888916
65680,8.60880896,3.1710052490234375,3.131882905960083,3.129711627960205
65700,8.6114304,3.1552391052246094,3.1218838691711426,3.1244099140167236
65720,8.61405184,3.1999306678771973,3.1596689224243164,3.15946364402771
65740,8.61667328,3.1362929344177246,3.0977425575256348,3.101142644882202
65760,8.61929472,3.250584363937378,3.2116236686706543,3.2114109992980957
65780,8.62191616,3.20310115814209,3.164686441421509,3.169919967651367
65800,8.6245376,3.17490816116333,3.137099027633667,3.1378884315490723
65820,8.62715904,3.18074369430542,3.144008159637451,3.1426467895507812
65840,8.62978048,3.158623695373535,3.125197410583496,3.1213011741638184
65860,8.63240192,3.1982686519622803,3.164344549179077,3.1677613258361816
65880,8.63502336,3.1909732818603516,3.1526079177856445,3.156853437423706
65900,8.6376448,3.1420037746429443,3.105607509613037,3.1025772094726562
65920,8.64026624,3.2217330932617188,3.1855080127716064,3.1827478408813477
65940,8.64288768,3.1748414039611816,3.137467861175537,3.136704206466675
65960,8.64550912,3.1447064876556396,3.1125130653381348,3.1079118251800537
65980,8.64813056,3.1690030097961426,3.1317667961120605,3.1333742141723633
66000,8.650752,3.2240843772888184,3.1887025833129883,3.1860978603363037
66020,8.65337344,3.2239670753479004,3.1891846656799316,3.186659097671509
66040,8.65599488,3.1637473106384277,3.1327552795410156,3.1337027549743652
66060,8.65861632,3.1105198860168457,3.0750317573547363,3.075223207473755
66080,8.66123776,3.0901074409484863,3.0519585609436035,3.054349184036255
66100,8.6638592,3.134866952896118,3.09971284866333,3.097834587097168
66120,8.66648064,3.148186445236206,3.113119602203369,3.1104183197021484
66140,8.66910208,3.2259325981140137,3.1881308555603027,3.1842284202575684
66160,8.67172352,3.1785669326782227,3.1401278972625732,3.1415040493011475
66180,8.67434496,3.179933547973633,3.145199775695801,3.1398391723632812
66200,8.6769664,3.1805949211120605,3.1444106101989746,3.145176649093628
66220,8.67958784,3.1248278617858887,3.0895183086395264,3.087599754333496
66240,8.68220928,3.2050960063934326,3.1668007373809814,3.1648783683776855
66260,8.68483072,3.1585466861724854,3.1212587356567383,3.1252875328063965
66280,8.68745216,3.163909912109375,3.128481388092041,3.1290760040283203
66300,8.6900736,3.2009246349334717,3.167839527130127,3.165670394897461
66320,8.69269504,3.1374220848083496,3.1043665409088135,3.1029903888702393
66340,8.69531648,3.185149669647217,3.150726556777954,3.148352861404419
66360,8.69793792,3.1284568309783936,3.092869758605957,3.0901100635528564
66380,8.70055936,3.1955020427703857,3.1649413108825684,3.163579225540161
66400,8.7031808,3.1937928199768066,3.1567811965942383,3.155931234359741
66420,8.70580224,3.1138339042663574,3.0864524841308594,3.0807933807373047
66440,8.70842368,3.1696555614471436,3.130044937133789,3.128255844116211
66460,8.71104512,3.1479313373565674,3.109100580215454,3.112724781036377
66480,8.71366656,3.1531403064727783,3.11600661277771,3.119608163833618
66500,8.716288,3.115903377532959,3.0876083374023438,3.083355665206909
66520,8.71890944,3.1806132793426514,3.1444430351257324,3.1469995975494385
66540,8.72153088,3.1916396617889404,3.1599459648132324,3.1595075130462646
66560,8.72415232,3.216423511505127,3.1809613704681396,3.179475784301758
66580,8.72677376,3.1288371086120605,3.0905141830444336,3.085479497909546
66600,8.7293952,3.1833534240722656,3.1495308876037598,3.1510074138641357
66620,8.73201664,3.19962739944458,3.1679248809814453,3.1661949157714844
66640,8.73463808,3.1738767623901367,3.140011787414551,3.141860008239746
66660,8.73725952,3.1437501907348633,3.108583450317383,3.1048038005828857
66680,8.73988096,3.18361234664917,3.148589611053467,3.1423850059509277
66700,8.7425024,3.0968194007873535,3.0634379386901855,3.06099534034729
66720,8.74512384,3.1504406929016113,3.119630813598633,3.112802505493164
66740,8.74774528,3.1394190788269043,3.1004366874694824,3.0967752933502197
66760,8.75036672,3.1655800342559814,3.132441282272339,3.1299479007720947
66780,8.75298816,3.1228933334350586,3.0885238647460938,3.080998182296753
66800,8.7556096,3.1799659729003906,3.1470389366149902,3.1491124629974365
66820,8.75823104,3.185725688934326,3.1512203216552734,3.1493191719055176
66840,8.76085248,3.2483019828796387,3.2146077156066895,3.213608503341675
66860,8.76347392,3.1975324153900146,3.165472984313965,3.166325807571411
66880,8.76609536,3.1472725868225098,3.112109422683716,3.1099510192871094
66900,8.7687168,3.150452136993408,3.1205267906188965,3.1172738075256348
66920,8.77133824,3.1965036392211914,3.1588244438171387,3.1595051288604736
66940,8.77395968,3.223421573638916,3.190739154815674,3.1897990703582764
66960,8.77658112,3.1167306900024414,3.0840871334075928,3.082594633102417
66980,8.77920256,3.121272563934326,3.0907883644104004,3.088287591934204
67000,8.781824,3.0956382751464844,3.0564587116241455,3.057147741317749
67020,8.78444544,3.1604299545288086,3.127124547958374,3.1295816898345947
67040,8.78706688,3.207016944885254,3.170503616333008,3.172600030899048
67060,8.78968832,3.1747303009033203,3.14125394821167,3.137646436691284
67080,8.79230976,3.130560874938965,3.0954933166503906,3.0955865383148193
67100,8.7949312,3.1445791721343994,3.107994556427002,3.1061391830444336
67120,8.79755264,3.1495847702026367,3.1174237728118896,3.117220163345337
67140,8.80017408,3.14723539352417,3.1083483695983887,3.1054844856262207
67160,8.80279552,3.152061939239502,3.1130447387695312,3.111401081085205
67180,8.80541696,3.16701078414917,3.1301286220550537,3.128511428833008
67200,8.8080384,3.1164932250976562,3.0846316814422607,3.0827014446258545
67220,8.81065984,3.054076671600342,3.0237112045288086,3.019724130630493
67240,8.81328128,3.1494369506835938,3.1133170127868652,3.107849359512329
67260,8.81590272,3.2288973331451416,3.191720485687256,3.183323383331299
67280,8.81852416,3.065021276473999,3.0283260345458984,3.02030873298645
67300,8.8211456,3.1532557010650635,3.1127631664276123,3.1099843978881836
67320,8.82376704,3.1461782455444336,3.112659454345703,3.1152122020721436
67340,8.82638848,3.132728338241577,3.102731227874756,3.096924066543579
67360,8.82900992,3.258683204650879,3.2245469093322754,3.225611925125122
67380,8.83163136,3.227942943572998,3.1930017471313477,3.188206195831299
67400,8.8342528,3.1800928115844727,3.147831916809082,3.1484017372131348
67420,8.83687424,3.141002893447876,3.109973192214966,3.1028785705566406
67440,8.83949568,3.1580910682678223,3.119953155517578,3.1232054233551025
67460,8.84211712,3.110008716583252,3.0755558013916016,3.071857213973999
67480,8.84473856,3.1791629791259766,3.1431615352630615,3.143052816390991
67500,8.84736,3.151055335998535,3.111844778060913,3.1174628734588623
67520,8.84998144,3.089930534362793,3.052213191986084,3.0559895038604736
67540,8.85260288,3.107050895690918,3.072498321533203,3.0701377391815186
67560,8.85522432,3.170541524887085,3.136711835861206,3.1318373680114746
67580,8.85784576,3.1117794513702393,3.076566696166992,3.072920799255371
67600,8.8604672,3.1119813919067383,3.0795249938964844,3.080958843231201
67620,8.86308864,3.1229476928710938,3.088223934173584,3.0860939025878906
67640,8.86571008,3.179994583129883,3.146350860595703,3.144545555114746
67660,8.86833152,3.2504892349243164,3.2128000259399414,3.2139689922332764
67680,8.87095296,3.0682263374328613,3.0345799922943115,3.029315710067749
67700,8.8735744,3.1828763484954834,3.1469364166259766,3.1434085369110107
67720,8.87619584,3.2024784088134766,3.163773536682129,3.1631720066070557
67740,8.87881728,3.1883790493011475,3.149662733078003,3.149503231048584
67760,8.88143872,3.1857268810272217,3.1447415351867676,3.1493539810180664
67780,8.88406016,3.164247989654541,3.126835823059082,3.1247048377990723
67800,8.8866816,3.133335828781128,3.098956346511841,3.097372055053711
67820,8.88930304,3.114685535430908,3.080571413040161,3.0744595527648926
67840,8.89192448,3.147481918334961,3.1128766536712646,3.1116087436676025
67860,8.89454592,3.2049665451049805,3.167696237564087,3.1637139320373535
67880,8.89716736,3.177654504776001,3.144679069519043,3.144005060195923
67900,8.8997888,3.1250038146972656,3.0884652137756348,3.0852749347686768
67920,8.90241024,3.1393442153930664,3.110222578048706,3.1046600341796875
67940,8.90503168,3.184488534927368,3.156029224395752,3.1503429412841797
67960,8.90765312,3.1189393997192383,3.0799174308776855,3.082777976989746
67980,8.91027456,3.248196840286255,3.2118024826049805,3.209185838699341
68000,8.912896,3.166228771209717,3.1331262588500977,3.1321659088134766
68020,8.91551744,3.168863296508789,3.1345443725585938,3.134377956390381
68040,8.91813888,3.1919407844543457,3.1554923057556152,3.1560657024383545
68060,8.92076032,3.1000304222106934,3.060718059539795,3.060408592224121
68080,8.92338176,3.18137526512146,3.148686408996582,3.145664930343628
68100,8.9260032,3.2178866863250732,3.183600902557373,3.1799156665802
68120,8.92862464,3.163100004196167,3.130715847015381,3.1282505989074707
68140,8.93124608,3.1435909271240234,3.1123037338256836,3.1104397773742676
68160,8.93386752,3.1873602867126465,3.1542868614196777,3.152681589126587
68180,8.93648896,3.0686800479888916,3.0345442295074463,3.0350146293640137
68200,8.9391104,3.1627039909362793,3.1323537826538086,3.1285791397094727
68220,8.94173184,3.2051820755004883,3.172797441482544,3.171018600463867
68240,8.94435328,3.166992664337158,3.1280500888824463,3.1302926540374756
68260,8.94697472,3.110001564025879,3.0717883110046387,3.073561191558838
68280,8.94959616,3.1128947734832764,3.0715198516845703,3.070603847503662
68300,8.9522176,3.176274299621582,3.1349501609802246,3.1376407146453857
68320,8.95483904,3.185572624206543,3.1487107276916504,3.146852731704712
68340,8.95746048,3.1995444297790527,3.1656503677368164,3.166473865509033
68360,8.96008192,3.129432201385498,3.0953381061553955,3.0946850776672363
68380,8.96270336,3.180340528488159,3.1478471755981445,3.143388271331787
68400,8.9653248,3.2254562377929688,3.184227228164673,3.1858341693878174
68420,8.96794624,3.185713291168213,3.156088352203369,3.1544370651245117
68440,8.97056768,3.2266039848327637,3.187939167022705,3.186661958694458
68460,8.97318912,3.129080295562744,3.0923080444335938,3.0942468643188477
68480,8.97581056,3.1633968353271484,3.130434036254883,3.133491277694702
68500,8.978432,3.1986637115478516,3.160130023956299,3.163452625274658
68520,8.98105344,3.2146074771881104,3.1802735328674316,3.179962635040283
68540,8.98367488,3.1260788440704346,3.0869879722595215,3.093787670135498
68560,8.98629632,3.215740442276001,3.173424005508423,3.178603172302246
68580,8.98891776,3.191920280456543,3.1588966846466064,3.1592578887939453
68600,8.9915392,3.1801915168762207,3.145468235015869,3.146620273590088
68620,8.99416064,3.1577351093292236,3.127408742904663,3.1213126182556152
68640,8.99678208,3.1705684661865234,3.1403157711029053,3.13322114944458
68660,8.99940352,3.1848080158233643,3.1474483013153076,3.1440329551696777
68680,9.00202496,3.228949546813965,3.191323757171631,3.1870200634002686
68700,9.0046464,3.106654167175293,3.0699100494384766,3.07255482673645
68720,9.00726784,3.209380626678467,3.175992012023926,3.175668716430664
68740,9.00988928,3.159177541732788,3.125892162322998,3.1199374198913574
68760,9.01251072,3.1261613368988037,3.0865156650543213,3.0841102600097656
68780,9.01513216,3.203725576400757,3.1680049896240234,3.165816068649292
68800,9.0177536,3.1930956840515137,3.153535842895508,3.153412103652954
68820,9.02037504,3.093388795852661,3.0536203384399414,3.0536181926727295
68840,9.02299648,3.18361496925354,3.14589262008667,3.1405158042907715
68860,9.02561792,3.1918656826019287,3.1570065021514893,3.1543989181518555
68880,9.02823936,3.1445603370666504,3.1097352504730225,3.107590675354004
68900,9.0308608,3.1785097122192383,3.1487855911254883,3.147042751312256
68920,9.03348224,3.1428143978118896,3.1074814796447754,3.104565382003784
68940,9.03610368,3.181835889816284,3.145529270172119,3.1463794708251953
68960,9.03872512,3.211329221725464,3.177989959716797,3.177302837371826
68980,9.04134656,3.0708365440368652,3.035003662109375,3.032534122467041
69000,9.043968,3.173584222793579,3.139725923538208,3.138941764831543
69020,9.04658944,3.180506706237793,3.1425225734710693,3.14473819732666
69040,9.04921088,3.2205190658569336,3.18923020362854,3.187333822250366
69060,9.05183232,3.136692762374878,3.1055660247802734,3.1023216247558594
69080,9.05445376,3.154630661010742,3.120654821395874,3.1228485107421875
69100,9.0570752,3.181544303894043,3.137106418609619,3.1417887210845947
69120,9.05969664,3.179124593734741,3.1418862342834473,3.1472415924072266
69140,9.06231808,3.2551822662353516,3.2239696979522705,3.220010757446289
69160,9.06493952,3.0935726165771484,3.0561156272888184,3.058047294616699
69180,9.06756096,3.0998010635375977,3.065345287322998,3.065060615539551
69200,9.0701824,3.1698055267333984,3.127717971801758,3.130910873413086
69220,9.07280384,3.1539459228515625,3.115725517272949,3.1161892414093018
69240,9.07542528,3.2005810737609863,3.1567039489746094,3.156998872756958
69260,9.07804672,3.2033348083496094,3.1665024757385254,3.169559955596924
69280,9.08066816,3.1763124465942383,3.1380209922790527,3.1359381675720215
69300,9.0832896,3.1497864723205566,3.112743616104126,3.1090455055236816
69320,9.08591104,3.112905740737915,3.0759048461914062,3.0730810165405273
69340,9.08853248,3.179236650466919,3.143772602081299,3.1396963596343994
69360,9.09115392,3.1570515632629395,3.125462770462036,3.12058424949646
69380,9.09377536,3.114177942276001,3.0750300884246826,3.0755128860473633
69400,9.0963968,3.1191577911376953,3.084305763244629,3.079359769821167
69420,9.09901824,3.1135053634643555,3.079468250274658,3.0755271911621094
69440,9.10163968,3.1443123817443848,3.1092166900634766,3.1056442260742188
69460,9.10426112,3.078984022140503,3.045708179473877,3.0435636043548584
69480,9.10688256,3.2390589714050293,3.205263137817383,3.2048118114471436
69500,9.109504,3.156978130340576,3.1201608180999756,3.116112232208252
69520,9.11212544,3.2163453102111816,3.182919979095459,3.179338216781616
69540,9.11474688,3.2412266731262207,3.208083152770996,3.2088050842285156
69560,9.11736832,3.159327745437622,3.1277589797973633,3.130627155303955
69580,9.11998976,3.172842025756836,3.141261100769043,3.1352713108062744
69600,9.1226112,3.1553096771240234,3.120692729949951,3.120816707611084
69620,9.12523264,3.156662940979004,3.1222739219665527,3.1233744621276855
69640,9.12785408,3.18216609954834,3.1451306343078613,3.1461410522460938
69660,9.13047552,3.1437244415283203,3.110438108444214,3.1101183891296387
69680,9.13309696,3.131351947784424,3.0945682525634766,3.094228744506836
69700,9.1357184,3.173574209213257,3.1417648792266846,3.1369266510009766
69720,9.13833984,3.116196632385254,3.0813965797424316,3.076723098754883
69740,9.14096128,3.1550419330596924,3.122570037841797,3.1167197227478027
69760,9.14358272,3.173832416534424,3.138704776763916,3.1400644779205322
69780,9.14620416,3.1486992835998535,3.1086955070495605,3.1063528060913086
69800,9.1488256,3.1262221336364746,3.0936899185180664,3.089484930038452
69820,9.15144704,3.150463104248047,3.1147055625915527,3.114198923110962
69840,9.15406848,3.202089786529541,3.168799877166748,3.1728038787841797
69860,9.15668992,3.143609046936035,3.1104042530059814,3.1093289852142334
69880,9.15931136,3.1066102981567383,3.0697011947631836,3.0694515705108643
69900,9.1619328,3.1587324142456055,3.1254186630249023,3.1216177940368652
69920,9.16455424,3.124079942703247,3.087719202041626,3.0872349739074707
69940,9.16717568,3.1836042404174805,3.1489133834838867,3.145249605178833
69960,9.16979712,3.1107983589172363,3.0686349868774414,3.071035146713257
69980,9.17241856,3.037341594696045,3.0014841556549072,3.0044102668762207
70000,9.17504,3.1682896614074707,3.1332123279571533,3.1360106468200684
70020,9.17766144,3.1598424911499023,3.122885227203369,3.122706413269043
70040,9.18028288,3.1781373023986816,3.142287492752075,3.1402573585510254
70060,9.18290432,3.2137041091918945,3.183159351348877,3.1800482273101807
70080,9.18552576,3.0908727645874023,3.054741144180298,3.053776264190674
70100,9.1881472,3.137312889099121,3.10158634185791,3.098160743713379
70120,9.19076864,3.1990551948547363,3.161193609237671,3.161344051361084
70140,9.19339008,3.2495651245117188,3.215287685394287,3.211045980453491
70160,9.19601152,3.173386335372925,3.136004686355591,3.1401119232177734
70180,9.19863296,3.1963891983032227,3.1598753929138184,3.1602869033813477
70200,9.2012544,3.136913776397705,3.099027156829834,3.09488582611084
70220,9.20387584,3.1028685569763184,3.0725340843200684,3.072784662246704
70240,9.20649728,3.1584246158599854,3.1186134815216064,3.1190826892852783
70260,9.20911872,3.1960458755493164,3.1540040969848633,3.1523447036743164
70280,9.21174016,3.1126675605773926,3.0785038471221924,3.0761194229125977
70300,9.2143616,3.142533540725708,3.111564874649048,3.103994131088257
70320,9.21698304,3.0835773944854736,3.0458884239196777,3.0480287075042725
70340,9.21960448,3.1110167503356934,3.072066068649292,3.0726771354675293
70360,9.22222592,3.157912254333496,3.1147661209106445,3.1183102130889893
70380,9.22484736,3.150259017944336,3.1093838214874268,3.1075775623321533
70400,9.2274688,3.1511645317077637,3.1131274700164795,3.114347219467163
70420,9.23009024,3.1869609355926514,3.1504297256469727,3.147738218307495
70440,9.23271168,3.245570182800293,3.2056355476379395,3.206484079360962
70460,9.23533312,3.113762855529785,3.0741639137268066,3.0751953125
70480,9.23795456,3.141939163208008,3.1031723022460938,3.101041555404663
70500,9.240576,3.1345720291137695,3.0998759269714355,3.0988404750823975
70520,9.24319744,3.1695597171783447,3.131504535675049,3.128101110458374
70540,9.24581888,3.1303210258483887,3.09901762008667,3.099703788757324
70560,9.24844032,3.1653337478637695,3.1312737464904785,3.131075382232666
70580,9.25106176,3.2137110233306885,3.1753740310668945,3.1769683361053467
70600,9.2536832,3.1686363220214844,3.1332409381866455,3.1303718090057373
70620,9.25630464,3.1952292919158936,3.1617510318756104,3.1624350547790527
70640,9.25892608,3.0676374435424805,3.0353381633758545,3.032848358154297
70660,9.26154752,3.1660776138305664,3.132796287536621,3.1311755180358887
70680,9.26416896,3.2075374126434326,3.172297954559326,3.169534921646118
70700,9.2667904,3.1638100147247314,3.1327500343322754,3.130101203918457
70720,9.26941184,3.1958348751068115,3.1629648208618164,3.1641740798950195
70740,9.27203328,3.2270328998565674,3.194106101989746,3.190248727798462
70760,9.27465472,3.1438252925872803,3.1077871322631836,3.1048412322998047
70780,9.27727616,3.0989041328430176,3.062335968017578,3.056796073913574
70800,9.2798976,3.180608034133911,3.146212339401245,3.1430327892303467
70820,9.28251904,3.206109046936035,3.1699635982513428,3.1712100505828857
70840,9.28514048,3.0973432064056396,3.061558246612549,3.057694435119629
70860,9.28776192,3.0790648460388184,3.0479750633239746,3.045060873031616
70880,9.29038336,3.1428894996643066,3.1059587001800537,3.1077027320861816
70900,9.2930048,3.1304385662078857,3.0951247215270996,3.09041166305542
70920,9.29562624,3.083768844604492,3.0523345470428467,3.0461997985839844
70940,9.29824768,3.1371450424194336,3.103168249130249,3.0995309352874756
70960,9.30086912,3.091840982437134,3.056830883026123,3.0535194873809814
70980,9.30349056,3.1743531227111816,3.13834547996521,3.1303391456604004
71000,9.306112,3.207475185394287,3.1766161918640137,3.1716017723083496
71020,9.30873344,3.1897635459899902,3.155071258544922,3.15427565574646
71040,9.31135488,3.141392946243286,3.1046736240386963,3.1044070720672607
71060,9.31397632,3.1709606647491455,3.1356008052825928,3.131876230239868
71080,9.31659776,3.1486198902130127,3.114445447921753,3.1106629371643066
71100,9.3192192,3.1216535568237305,3.086678981781006,3.0801379680633545
71120,9.32184064,3.1510682106018066,3.111095428466797,3.1146907806396484
71140,9.32446208,3.191812038421631,3.154853105545044,3.154367446899414
71160,9.32708352,3.1227071285247803,3.088925361633301,3.08280086517334
71180,9.32970496,3.178618907928467,3.1447014808654785,3.1433305740356445
71200,9.3323264,3.1711316108703613,3.1339378356933594,3.1332902908325195
71220,9.33494784,3.091444730758667,3.0587379932403564,3.0561861991882324
71240,9.33756928,3.1590046882629395,3.1248373985290527,3.118579626083374
71260,9.34019072,3.1810696125030518,3.1431093215942383,3.147796154022217
71280,9.34281216,3.153104305267334,3.115090847015381,3.1144156455993652
71300,9.3454336,3.15146541595459,3.115920066833496,3.115213394165039
71320,9.34805504,3.1731786727905273,3.1384291648864746,3.133449077606201
71340,9.35067648,3.0728909969329834,3.038555145263672,3.036449909210205
71360,9.35329792,3.195546865463257,3.156665325164795,3.1576390266418457
71380,9.35591936,3.1689555644989014,3.132978677749634,3.1348094940185547
71400,9.3585408,3.060934543609619,3.0213465690612793,3.0204598903656006
71420,9.36116224,3.140988826751709,3.105916976928711,3.103621244430542
71440,9.36378368,3.208651542663574,3.1743416786193848,3.174955129623413
71460,9.36640512,3.1479291915893555,3.1164402961730957,3.1138930320739746
71480,9.36902656,3.1292097568511963,3.0859832763671875,3.0853168964385986
71500,9.371648,3.190498113632202,3.153801441192627,3.151431083679199
71520,9.37426944,3.158644437789917,3.1236817836761475,3.122979164123535
71540,9.37689088,3.242940902709961,3.2113196849823,3.2092087268829346
71560,9.37951232,3.210967540740967,3.1739935874938965,3.1739914417266846
71580,9.38213376,3.165067195892334,3.1299796104431152,3.1344852447509766
71600,9.3847552,3.0886833667755127,3.0499331951141357,3.0491790771484375
71620,9.38737664,3.181558847427368,3.145596981048584,3.14678955078125
71640,9.38999808,3.176292657852173,3.136244773864746,3.136549472808838
71660,9.39261952,3.177372455596924,3.138415575027466,3.1360154151916504
71680,9.39524096,3.1218743324279785,3.084743022918701,3.0827765464782715
71700,9.3978624,3.1214025020599365,3.0842771530151367,3.0833568572998047
71720,9.40048384,3.166672706604004,3.133833646774292,3.131720542907715
71740,9.40310528,3.146071195602417,3.11283802986145,3.107459783554077
71760,9.40572672,3.130484104156494,3.094111442565918,3.096360206604004
71780,9.40834816,3.195685386657715,3.163248300552368,3.161520004272461
71800,9.4109696,3.153301239013672,3.1178505420684814,3.117504119873047
71820,9.41359104,3.119117259979248,3.0833969116210938,3.0834977626800537
71840,9.41621248,3.161426544189453,3.1225218772888184,3.122554302215576
71860,9.41883392,3.145455837249756,3.1129353046417236,3.1076552867889404
71880,9.42145536,3.1838717460632324,3.1433048248291016,3.1443939208984375
71900,9.4240768,3.1520190238952637,3.116581678390503,3.1169135570526123
71920,9.42669824,3.1484639644622803,3.1130971908569336,3.111046075820923
71940,9.42931968,3.1247735023498535,3.0801196098327637,3.081688642501831
71960,9.43194112,3.1137280464172363,3.0697357654571533,3.070188522338867
71980,9.43456256,3.183701515197754,3.1502184867858887,3.1454906463623047
72000,9.437184,3.132070302963257,3.0907914638519287,3.0950324535369873
72020,9.43980544,3.1681180000305176,3.132840871810913,3.137725830078125
72040,9.44242688,3.1694540977478027,3.130955219268799,3.128650188446045
72060,9.44504832,3.170074701309204,3.1379780769348145,3.1344826221466064
72080,9.44766976,3.1410603523254395,3.1024656295776367,3.104597330093384
72100,9.4502912,3.0976390838623047,3.05901837348938,3.0575032234191895
72120,9.45291264,3.189499855041504,3.152893304824829,3.1508636474609375
72140,9.45553408,3.1056785583496094,3.0688974857330322,3.067835807800293
72160,9.45815552,3.147843599319458,3.111788272857666,3.1126654148101807
72180,9.46077696,3.062758684158325,3.0288941860198975,3.0281424522399902
72200,9.4633984,3.1370859146118164,3.103081226348877,3.0973384380340576
72220,9.46601984,3.179849147796631,3.145456075668335,3.141453266143799
72240,9.46864128,3.1766197681427,3.141752243041992,3.1432900428771973
72260,9.47126272,3.075529098510742,3.037855625152588,3.036722183227539
72280,9.47388416,3.1094298362731934,3.069247245788574,3.063666820526123
72300,9.4765056,3.113283395767212,3.077157497406006,3.0746560096740723
72320,9.47912704,3.1137304306030273,3.0756843090057373,3.072345733642578
72340,9.48174848,3.12638521194458,3.090994119644165,3.0882925987243652
72360,9.48436992,3.124364137649536,3.0877223014831543,3.088239908218384
72380,9.48699136,3.105459690093994,3.069734573364258,3.0675718784332275
72400,9.4896128,3.134918689727783,3.0988478660583496,3.09887957572937
72420,9.49223424,3.1390178203582764,3.1066009998321533,3.100790023803711
72440,9.49485568,3.1271469593048096,3.0904488563537598,3.0864861011505127
72460,9.49747712,3.1628918647766113,3.1209588050842285,3.121614933013916
72480,9.50009856,3.1640684604644775,3.1304800510406494,3.127708673477173
72500,9.50272,3.107027530670166,3.0713210105895996,3.0691778659820557
72520,9.50534144,3.181649684906006,3.1490883827209473,3.1463561058044434
72540,9.50796288,3.1161880493164062,3.0819411277770996,3.080717086791992
72560,9.51058432,3.1914002895355225,3.154641628265381,3.150336742401123
72580,9.51320576,3.1185951232910156,3.083164691925049,3.0824975967407227
72600,9.5158272,3.1873745918273926,3.1566224098205566,3.152212142944336
72620,9.51844864,3.103638172149658,3.069594383239746,3.071425676345825
72640,9.52107008,3.1555113792419434,3.1208248138427734,3.1214892864227295
72660,9.52369152,3.1572060585021973,3.1200239658355713,3.118696451187134
72680,9.52631296,3.106882095336914,3.073453426361084,3.0719964504241943
72700,9.5289344,3.145869493484497,3.1062963008880615,3.1104178428649902
72720,9.53155584,3.1580920219421387,3.118912696838379,3.1212401390075684
72740,9.53417728,3.132441520690918,3.0972166061401367,3.0983290672302246
72760,9.53679872,3.20289945602417,3.164464235305786,3.16483211517334
72780,9.53942016,3.0401220321655273,3.004777669906616,3.0040342807769775
72800,9.5420416,3.1791722774505615,3.1428682804107666,3.1437392234802246
72820,9.54466304,3.1504039764404297,3.111093521118164,3.1049327850341797
72840,9.54728448,3.1557369232177734,3.117095947265625,3.1134934425354004
72860,9.54990592,3.1166186332702637,3.08632493019104,3.0834801197052
72880,9.55252736,3.128962278366089,3.09450101852417,3.098804473876953
72900,9.5551488,3.181750774383545,3.1425418853759766,3.141331195831299
72920,9.55777024,3.1522719860076904,3.112093448638916,3.113818645477295
72940,9.56039168,3.1633594036102295,3.1223206520080566,3.1240808963775635
72960,9.56301312,3.153851270675659,3.117691993713379,3.1092638969421387
72980,9.56563456,3.1320512294769287,3.0942885875701904,3.0915324687957764
73000,9.568256,3.146620750427246,3.108632802963257,3.1063969135284424
73020,9.57087744,3.1428627967834473,3.1112172603607178,3.1092357635498047
73040,9.57349888,3.167375087738037,3.134204387664795,3.1314990520477295
73060,9.57612032,3.17600417137146,3.1406750679016113,3.1364905834198
73080,9.57874176,3.084595203399658,3.0421175956726074,3.0438430309295654
73100,9.5813632,3.127213478088379,3.092630386352539,3.086754560470581
73120,9.58398464,3.200690269470215,3.1620755195617676,3.1567304134368896
73140,9.58660608,3.2152204513549805,3.1806650161743164,3.172654151916504
73160,9.58922752,3.1692686080932617,3.1321425437927246,3.128464698791504
73180,9.59184896,3.1407546997070312,3.1034469604492188,3.1001384258270264
73200,9.5944704,3.1725316047668457,3.129364490509033,3.1318764686584473
73220,9.59709184,3.140794277191162,3.0980076789855957,3.103205919265747
73240,9.59971328,3.205019235610962,3.1707494258880615,3.169856548309326
73260,9.60233472,3.12444806098938,3.089618444442749,3.0845601558685303
73280,9.60495616,3.197874069213867,3.1587038040161133,3.1563620567321777
73300,9.6075776,3.1142489910125732,3.080106258392334,3.0733156204223633
73320,9.61019904,3.1110100746154785,3.068185329437256,3.0703279972076416
73340,9.61282048,3.1825289726257324,3.1468403339385986,3.1415250301361084
73360,9.61544192,3.1351444721221924,3.090653896331787,3.093043804168701
73380,9.61806336,3.103703022003174,3.0624349117279053,3.061894416809082
73400,9.6206848,3.2208058834075928,3.1819801330566406,3.1810853481292725
73420,9.62330624,3.198643922805786,3.1650264263153076,3.1619694232940674
73440,9.62592768,3.1962199211120605,3.1634743213653564,3.1610732078552246
73460,9.62854912,3.175426959991455,3.1405298709869385,3.13032865524292
73480,9.63117056,3.1225690841674805,3.0833210945129395,3.077357292175293
73500,9.633792,3.1786413192749023,3.1415674686431885,3.1366794109344482
73520,9.63641344,3.0960898399353027,3.0633039474487305,3.057918071746826
73540,9.63903488,3.1199820041656494,3.0850741863250732,3.0841336250305176
73560,9.64165632,3.0599143505096436,3.0205905437469482,3.012932300567627
73580,9.64427776,3.133574962615967,3.097254753112793,3.094022035598755
73600,9.6468992,3.1804347038269043,3.144009590148926,3.1400814056396484
73620,9.64952064,3.0903897285461426,3.054966449737549,3.0527567863464355
73640,9.65214208,3.152498245239258,3.1161160469055176,3.1109445095062256
73660,9.65476352,3.187866687774658,3.154935121536255,3.1538925170898438
73680,9.65738496,3.1503162384033203,3.1173672676086426,3.112576961517334
73700,9.6600064,3.130845546722412,3.094683885574341,3.0943751335144043
73720,9.66262784,3.094498872756958,3.064669132232666,3.0592293739318848
73740,9.66524928,3.201786518096924,3.161829948425293,3.1633975505828857
73760,9.66787072,3.157700777053833,3.1213536262512207,3.121840476989746
73780,9.67049216,3.1518208980560303,3.11592435836792,3.110718011856079
73800,9.6731136,3.082407236099243,3.048354148864746,3.047001361846924
73820,9.67573504,3.139108657836914,3.1056947708129883,3.107083320617676
73840,9.67835648,3.1955904960632324,3.1602046489715576,3.16048264503479
73860,9.68097792,3.1309549808502197,3.0939342975616455,3.093257188796997
73880,9.68359936,3.167402744293213,3.1327128410339355,3.125173807144165
73900,9.6862208,3.1777477264404297,3.1437954902648926,3.1385903358459473
73920,9.68884224,3.091993808746338,3.0595743656158447,3.0561766624450684
73940,9.69146368,3.141321897506714,3.106438636779785,3.1078553199768066
73960,9.69408512,3.1255171298980713,3.0887553691864014,3.083932399749756
73980,9.69670656,3.1882851123809814,3.1520204544067383,3.148756980895996
74000,9.699328,3.1947181224823,3.1609835624694824,3.1555967330932617
74020,9.70194944,3.1312642097473145,3.0931270122528076,3.0950777530670166
74040,9.70457088,3.1428613662719727,3.104935646057129,3.0976991653442383
74060,9.70719232,3.1276731491088867,3.0936923027038574,3.093010902404785
74080,9.70981376,3.094245195388794,3.0583200454711914,3.0555977821350098
74100,9.7124352,3.1607887744903564,3.1222848892211914,3.1233654022216797
74120,9.71505664,3.1571969985961914,3.122807264328003,3.1192667484283447
74140,9.71767808,3.1019957065582275,3.0663838386535645,3.063480854034424
74160,9.72029952,3.209181308746338,3.1739449501037598,3.1721911430358887
74180,9.72292096,3.1560397148132324,3.119391918182373,3.115917921066284
74200,9.7255424,3.1952266693115234,3.1559383869171143,3.158790111541748
74220,9.72816384,3.1713600158691406,3.1337921619415283,3.1298773288726807
74240,9.73078528,3.1850786209106445,3.1481571197509766,3.1426734924316406
74260,9.73340672,3.2229928970336914,3.183781147003174,3.1849043369293213
74280,9.73602816,3.1303458213806152,3.0933279991149902,3.0930018424987793
74300,9.7386496,3.1302356719970703,3.094228744506836,3.0955348014831543
74320,9.74127104,3.2113945484161377,3.1748721599578857,3.174025297164917
74340,9.74389248,3.055277109146118,3.0204715728759766,3.018157958984375
74360,9.74651392,3.106438159942627,3.0722458362579346,3.06585693359375
74380,9.74913536,3.173896551132202,3.1400961875915527,3.138759136199951
74400,9.7517568,3.226670265197754,3.1889469623565674,3.1857428550720215
74420,9.75437824,3.2012887001037598,3.1678578853607178,3.164369821548462
74440,9.75699968,3.110853910446167,3.0795140266418457,3.078134059906006
74460,9.75962112,3.1449289321899414,3.109471082687378,3.1061415672302246
74480,9.76224256,3.1037492752075195,3.070042133331299,3.0654759407043457
74500,9.764864,3.134002685546875,3.0982251167297363,3.0978035926818848
74520,9.76748544,3.147589683532715,3.111325263977051,3.1096038818359375
74540,9.77010688,3.0733184814453125,3.038078546524048,3.032742977142334
74560,9.77272832,3.247358798980713,3.2110068798065186,3.210599422454834
74580,9.77534976,3.193605899810791,3.157017230987549,3.158292770385742
74600,9.7779712,3.1741347312927246,3.1399354934692383,3.1363768577575684
74620,9.78059264,3.1649856567382812,3.1260929107666016,3.1255228519439697
74640,9.78321408,3.2777762413024902,3.2447328567504883,3.243340015411377
74660,9.78583552,3.17173433303833,3.1331658363342285,3.133497953414917
74680,9.78845696,3.1847848892211914,3.1466121673583984,3.148862600326538
74700,9.7910784,3.1744589805603027,3.1346840858459473,3.1351327896118164
74720,9.79369984,3.1222212314605713,3.0816354751586914,3.0779905319213867
74740,9.79632128,3.211437940597534,3.1745076179504395,3.1758053302764893
74760,9.79894272,3.1290531158447266,3.0930299758911133,3.0870766639709473
74780,9.80156416,3.2258384227752686,3.1830296516418457,3.185087203979492
74800,9.8041856,3.1249494552612305,3.0885732173919678,3.087984561920166
74820,9.80680704,3.1602373123168945,3.122018814086914,3.116985321044922
74840,9.80942848,3.1541523933410645,3.1125855445861816,3.113126277923584
74860,9.81204992,3.1978368759155273,3.152878522872925,3.151090145111084
74880,9.81467136,3.1151695251464844,3.0820460319519043,3.080064058303833
74900,9.8172928,3.1802666187286377,3.148437976837158,3.1481690406799316
74920,9.81991424,3.1503069400787354,3.1101298332214355,3.1125779151916504
74940,9.82253568,3.173583984375,3.1408262252807617,3.14190673828125
74960,9.82515712,3.141077995300293,3.102370262145996,3.1025874614715576
74980,9.82777856,3.0573678016662598,3.0190253257751465,3.0141448974609375
75000,9.8304,3.1088106632232666,3.0780444145202637,3.0739173889160156
75020,9.83302144,3.1600050926208496,3.1191723346710205,3.121307611465454
75040,9.83564288,3.1474852561950684,3.1120805740356445,3.1100759506225586
75060,9.83826432,3.1699817180633545,3.134023427963257,3.13360857963562
75080,9.84088576,3.179567575454712,3.1409764289855957,3.138118267059326
75100,9.8435072,3.19810152053833,3.1625728607177734,3.1602373123168945
75120,9.84612864,3.248417377471924,3.2090418338775635,3.2118568420410156
75140,9.84875008,3.1810076236724854,3.140772581100464,3.1424155235290527
75160,9.85137152,3.1743032932281494,3.14072847366333,3.1368067264556885
75180,9.85399296,3.1885781288146973,3.1528921127319336,3.145869493484497
75200,9.8566144,3.196758508682251,3.1604480743408203,3.159954309463501
75220,9.85923584,3.1363396644592285,3.1055145263671875,3.103790760040283
75240,9.86185728,3.1820006370544434,3.142760753631592,3.1436243057250977
75260,9.86447872,3.2133219242095947,3.17942214012146,3.1734113693237305
75280,9.86710016,3.1564316749572754,3.1210811138153076,3.120666027069092
75300,9.8697216,3.104323387145996,3.0682034492492676,3.0643012523651123
75320,9.87234304,3.1791160106658936,3.1440258026123047,3.1395187377929688
75340,9.87496448,3.1316933631896973,3.099173069000244,3.093876600265503
75360,9.87758592,3.160224437713623,3.125420570373535,3.120490550994873
75380,9.88020736,3.1690759658813477,3.1305525302886963,3.129333734512329
75400,9.8828288,3.1924571990966797,3.15657377243042,3.154996156692505
75420,9.88545024,3.1541619300842285,3.116683006286621,3.116391181945801
75440,9.88807168,3.1418862342834473,3.1048498153686523,3.107438087463379
75460,9.89069312,3.110119581222534,3.07415771484375,3.078620433807373
75480,9.89331456,3.1665613651275635,3.131007194519043,3.131722927093506
75500,9.895936,3.1360063552856445,3.100179433822632,3.0980587005615234
75520,9.89855744,3.117280960083008,3.085191011428833,3.0833826065063477
75540,9.90117888,3.1404857635498047,3.1073293685913086,3.1013715267181396
75560,9.90380032,3.146980047225952,3.1135663986206055,3.11151385307312
75580,9.90642176,3.182854413986206,3.1521482467651367,3.1445934772491455
75600,9.9090432,3.1940059661865234,3.1614151000976562,3.156757116317749
75620,9.91166464,3.177438259124756,3.1390650272369385,3.1417269706726074
75640,9.91428608,3.137547492980957,3.1032180786132812,3.1021876335144043
75660,9.91690752,3.1749448776245117,3.143261432647705,3.1387100219726562
75680,9.91952896,3.1999974250793457,3.164649486541748,3.1633262634277344
75700,9.9221504,3.164839267730713,3.1272168159484863,3.1261754035949707
75720,9.92477184,3.083570718765259,3.0462207794189453,3.042785167694092
75740,9.92739328,3.0998752117156982,3.064448356628418,3.0623927116394043
75760,9.93001472,3.2257630825042725,3.194817066192627,3.1900880336761475
75780,9.93263616,3.1815083026885986,3.146104335784912,3.1409316062927246
75800,9.9352576,3.121795415878296,3.082718849182129,3.075979471206665
75820,9.93787904,3.1656997203826904,3.130373001098633,3.122767448425293
75840,9.94050048,3.228830337524414,3.2000911235809326,3.199950695037842
75860,9.94312192,3.225052833557129,3.187145471572876,3.189263343811035
75880,9.94574336,3.109288215637207,3.0754647254943848,3.0688986778259277
75900,9.9483648,3.1968979835510254,3.157499313354492,3.1521682739257812
75920,9.95098624,3.168422222137451,3.129687786102295,3.1289710998535156
75940,9.95360768,3.119124412536621,3.0828921794891357,3.0807998180389404
75960,9.95622912,3.140833854675293,3.1070773601531982,3.1049811840057373
75980,9.95885056,3.1449785232543945,3.1152524948120117,3.111269235610962
76000,9.961472,3.1975555419921875,3.1574103832244873,3.1561927795410156
76020,9.96409344,3.2260262966156006,3.1870174407958984,3.1883301734924316
76040,9.96671488,3.170973777770996,3.1334660053253174,3.1308064460754395
76060,9.96933632,3.132538318634033,3.0962729454040527,3.0954067707061768
76080,9.97195776,3.1158299446105957,3.0755608081817627,3.077627658843994
76100,9.9745792,3.230093002319336,3.189596176147461,3.183711528778076
76120,9.97720064,3.232330799102783,3.1971561908721924,3.195014715194702
76140,9.97982208,3.196038007736206,3.1647863388061523,3.159576416015625
76160,9.98244352,3.151824474334717,3.11517333984375,3.1133742332458496
76180,9.98506496,3.168910503387451,3.131065845489502,3.1261942386627197
76200,9.9876864,3.2009005546569824,3.1673943996429443,3.164703607559204
76220,9.99030784,3.1050140857696533,3.069795608520508,3.064145565032959
76240,9.99292928,3.1969659328460693,3.163153648376465,3.1606547832489014
76260,9.99555072,3.1757121086120605,3.1394476890563965,3.136807441711426
76280,9.99817216,3.1971170902252197,3.1571269035339355,3.1589832305908203
